budget,original_language,popularity,runtime,status,vote_average,vote_count,release_year,profit_level,Action,Adventure,Animation,Comedy,Crime,Documentary,Drama,Family,Fantasy,Foreign,History,Horror,Music,Mystery,Romance,Science Fiction,TV Movie,Thriller,War,Western,total_directed
237000000.0,en,150.437577,162.0,Released,7.2,11800,2009,3,1,1,0,0,0,0,0,0,1,0,0,0,0,0,0,1,0,0,0,0,7.0
300000000.0,en,139.082615,169.0,Released,6.9,4500,2007,3,1,1,0,0,0,0,0,0,1,0,0,0,0,0,0,0,0,0,0,0,7.0
245000000.0,en,107.376788,148.0,Released,6.3,4466,2015,3,1,1,0,0,1,0,0,0,0,0,0,0,0,0,0,0,0,0,0,0,7.0
250000000.0,en,112.31295,165.0,Released,7.6,9106,2012,3,1,0,0,0,1,0,1,0,0,0,0,0,0,0,0,0,0,1,0,0,8.0
260000000.0,en,43.926995,132.0,Released,6.1,2124,2012,2,1,1,0,0,0,0,0,0,0,0,0,0,0,0,0,1,0,0,0,0,4.0
258000000.0,en,115.699814,139.0,Released,5.9,3576,2007,3,1,1,0,0,0,0,0,0,1,0,0,0,0,0,0,0,0,0,0,0,11.0
260000000.0,en,48.681969,100.0,Released,7.4,3330,2010,3,0,0,1,0,0,0,0,1,0,0,0,0,0,0,0,0,0,0,0,0,1.5
280000000.0,en,134.279229,141.0,Released,7.3,6767,2015,3,1,1,0,0,0,0,0,0,0,0,0,0,0,0,0,1,0,0,0,0,3.0
250000000.0,en,98.885637,153.0,Released,7.4,5293,2009,3,0,1,0,0,0,0,0,1,1,0,0,0,0,0,0,0,0,0,0,0,3.0
250000000.0,en,155.790452,151.0,Released,5.7,7004,2016,3,1,1,0,0,0,0,0,0,1,0,0,0,0,0,0,0,0,0,0,0,7.0
270000000.0,en,57.925623,154.0,Released,5.4,1400,2006,2,1,1,0,0,0,0,0,0,1,0,0,0,0,0,0,1,0,0,0,0,8.0
200000000.0,en,107.928811,106.0,Released,6.1,2965,2008,3,1,1,0,0,1,0,0,0,0,0,0,0,0,0,0,0,0,1,0,0,8.0
200000000.0,en,145.847379,151.0,Released,7.0,5246,2006,3,1,1,0,0,0,0,0,0,1,0,0,0,0,0,0,0,0,0,0,0,7.0
255000000.0,en,49.046956,149.0,Released,5.9,2311,2013,1,1,1,0,0,0,0,0,0,0,0,0,0,0,0,0,0,0,0,0,1,7.0
225000000.0,en,99.398009,143.0,Released,6.5,6359,2013,3,1,1,0,0,0,0,0,0,1,0,0,0,0,0,0,1,0,0,0,0,7.0
225000000.0,en,53.978602,150.0,Released,6.3,1630,2008,3,0,1,0,0,0,0,0,1,1,0,0,0,0,0,0,0,0,0,0,0,5.0
220000000.0,en,144.448633,143.0,Released,7.4,11776,2012,3,1,1,0,0,0,0,0,0,0,0,0,0,0,0,0,1,0,0,0,0,3.0
380000000.0,en,135.413856,136.0,Released,6.4,4948,2011,3,1,1,0,0,0,0,0,0,1,0,0,0,0,0,0,0,0,0,0,0,5.0
225000000.0,en,52.035179,106.0,Released,6.2,4160,2012,3,1,0,0,1,0,0,0,0,0,0,0,0,0,0,0,1,0,0,0,0,7.0
250000000.0,en,120.965743,144.0,Released,7.1,4760,2014,3,1,1,0,0,0,0,0,0,1,0,0,0,0,0,0,0,0,0,0,0,9.0
215000000.0,en,89.866276,136.0,Released,6.5,6586,2012,3,1,1,0,0,0,0,0,0,1,0,0,0,0,0,0,0,0,0,0,0,3.0
200000000.0,en,37.668301,140.0,Released,6.2,1398,2010,2,1,1,0,0,0,0,0,0,0,0,0,0,0,0,0,0,0,0,0,0,16.0
250000000.0,en,94.370564,161.0,Released,7.6,4524,2013,3,0,1,0,0,0,0,0,0,1,0,0,0,0,0,0,0,0,0,0,0,9.0
180000000.0,en,42.990906,113.0,Released,5.8,1303,2007,3,0,1,0,0,0,0,0,0,1,0,0,0,0,0,0,0,0,0,0,0,6.0
207000000.0,en,61.22601,187.0,Released,6.6,2337,2005,3,1,1,0,0,0,0,1,0,0,0,0,0,0,0,0,0,0,0,0,0,9.0
200000000.0,en,100.025899,194.0,Released,7.5,7562,1997,3,0,0,0,0,0,0,1,0,0,0,0,0,0,0,1,0,0,1,0,0,7.0
250000000.0,en,198.372395,147.0,Released,7.1,7241,2016,3,1,1,0,0,0,0,0,0,0,0,0,0,0,0,0,1,0,0,0,0,4.0
209000000.0,en,64.928382,131.0,Released,5.5,2114,2012,2,1,1,0,0,0,0,0,0,0,0,0,0,0,0,0,1,0,1,0,0,6.0
150000000.0,en,418.708552,124.0,Released,6.5,8662,2015,3,1,1,0,0,0,0,0,0,0,0,0,0,0,0,0,1,0,1,0,0,2.0
200000000.0,en,93.004993,143.0,Released,6.9,7604,2012,3,1,1,0,0,0,0,0,0,0,0,0,0,0,0,0,0,0,1,0,0,7.0
200000000.0,en,35.149586,127.0,Released,6.7,4321,2004,3,1,1,0,0,0,0,0,0,1,0,0,0,0,0,0,0,0,0,0,0,11.0
200000000.0,en,77.68208,130.0,Released,6.8,8806,2013,3,1,1,0,0,0,0,0,0,0,0,0,0,0,0,0,1,0,0,0,0,2.0
200000000.0,en,78.530105,108.0,Released,6.4,4645,2010,3,0,1,0,0,0,0,0,1,1,0,0,0,0,0,0,0,0,0,0,0,14.0
210000000.0,en,3.857526,104.0,Released,6.3,3525,2006,3,1,1,0,0,0,0,0,0,0,0,0,0,0,0,0,1,0,1,0,0,10.0
200000000.0,en,89.186492,104.0,Released,7.0,3528,2013,3,0,0,1,0,0,0,0,1,0,0,0,0,0,0,0,0,0,0,0,0,1.0
150000000.0,en,21.939663,150.0,Released,6.0,3138,2009,3,1,1,0,0,0,0,0,0,0,0,0,0,0,0,0,1,0,0,0,0,12.0
210000000.0,en,116.840296,165.0,Released,5.8,3095,2014,3,1,1,0,0,0,0,0,0,0,0,0,0,0,0,0,1,0,0,0,0,12.0
200000000.0,en,46.985445,130.0,Released,5.7,3530,2013,3,0,1,0,0,0,0,0,1,1,0,0,0,0,0,0,0,0,0,0,0,11.0
200000000.0,en,89.270217,142.0,Released,6.5,4179,2014,3,1,1,0,0,0,0,0,0,1,0,0,0,0,0,0,0,0,0,0,0,3.0
170000000.0,en,73.79505,125.0,Released,6.3,2841,2010,3,1,1,0,0,0,0,0,0,0,0,0,0,0,0,0,1,0,0,0,0,2.0
200000000.0,en,49.98659,106.0,Released,5.8,2033,2011,3,0,1,1,1,0,0,0,1,0,0,0,0,0,0,0,0,0,0,0,0,3.0
200000000.0,en,51.872839,114.0,Released,5.1,2487,2011,2,1,1,0,0,0,0,0,0,0,0,0,0,0,0,0,1,0,1,0,0,8.0
200000000.0,en,59.995418,103.0,Released,7.6,4597,2010,3,0,0,1,1,0,0,0,1,0,0,0,0,0,0,0,0,0,0,0,0,1.0
200000000.0,en,71.862892,115.0,Released,5.9,2463,2009,3,1,0,0,0,0,0,0,0,0,0,0,0,0,0,0,1,0,1,0,0,6.0
190000000.0,en,102.322217,137.0,Released,7.3,4176,2015,3,1,0,0,0,0,0,0,0,0,0,0,0,0,0,0,0,0,0,0,0,7.0
200000000.0,en,81.834855,116.0,Released,6.7,5560,2013,3,1,0,0,0,0,0,1,0,0,0,0,1,0,0,0,1,0,1,0,0,8.0
250000000.0,en,118.078691,131.0,Released,7.5,6032,2014,3,1,1,0,0,0,0,0,0,1,0,0,0,0,0,0,1,0,0,0,0,8.0
190000000.0,en,78.291018,132.0,Released,7.4,4418,2013,3,1,1,0,0,0,0,0,0,0,0,0,0,0,0,0,1,0,0,0,0,4.0
195000000.0,en,43.349855,114.0,Released,5.5,2598,2013,2,1,0,0,0,0,0,0,1,1,0,0,0,0,0,0,0,0,0,0,0,8.0
105000000.0,en,61.196071,143.0,Released,7.3,3769,2013,3,0,0,0,0,0,0,1,0,0,0,0,0,0,0,1,0,0,0,0,0,4.0
150000000.0,en,62.169881,116.0,Released,6.2,2317,2010,3,1,1,0,0,0,0,0,0,1,0,0,0,0,0,1,0,0,0,0,0,7.0
180000000.0,en,56.523205,131.0,Released,6.7,4794,2013,3,1,1,0,0,0,0,0,0,0,0,0,0,0,0,0,1,0,0,0,0,5.0
195000000.0,en,28.529607,154.0,Released,6.1,3299,2011,3,1,1,0,0,0,0,0,0,0,0,0,0,0,0,0,1,0,0,0,0,12.0
185000000.0,en,75.674458,122.0,Released,5.7,2495,2008,3,1,1,0,0,0,0,0,0,0,0,0,0,0,0,0,0,0,0,0,0,27.0
175000000.0,en,51.692953,93.0,Released,6.6,1736,2015,3,0,1,1,0,0,0,0,1,0,0,0,0,0,0,0,0,0,0,0,0,1.0
185000000.0,en,125.114374,93.0,Released,6.7,4641,2012,3,1,1,1,1,0,0,0,1,1,0,0,0,0,0,0,0,0,0,0,0,1.3333333333333333
185000000.0,en,65.352913,122.0,Released,6.6,2568,2016,3,1,1,0,0,0,0,0,0,0,0,0,0,0,0,0,1,0,0,0,0,5.0
180000000.0,en,66.390712,98.0,Released,7.8,6296,2008,3,0,0,1,0,0,0,0,1,0,0,0,0,0,0,0,0,0,0,0,0,4.0
140000000.0,en,22.57178,91.0,Released,6.1,783,2007,3,1,0,0,1,1,0,0,0,0,0,0,0,0,0,0,0,0,1,0,0,10.0
200000000.0,en,45.274225,158.0,Released,5.6,4903,2009,3,1,1,0,0,0,0,0,0,0,0,0,0,0,0,0,1,0,0,0,0,8.0
200000000.0,en,39.744242,96.0,Released,6.6,1095,2009,3,0,0,1,0,0,0,1,0,0,0,0,0,0,0,0,0,0,0,0,0,13.0
176000003.0,en,85.36908,124.0,Released,5.2,2768,2015,2,1,1,0,0,0,0,0,0,1,0,0,0,0,0,0,1,0,0,0,0,7.0
180000000.0,en,42.741719,109.0,Released,5.5,2430,2016,3,1,1,0,0,0,0,0,0,0,0,0,0,0,0,0,0,0,0,0,0,3.0
180000000.0,en,67.391328,143.0,Released,6.7,2629,2005,3,0,1,0,0,0,0,0,1,1,0,0,0,0,0,0,0,0,0,0,0,5.0
178000000.0,en,139.272042,144.0,Released,6.4,4721,2016,3,0,0,0,0,0,0,0,0,0,0,0,0,0,0,0,1,0,0,0,0,8.0
185000000.0,en,187.322927,152.0,Released,8.2,12002,2008,3,1,0,0,0,1,0,1,0,0,0,0,0,0,0,0,0,0,1,0,0,8.0
175000000.0,en,92.201962,96.0,Released,7.7,6870,2009,3,0,1,1,1,0,0,0,1,0,0,0,0,0,0,0,0,0,0,0,0,3.0
175000000.0,en,36.167578,94.0,Released,6.0,1423,2009,3,0,1,1,0,0,0,0,1,0,0,0,0,0,0,0,1,0,0,0,0,4.0
140000000.0,en,120.725053,126.0,Released,7.4,8776,2008,3,1,1,0,0,0,0,0,0,0,0,0,0,0,0,0,1,0,0,0,0,6.0
170000000.0,en,32.319043,126.0,Released,7.0,2141,2011,2,0,1,0,0,0,0,1,1,0,0,0,0,0,0,0,0,0,0,0,0,21.0
170000000.0,en,40.748915,106.0,Released,5.1,1020,1999,2,1,1,0,1,0,0,0,0,0,0,0,0,0,0,0,1,0,0,0,1,7.0
145000000.0,en,60.034162,112.0,Released,5.2,1387,2008,3,1,1,0,0,0,0,0,0,1,0,0,0,0,0,0,0,0,0,0,0,9.0
175000000.0,en,90.23792,123.0,Released,5.9,7458,2016,3,1,1,0,0,1,0,0,0,1,0,0,0,0,0,0,1,0,0,0,0,6.0
175000000.0,en,27.082182,96.0,Released,5.3,1151,2007,1,0,0,0,1,0,0,0,1,1,0,0,0,0,0,0,0,0,0,0,0,7.0
178000000.0,en,79.456485,113.0,Released,7.6,4858,2014,3,1,0,0,0,0,0,0,0,0,0,0,0,0,0,0,1,0,0,0,0,7.0
175000000.0,en,44.640292,135.0,Released,5.9,992,1995,2,1,1,0,0,0,0,0,0,0,0,0,0,0,0,0,0,0,0,0,0,5.0
175000000.0,en,32.852443,118.0,Released,5.6,1962,2009,3,1,1,0,0,0,0,0,0,0,0,0,0,0,0,0,1,0,1,0,0,4.0
175000000.0,en,128.655964,94.0,Released,8.0,6560,2015,3,0,0,1,1,0,0,1,1,0,0,0,0,0,0,0,0,0,0,0,0,3.0
175000000.0,en,94.199316,106.0,Released,6.7,2892,2016,3,0,1,0,0,0,0,1,1,1,0,0,0,0,0,0,0,0,0,0,0,6.0
200000000.0,en,77.300194,124.0,Released,6.6,6849,2010,3,1,1,0,0,0,0,0,0,0,0,0,0,0,0,0,1,0,0,0,0,6.0
170000000.0,en,77.178973,127.0,Released,5.8,3118,2012,3,0,1,0,0,0,0,1,0,1,0,0,0,0,0,0,0,0,0,0,0,1.0
180000000.0,en,110.620647,97.0,Released,7.0,4496,2014,3,1,1,0,0,0,0,0,1,1,0,0,0,0,0,1,0,0,0,0,0,1.0
170000000.0,en,243.791743,130.0,Released,7.3,4410,2014,3,1,0,0,0,0,0,1,0,0,0,0,0,0,0,0,1,0,1,0,0,4.0
27000000.0,en,2.418535,109.0,Released,4.8,34,2015,3,1,1,0,0,0,0,0,0,0,0,0,0,0,0,1,1,0,0,0,0,3.0
175000000.0,en,41.796339,119.0,Released,5.9,1326,2013,1,1,1,0,0,0,0,1,0,1,0,0,0,0,0,0,0,0,0,0,0,1.0
170000000.0,en,72.225265,136.0,Released,7.6,5764,2014,3,1,1,0,0,0,0,0,0,0,0,0,0,0,0,0,1,0,0,0,0,4.0
165000000.0,en,44.041186,93.0,Released,6.0,1959,2010,3,0,1,1,1,0,0,0,1,1,0,0,0,0,0,0,0,0,0,0,0,4.0
190000000.0,en,130.311355,130.0,Released,6.2,2846,2015,2,0,1,0,0,0,0,0,1,0,0,0,0,0,1,0,1,0,0,0,0,5.0
165000000.0,en,203.73459,102.0,Released,7.8,6135,2014,3,1,1,1,1,0,0,0,1,0,0,0,0,0,0,0,0,0,0,0,0,2.0
165000000.0,en,62.341073,108.0,Released,7.1,4570,2012,3,0,1,1,1,0,0,0,1,0,0,0,0,0,0,0,0,0,0,0,0,1.0
165000000.0,en,47.323228,100.0,Released,6.4,1474,2004,3,0,1,1,0,0,0,0,1,1,0,0,0,0,0,0,0,0,0,0,0,13.0
165000000.0,en,48.775723,120.0,Released,4.9,2491,2016,3,1,1,0,0,0,0,0,0,0,0,0,0,0,0,0,1,0,0,0,0,8.0
165000000.0,en,67.263269,98.0,Released,7.5,4227,2010,3,0,1,1,0,0,0,0,1,1,0,0,0,0,0,0,0,0,0,0,0,3.0
200000000.0,en,69.405188,109.0,Released,5.9,2143,2003,3,1,0,0,0,0,0,0,0,0,0,0,0,0,0,0,1,0,1,0,0,4.0
170000000.0,en,481.098624,121.0,Released,7.9,9742,2014,3,1,1,0,0,0,0,0,0,0,0,0,0,0,0,0,1,0,0,0,0,4.0
165000000.0,en,724.247784,169.0,Released,8.1,10867,2014,3,0,1,0,0,0,0,1,0,0,0,0,0,0,0,0,1,0,0,0,0,8.0
160000000.0,en,167.58371,148.0,Released,8.1,13752,2010,3,1,1,0,0,0,0,0,0,0,0,0,0,0,1,0,1,0,1,0,0,8.0
15000000.0,ja,9.476999,120.0,Released,6.5,143,2016,3,1,1,0,0,0,0,1,0,0,0,0,1,0,0,0,1,0,0,0,0,1.0
250000000.0,en,108.849621,169.0,Released,7.0,8297,2012,3,1,1,0,0,0,0,0,0,1,0,0,0,0,0,0,0,0,0,0,0,9.0
38000000.0,en,6.909942,106.0,Released,6.6,3428,2001,3,1,0,0,0,1,0,0,0,0,0,0,0,0,0,0,0,0,1,0,0,9.0
150000000.0,en,60.269279,166.0,Released,7.3,3292,2008,3,0,0,0,0,0,0,1,0,1,0,0,0,0,1,1,0,0,1,0,0,10.0
160000000.0,en,3.195174,132.0,Released,7.1,5181,2011,3,1,1,0,0,0,0,0,0,0,0,0,0,0,0,0,1,0,0,0,0,4.0
160000000.0,en,127.284427,137.0,Released,6.6,3984,2015,3,1,1,0,0,0,0,0,0,0,0,0,0,0,0,0,1,0,0,0,0,5.0
150000000.0,en,35.580815,109.0,Released,5.8,1470,2010,2,1,1,0,1,0,0,1,0,1,0,0,0,0,0,0,0,0,0,0,0,7.0
160000000.0,en,21.133748,99.0,Released,5.5,583,2006,2,1,1,0,0,0,0,1,0,0,0,0,0,0,0,0,0,0,1,0,0,7.0
170000000.0,en,56.268916,113.0,Released,6.5,1725,2016,3,0,0,0,0,0,0,0,0,1,0,0,0,0,0,0,0,0,0,0,0,3.0
160000000.0,en,42.986467,93.0,Released,6.0,2278,2007,3,0,1,1,1,0,0,0,1,1,0,0,0,0,0,0,0,0,0,0,0,1.5
160000000.0,en,63.148529,123.0,Released,6.3,2268,2016,3,1,1,0,0,0,0,0,0,1,0,0,0,0,0,0,0,0,0,0,0,3.0
155000000.0,en,202.042635,126.0,Released,5.8,3631,2015,3,1,1,0,0,0,0,0,0,0,0,0,0,0,0,0,1,0,1,0,0,2.0
155000000.0,en,49.661984,113.0,Released,6.2,1514,2010,3,0,1,0,0,0,0,0,1,1,0,0,0,0,0,0,0,0,0,0,0,6.0
140000000.0,en,34.20669,183.0,Released,6.6,1791,2001,3,0,0,0,0,0,0,0,0,0,0,1,0,0,0,1,0,0,0,1,0,12.0
150000000.0,en,25.468493,144.0,Released,6.6,4040,2007,3,1,1,0,0,0,0,0,0,0,0,0,0,0,0,0,1,0,0,0,0,12.0
155000000.0,en,39.019229,175.0,Released,5.6,927,2004,2,1,1,0,0,0,0,1,0,0,0,1,0,0,0,1,0,0,0,1,0,14.0
150000000.0,en,78.144395,138.0,Released,7.4,5494,2007,3,0,1,0,0,0,0,0,1,1,0,0,0,0,1,0,0,0,0,0,0,3.0
150000000.0,en,101.250416,157.0,Released,7.5,5608,2005,3,0,1,0,0,0,0,0,1,1,0,0,0,0,0,0,0,0,0,0,0,7.0
150000000.0,en,56.758411,92.0,Released,6.2,2961,2008,3,1,0,0,0,0,0,0,0,1,0,0,0,0,0,0,0,0,0,0,0,6.0
150000000.0,en,70.867401,101.0,Released,6.9,4853,2007,3,1,0,0,0,0,0,1,0,0,0,0,1,0,0,0,1,0,1,0,0,5.0
150000000.0,en,53.905592,115.0,Released,6.7,3624,2005,3,0,1,0,1,0,0,0,1,1,0,0,0,0,0,0,0,0,0,0,0,14.0
150000000.0,en,65.677399,111.0,Released,7.5,4369,2007,3,0,0,1,1,0,0,0,1,1,0,0,0,0,0,0,0,0,0,0,0,3.0
150000000.0,en,115.040024,140.0,Released,7.5,7359,2005,3,1,0,0,0,1,0,1,0,0,0,0,0,0,0,0,0,0,0,0,0,8.0
150000000.0,en,44.141021,89.0,Released,6.2,1810,2008,3,0,0,1,0,0,0,0,1,0,0,0,0,0,0,0,0,0,0,0,0,4.5
150000000.0,en,81.781591,105.0,Released,5.9,1971,2009,3,1,1,0,1,0,0,0,1,1,0,0,0,0,0,0,0,0,0,0,0,11.0
150000000.0,en,5.954334,107.0,Released,6.2,4021,2009,3,1,1,0,0,0,0,0,0,0,0,0,0,0,0,0,1,0,1,0,0,4.0
150000000.0,en,73.313918,129.0,Released,6.4,3096,2003,3,1,1,0,0,0,0,0,0,0,0,0,0,0,0,0,1,0,1,0,0,7.0
150000000.0,en,165.125366,102.0,Released,7.3,5295,2013,3,0,1,1,0,0,0,0,1,0,0,0,0,0,0,0,0,0,0,0,0,1.5
150000000.0,en,70.78591,138.0,Released,6.7,3443,2003,3,1,1,0,0,0,0,0,0,0,0,0,0,0,0,0,1,0,1,0,0,7.0
170000000.0,en,99.499595,112.0,Released,6.8,4755,2013,3,1,1,0,0,0,0,0,0,1,0,0,0,0,0,0,0,0,0,0,0,2.0
150000000.0,en,434.278564,120.0,Released,7.2,9427,2015,3,1,1,0,0,0,0,0,0,0,0,0,0,0,0,0,1,0,1,0,0,8.0
150000000.0,en,67.447636,138.0,Released,6.5,2129,2009,3,0,0,0,0,0,0,0,0,0,0,0,0,0,1,0,0,0,1,0,0,13.0
150000000.0,en,86.493424,115.0,Released,6.6,6525,2011,3,1,1,0,0,0,0,0,0,1,0,0,0,0,0,0,0,0,0,0,0,7.0
150000000.0,en,41.845878,98.0,Released,6.3,1750,2008,3,0,1,1,1,0,0,0,1,0,0,0,0,0,0,0,0,0,0,0,0,2.0
150000000.0,en,26.710398,88.0,Released,5.1,510,2009,3,1,1,0,1,0,0,0,1,1,0,0,0,0,0,0,0,0,0,0,0,1.0
150000000.0,en,44.927635,99.0,Released,5.5,1431,2012,3,0,1,0,0,0,0,0,0,0,0,0,0,0,0,0,0,0,0,0,0,5.0
150000000.0,en,50.306728,113.0,Released,5.7,2320,2012,3,0,0,0,1,0,0,0,0,1,0,0,0,0,0,0,0,0,0,0,0,14.0
150000000.0,en,114.522237,131.0,Released,7.1,3224,2015,3,1,1,0,0,0,0,0,0,0,0,0,0,0,0,0,0,0,1,0,0,3.0
150000000.0,en,21.214571,102.0,Released,5.5,549,2010,1,0,0,0,0,0,0,1,0,0,0,0,1,0,0,0,0,0,1,0,0,4.0
150000000.0,en,29.332905,91.0,Released,5.7,1171,2007,3,0,1,1,1,0,0,0,1,0,0,0,0,0,0,0,0,0,0,0,0,2.0
150000000.0,en,51.247321,91.0,Released,6.7,1880,2011,3,0,0,1,0,0,0,0,1,0,0,0,0,0,0,0,0,0,0,0,0,2.0
150000000.0,en,33.769336,103.0,Released,4.7,1151,2010,3,1,1,0,0,0,0,0,1,1,0,0,0,0,0,0,0,0,0,0,0,9.0
150000000.0,en,63.079003,126.0,Released,6.5,2028,2006,3,1,1,0,0,0,0,0,0,0,0,0,0,0,0,0,0,0,1,0,0,4.0
150000000.0,en,39.004588,131.0,Released,6.4,1891,2013,2,1,0,0,0,0,0,1,0,0,0,0,0,0,0,0,0,0,1,0,0,8.0
150000000.0,en,12.362599,88.0,Released,5.5,199,2011,1,0,1,1,0,0,0,0,1,0,0,0,0,0,0,0,0,0,0,0,0,3.0
149000000.0,en,22.550135,85.0,Released,6.0,874,2006,1,0,1,1,1,0,0,0,1,0,0,0,0,0,0,0,0,0,0,0,0,3.5
150000000.0,en,48.03528,111.0,Released,5.9,954,2015,1,0,1,0,0,0,0,0,1,1,0,0,0,0,0,0,0,0,0,0,0,6.0
145000000.0,en,38.73494,92.0,Released,6.7,843,2014,3,0,1,1,0,0,0,0,1,0,0,0,0,0,0,0,0,0,0,0,0,6.0
175000000.0,en,66.803149,163.0,Released,6.9,2759,2004,3,0,1,0,0,0,0,1,0,0,0,0,0,0,0,0,0,0,0,1,0,7.0
145000000.0,en,44.989192,93.0,Released,6.4,1808,2012,3,0,0,1,0,0,0,0,1,0,0,0,0,0,0,0,0,0,0,0,0,4.333333333333333
140000000.0,en,54.159392,133.0,Released,5.8,1092,2002,3,1,1,0,0,0,0,0,0,0,0,0,0,0,0,0,0,0,1,0,0,5.0
144000000.0,en,66.21806,116.0,Released,5.3,2142,2016,2,1,0,0,1,0,0,0,0,1,0,0,0,0,0,0,0,0,0,0,0,4.0
140000000.0,en,58.485967,151.0,Released,6.4,2482,1998,3,1,1,0,0,0,0,0,0,0,0,0,0,0,0,0,1,0,1,0,0,12.0
140000000.0,en,91.332849,88.0,Released,6.0,3114,2002,3,1,1,0,1,0,0,0,0,0,0,0,0,0,0,0,1,0,0,0,0,7.0
70000000.0,en,35.601665,115.0,Released,5.5,841,2007,3,1,1,1,0,0,0,0,0,0,0,0,0,0,0,0,0,0,0,0,0,13.0
145000000.0,en,56.747978,95.0,Released,6.7,1603,2016,3,1,1,1,1,0,0,0,1,0,0,0,0,0,0,0,0,0,0,0,0,1.5
145000000.0,en,77.77477,133.0,Released,6.8,3972,2011,3,1,1,0,0,0,0,0,0,0,0,0,0,0,0,0,0,0,1,0,0,5.0
145000000.0,en,61.788035,97.0,Released,7.1,1922,2012,3,0,0,1,0,0,0,0,1,1,0,0,0,0,0,0,0,0,0,0,0,1.0
100000000.0,en,25.159168,90.0,Released,5.9,627,2005,3,0,0,0,1,0,0,0,0,0,0,0,0,0,0,0,0,0,0,0,0,4.0
140000000.0,en,52.341226,154.0,Released,7.3,1895,2003,3,1,0,0,0,0,0,1,0,0,0,1,0,0,0,0,0,0,0,1,0,7.0
140000000.0,en,101.599427,150.0,Released,5.6,1921,2014,3,1,1,0,0,0,0,1,0,0,0,0,0,0,0,0,0,0,0,0,0,16.0
150000000.0,en,73.616808,127.0,Released,7.4,4518,2009,3,1,1,0,0,0,0,0,0,0,0,0,0,0,0,0,1,0,0,0,0,4.0
139000000.0,en,82.502566,121.0,Released,6.8,5265,2002,3,1,0,0,0,0,0,0,0,1,0,0,0,0,0,0,0,0,0,0,0,11.0
145000000.0,en,100.21391,102.0,Released,7.6,3106,2014,3,1,1,1,1,0,0,0,1,1,0,0,0,0,0,0,0,0,0,0,0,3.0
140000000.0,en,56.257249,127.0,Released,5.3,1277,2016,2,0,0,0,0,0,0,0,0,1,0,0,0,0,0,0,0,0,0,0,0,5.0
135000000.0,en,17.88953,121.0,Released,4.9,331,2005,1,1,0,0,0,0,0,0,0,0,0,0,0,0,0,0,0,0,0,0,0,9.0
130000000.0,en,64.798873,163.0,Released,7.0,2811,2009,2,1,0,0,0,0,0,0,0,0,0,0,0,0,1,0,1,0,0,0,0,7.0
140000000.0,en,24.855701,127.0,Released,6.3,767,1998,3,1,1,0,1,1,0,0,0,0,0,0,0,0,0,0,0,0,1,0,0,11.0
137000000.0,en,34.981698,138.0,Released,5.3,1533,2003,3,1,0,0,0,0,0,1,0,0,0,0,0,0,0,0,1,0,0,0,0,8.0
130000000.0,en,59.325589,110.0,Released,5.4,3025,2013,3,1,1,0,0,0,0,0,0,0,0,0,0,0,0,0,1,0,1,0,0,5.0
130000000.0,en,21.605568,124.0,Released,5.7,434,2005,1,1,1,0,1,0,0,1,0,0,0,0,0,0,1,0,0,0,0,0,0,3.0
137000000.0,en,26.074908,106.0,Released,5.9,433,2001,1,1,1,1,0,0,0,0,0,1,0,0,0,0,0,0,1,0,1,0,0,1.0
140000000.0,en,74.506246,124.0,Released,6.6,7047,2011,3,1,1,0,0,0,0,0,0,0,0,0,0,0,0,0,1,0,0,0,0,4.0
135000000.0,en,39.604363,128.0,Released,6.0,862,1999,3,1,1,0,0,0,0,0,0,0,0,0,0,0,0,0,0,0,1,0,0,6.0
150000000.0,en,36.973031,138.0,Released,6.9,790,2003,2,0,1,0,0,0,0,0,0,0,0,0,0,0,0,0,0,0,0,0,0,4.0
120000000.0,en,99.687084,115.0,Released,6.1,2553,2012,3,0,1,0,0,0,0,1,0,1,0,0,0,0,0,1,0,0,0,0,0,5.0
130000000.0,en,17.7735,100.0,Released,5.8,373,2011,2,0,0,1,1,0,0,0,1,0,0,0,0,0,0,0,0,0,0,0,0,8.0
150000000.0,en,62.898336,114.0,Released,6.1,3021,2008,2,1,1,0,0,0,0,0,0,0,0,0,0,0,0,0,1,0,0,0,0,6.0
140000000.0,en,44.19092,120.0,Released,6.0,1000,2016,2,0,1,0,0,0,0,0,1,1,0,0,0,0,0,0,0,0,0,0,0,27.0
135000000.0,en,100.635882,156.0,Released,7.3,6396,2015,3,0,1,0,0,0,0,1,0,0,0,0,0,0,0,0,0,0,1,0,1,6.0
135000000.0,en,44.765377,96.0,Released,6.1,1074,2013,3,0,0,1,0,0,0,0,1,0,0,0,0,0,0,0,0,0,0,0,0,1.0
135000000.0,en,29.91353,107.0,Released,6.6,2051,2011,3,0,1,1,1,0,0,0,1,0,0,0,0,0,0,0,0,0,0,0,1,7.0
132000000.0,en,84.366984,92.0,Released,6.5,1346,2014,3,0,1,1,1,0,0,0,1,0,0,0,0,0,0,0,0,0,0,0,0,3.5
70000000.0,en,45.381501,115.0,Released,7.3,2888,2007,3,1,0,0,0,0,0,1,0,0,0,0,0,0,1,0,0,0,1,0,0,7.0
130000000.0,en,84.689648,90.0,Released,6.9,3145,2008,3,0,1,1,1,0,0,0,1,0,0,0,0,0,0,0,0,0,0,0,0,1.5
130000000.0,en,120.09361,117.0,Released,7.0,5880,2015,3,1,1,0,0,0,0,0,0,0,0,0,0,0,0,0,1,0,0,0,0,4.0
130000000.0,en,76.310119,146.0,Released,7.4,6495,2013,3,1,1,0,0,0,0,0,0,0,0,0,0,0,0,0,1,0,0,0,0,5.0
135000000.0,en,63.473086,94.0,Released,6.8,1519,2015,3,0,0,1,1,0,0,0,1,1,0,0,0,0,0,0,1,0,0,0,0,4.0
132000000.0,en,48.572726,116.0,Released,6.2,2322,2005,3,0,1,0,0,0,0,0,0,0,0,0,0,0,0,0,1,0,1,0,0,27.0
130000000.0,en,38.068736,147.0,Released,6.3,1564,2003,3,1,1,0,1,1,0,0,0,0,0,0,0,0,0,0,0,0,1,0,0,12.0
130000000.0,en,20.678787,90.0,Released,6.4,451,2011,3,1,1,1,0,0,0,0,1,1,0,0,0,0,0,0,0,0,0,0,0,2.0
110000000.0,en,48.829437,100.0,Released,6.2,2093,2010,3,1,0,0,0,0,0,0,0,0,0,0,0,0,1,0,0,0,1,0,0,9.0
125000000.0,en,46.115758,139.0,Released,5.6,2350,2014,3,0,1,0,0,0,0,1,0,0,0,0,0,0,0,0,0,0,0,0,0,6.0
130000000.0,en,89.938296,107.0,Released,6.7,2061,2011,3,0,1,1,0,0,0,0,0,0,0,0,0,0,1,0,0,0,0,0,0,27.0
130000000.0,en,79.679601,141.0,Released,7.7,5877,2004,3,0,1,0,0,0,0,0,1,1,0,0,0,0,0,0,0,0,0,0,0,5.0
130000000.0,en,28.840997,165.0,Released,6.3,694,2008,1,0,0,0,0,0,0,1,0,0,0,0,0,0,0,0,0,0,0,0,0,4.0
130000000.0,en,42.840582,100.0,Released,5.0,2532,2013,3,1,1,0,0,0,0,0,0,0,0,0,0,0,0,0,1,0,0,0,0,9.0
127500000.0,en,26.548594,82.0,Released,6.2,542,2000,3,0,0,1,0,0,0,0,1,0,0,0,0,0,0,0,0,0,0,0,0,1.0
127000000.0,en,115.597753,97.0,Released,6.1,1851,2014,3,0,1,0,1,0,0,0,1,1,0,0,0,0,0,0,0,0,0,0,0,11.0
130000000.0,en,68.757242,95.0,Released,6.7,1918,2010,3,1,0,1,1,0,0,0,1,0,0,0,0,0,0,0,1,0,0,0,0,4.0
125000000.0,en,109.984351,152.0,Released,7.5,7006,2001,3,0,1,0,0,0,0,0,1,1,0,0,0,0,0,0,0,0,0,0,0,11.0
130000000.0,en,39.448066,96.0,Released,5.4,1260,2013,1,1,0,0,1,1,0,0,0,1,0,0,0,0,0,0,0,0,0,0,0,6.0
140000000.0,en,271.972889,143.0,Released,7.5,6985,2003,3,1,1,0,0,0,0,0,0,1,0,0,0,0,0,0,0,0,0,0,0,7.0
125000000.0,en,206.227151,123.0,Released,6.6,5584,2014,3,0,1,0,0,0,0,0,0,0,0,0,0,0,0,0,1,0,1,0,0,5.0
125000000.0,en,45.313197,149.0,Released,6.5,2704,2006,3,0,0,0,0,0,0,0,0,0,0,0,0,0,1,0,0,0,1,0,0,13.0
103000000.0,en,42.40024,102.0,Released,6.3,978,2014,3,0,1,1,1,0,0,0,1,0,0,0,0,0,0,0,0,0,0,0,0,5.0
110000000.0,en,2.871739,133.0,Released,6.8,3506,2003,3,1,1,0,0,0,0,0,0,0,0,0,0,0,0,0,1,0,1,0,0,8.0
125000000.0,en,7.255718,130.0,Released,7.1,2438,2011,3,1,0,0,0,1,0,0,0,0,0,0,0,0,0,0,0,0,1,0,0,5.0
125000000.0,en,81.499621,129.0,Released,7.0,3886,2011,3,1,1,0,0,1,0,0,0,0,0,0,0,0,1,0,0,0,0,0,0,7.0
125000000.0,en,47.686442,106.0,Released,5.6,2233,2010,3,1,1,0,0,0,0,0,0,1,0,0,0,0,0,0,0,0,0,0,0,6.0
65000000.0,en,43.129703,113.0,Released,7.1,1710,1990,3,1,1,0,0,0,0,0,0,0,0,0,0,0,0,0,1,0,0,0,0,5.0
160000000.0,en,27.220157,102.0,Released,6.4,510,1999,1,1,1,0,0,0,0,0,0,1,0,0,0,0,0,0,0,0,0,0,0,10.0
130000000.0,en,90.33681,120.0,Released,6.0,2651,2012,3,1,0,0,0,0,0,0,0,0,0,0,0,0,0,0,0,0,1,0,0,3.0
125000000.0,en,50.073575,125.0,Released,4.2,1418,1997,3,1,0,0,0,1,0,0,0,1,0,0,0,0,0,0,0,0,0,0,0,13.0
123000000.0,en,45.419668,104.0,Released,6.2,1386,2000,3,0,0,0,1,0,0,0,1,1,0,0,0,0,0,0,0,0,0,0,0,13.0
125000000.0,en,41.380094,124.0,Released,6.2,2392,2004,3,1,1,0,0,0,0,0,0,0,0,0,0,0,0,0,1,0,1,0,0,8.0
125000000.0,en,54.931334,123.0,Released,5.9,1928,2000,3,1,1,0,0,0,0,0,0,0,0,0,0,0,0,0,0,0,1,0,0,7.0
120000000.0,en,25.752118,130.0,Released,6.2,597,2000,3,0,0,0,0,0,0,1,0,0,0,0,0,0,0,0,0,0,0,0,0,7.0
130000000.0,en,60.810723,92.0,Released,5.4,2589,2007,3,1,1,0,0,0,0,0,0,1,0,0,0,0,0,0,0,0,1,0,0,7.0
120000000.0,en,51.328145,127.0,Released,7.2,5797,2012,3,1,1,0,0,0,0,1,0,0,0,0,0,0,0,0,0,0,0,0,0,8.0
110000000.0,en,46.834704,114.0,Released,5.2,1712,2007,3,1,0,0,0,0,0,0,0,1,0,0,1,0,0,0,0,0,1,0,0,2.0
120000000.0,en,62.641286,123.0,Released,5.9,2341,2016,3,1,0,0,0,0,0,0,0,0,0,0,0,0,0,0,0,0,1,0,0,7.0
120000000.0,en,33.616115,106.0,Released,5.2,914,2003,3,1,1,0,1,0,0,0,0,0,0,0,0,0,0,0,0,0,0,0,0,6.0
130000000.0,en,68.889395,124.0,Released,6.3,5080,2012,3,0,1,0,0,0,0,0,0,0,0,0,0,0,1,0,1,0,0,0,0,16.0
120000000.0,en,27.990284,78.0,Released,5.4,613,2002,2,0,1,1,1,0,0,0,1,0,0,0,0,0,0,0,0,0,0,0,0,6.0
115000000.0,en,67.33767,109.0,Released,6.4,3439,2013,3,1,0,0,0,0,0,1,0,0,0,0,0,0,0,0,1,0,1,0,0,3.0
105000000.0,en,27.835436,119.0,Released,6.3,1570,2004,2,1,0,0,0,0,0,0,0,0,0,0,0,0,0,0,1,0,0,0,0,4.0
120000000.0,en,66.757869,102.0,Released,5.7,2342,2014,3,1,0,0,0,0,0,0,0,0,0,0,0,0,0,0,1,0,0,0,0,2.0
120000000.0,en,17.060695,135.0,Released,5.7,354,2008,1,1,0,0,0,0,0,0,1,0,0,0,0,0,0,0,1,0,0,0,0,7.0
120000000.0,en,11.137655,121.0,Released,4.9,223,2010,1,0,0,0,1,0,0,1,0,0,0,0,0,0,0,1,0,0,0,0,0,3.0
117000000.0,en,44.906918,109.0,Released,5.9,1547,2010,3,1,0,0,1,0,0,0,0,0,0,0,0,0,0,0,0,0,0,0,0,8.0
120000000.0,en,67.698004,124.0,Released,6.4,4800,2013,3,1,1,0,0,0,0,0,0,0,0,0,0,0,1,0,1,0,0,0,0,2.0
113000000.0,en,44.108427,140.0,Released,7.1,4116,2005,3,1,1,0,0,0,0,0,0,0,0,0,0,0,0,0,1,0,0,0,0,5.0
120000000.0,en,43.987061,142.0,Released,6.4,3992,2002,3,1,1,0,0,0,0,0,0,0,0,0,0,0,0,0,1,0,0,0,0,5.0
115000000.0,en,106.815545,92.0,Released,7.5,5996,2001,3,0,0,1,1,0,0,0,1,0,0,0,0,0,0,0,0,0,0,0,0,3.0
120000000.0,en,15.953444,126.0,Released,6.3,4053,2013,3,1,1,0,0,0,0,0,0,1,0,0,0,0,0,0,1,0,0,0,0,8.0
115000000.0,en,54.035265,136.0,Released,6.3,4432,1999,3,1,1,0,0,0,0,0,0,0,0,0,0,0,0,0,1,0,0,0,0,5.0
135000000.0,en,64.183321,98.0,Released,6.8,2399,2013,3,0,1,1,1,0,0,0,1,1,0,0,0,0,0,0,0,0,0,0,0,2.5
97250400.0,fr,20.344364,116.0,Released,5.0,471,2008,2,0,1,0,1,0,0,0,1,1,0,0,0,0,0,0,0,0,0,0,0,1.0
115000000.0,en,18.714197,134.0,Released,5.8,341,2002,1,1,0,0,0,0,0,1,0,0,0,1,0,0,0,0,0,0,0,1,0,7.0
115000000.0,en,60.467984,114.0,Released,6.0,1523,2016,2,1,1,0,0,0,0,1,0,0,0,0,0,0,0,0,0,0,0,0,0,1.0
125000000.0,en,143.350376,101.0,Released,5.8,2636,2014,3,1,1,0,1,0,0,0,0,1,0,0,0,0,0,0,1,0,0,0,0,5.0
105000000.0,en,110.153618,91.0,Released,7.3,5751,2013,3,0,0,0,0,0,0,1,0,0,0,0,0,0,0,0,1,0,1,0,0,5.0
116000000.0,en,16.90444,108.0,Released,5.7,428,1997,2,1,1,0,0,0,0,0,0,0,0,0,0,0,0,0,0,0,1,0,0,7.0
135000000.0,en,39.873791,112.0,Released,5.8,963,2016,3,1,1,0,1,0,0,0,0,1,0,0,0,0,0,0,0,0,0,0,0,2.0
120000000.0,en,38.126095,100.0,Released,4.4,2278,2015,2,1,1,0,0,0,0,0,0,0,0,0,0,0,0,0,1,0,0,0,0,2.0
110000000.0,en,48.780039,108.0,Released,6.3,2862,2006,3,1,1,0,1,0,0,0,1,1,0,0,0,0,0,0,0,0,0,0,0,11.0
110000000.0,en,100.412364,114.0,Released,6.0,2968,2015,3,1,0,0,0,0,0,1,0,0,0,0,0,0,0,0,0,0,1,0,0,3.0
110000000.0,en,42.887121,119.0,Released,6.0,925,1997,3,1,1,0,0,0,0,0,0,0,0,0,0,0,0,0,0,0,1,0,0,4.0
110000000.0,en,23.657284,165.0,Released,6.8,1099,2000,3,1,0,0,0,0,0,1,0,0,0,1,0,0,0,0,0,0,0,1,0,8.0
110000000.0,en,76.840712,125.0,Released,6.4,2124,2004,3,0,0,0,0,1,0,0,0,0,0,0,0,0,0,0,0,0,1,0,0,15.0
110000000.0,en,44.635452,120.0,Released,6.5,2965,2005,3,1,0,0,1,0,0,1,0,0,0,0,0,0,0,0,0,0,1,0,0,7.0
110000000.0,en,103.718387,119.0,Released,6.2,3829,2015,3,0,1,0,0,0,0,0,0,0,0,0,0,0,0,0,1,0,1,0,0,6.0
116000000.0,en,45.616098,170.0,Released,7.0,1489,2004,1,0,0,0,0,0,0,1,0,0,0,0,0,0,0,0,0,0,0,0,0,21.0
112000000.0,en,22.845143,85.0,Released,4.9,621,2010,3,0,0,0,1,0,0,0,0,0,0,0,0,0,0,0,0,0,0,0,0,4.0
120000000.0,en,31.703608,119.0,Released,5.5,1251,2011,3,1,0,0,1,1,0,0,0,0,0,0,0,0,0,0,0,0,0,0,0,4.0
110000000.0,en,71.510596,102.0,Released,6.1,2397,2014,3,1,0,0,0,0,0,0,0,0,0,0,0,0,0,0,0,0,0,1,0,1.0
110000000.0,en,36.65422,103.0,Released,5.5,1179,2011,3,0,1,1,1,0,0,0,1,1,0,0,0,0,0,0,0,0,0,0,0,6.0
110000000.0,en,19.625972,76.0,Released,5.7,389,2004,1,0,0,1,0,0,0,0,1,0,0,0,0,0,0,0,0,0,0,0,0,1.0
110000000.0,en,86.105615,121.0,Released,5.9,1998,2016,3,0,1,0,0,0,0,0,0,0,0,0,0,0,0,0,1,0,0,0,0,6.0
110000000.0,en,37.195046,127.0,Released,6.6,2692,2011,3,1,0,0,0,0,0,1,0,0,0,0,0,0,0,0,1,0,0,0,0,11.0
105000000.0,en,32.473628,105.0,Released,5.5,695,2013,3,0,0,1,1,0,0,0,1,1,0,0,0,0,0,0,0,0,0,0,0,6.0
160000000.0,en,23.336875,121.0,Released,4.1,434,1997,2,1,1,0,0,0,0,0,0,0,0,0,0,0,0,0,0,0,1,0,0,5.0
110000000.0,en,45.94834,114.0,Released,6.6,2303,2013,2,1,1,0,0,0,0,0,0,0,0,0,0,0,0,0,1,0,0,0,0,4.0
110000000.0,en,48.93337,128.0,Released,6.4,2089,2007,3,1,0,0,0,0,0,0,0,0,0,0,0,0,0,0,0,0,1,0,0,3.0
93000000.0,en,138.049577,178.0,Released,8.0,8705,2001,3,1,1,0,0,0,0,0,0,1,0,0,0,0,0,0,0,0,0,0,0,9.0
110000000.0,en,22.643776,120.0,Released,5.7,672,2004,1,1,1,0,1,0,0,0,0,0,0,0,0,0,0,0,0,0,0,0,0,7.0
107000000.0,en,18.866672,157.0,Released,6.7,447,2001,1,0,0,0,0,0,0,1,0,0,0,0,0,0,0,0,0,0,0,0,0,6.0
109000000.0,en,18.251129,82.0,Released,4.9,366,2003,2,0,0,0,1,0,0,0,1,1,0,0,0,0,0,0,0,0,0,0,0,1.0
120000000.0,en,95.914473,115.0,Released,6.7,3793,2004,3,1,0,0,0,0,0,0,0,0,0,0,0,0,0,0,1,0,0,0,0,5.0
130000000.0,en,44.490453,144.0,Released,6.6,1157,2005,3,1,1,0,0,0,0,1,0,0,0,1,0,0,0,0,0,0,0,1,0,16.0
133000000.0,en,30.475297,84.0,Released,5.8,959,1999,3,0,0,1,1,0,0,0,1,1,0,0,0,0,0,0,0,0,0,0,0,6.0
105000000.0,en,62.479574,97.0,Released,6.7,1247,2009,3,0,0,1,0,0,0,0,1,0,0,0,0,1,0,1,0,0,0,0,0,3.0
108000000.0,en,167.93287,141.0,Released,7.6,7268,2015,3,0,1,0,0,0,0,1,0,0,0,0,0,0,0,0,1,0,0,0,0,16.0
126000000.0,en,37.68056,136.0,Released,6.5,1770,2005,2,1,1,0,0,0,0,0,0,0,0,0,0,0,0,0,1,0,1,0,0,12.0
90000000.0,en,1.004579,104.0,Released,3.7,16,2001,1,0,0,0,1,0,0,0,0,0,0,0,0,0,0,1,0,0,0,0,0,5.0
90000000.0,en,52.995628,118.0,Released,6.1,1485,2000,3,1,0,0,0,1,0,0,0,0,0,0,0,0,0,0,0,0,1,0,0,3.0
103000000.0,en,95.301296,155.0,Released,7.9,5439,2000,3,1,1,0,0,0,0,1,0,0,0,0,0,0,0,0,0,0,0,0,0,16.0
102000000.0,en,65.948959,145.0,Released,7.1,2608,2002,3,1,0,0,0,0,0,0,0,0,0,0,0,0,1,0,1,0,1,0,0,27.0
100000000.0,en,132.397737,161.0,Released,7.4,5815,2002,3,0,1,0,0,0,0,0,1,1,0,0,0,0,0,0,0,0,0,0,0,11.0
150000000.0,en,88.935165,144.0,Released,7.3,3855,2006,3,1,1,0,0,0,0,0,0,0,0,0,0,0,0,0,0,0,1,0,0,8.0
100000000.0,en,51.188633,119.0,Released,5.6,1243,2001,3,1,1,0,0,0,0,0,0,0,0,0,0,0,0,0,1,0,1,0,0,14.0
100000000.0,en,101.74155,137.0,Released,7.7,4185,1991,3,1,0,0,0,0,0,0,0,0,0,0,0,0,0,0,1,0,1,0,0,7.0
80000000.0,en,33.691694,140.0,Released,6.5,1344,2009,3,0,0,0,0,1,0,1,0,0,0,1,0,0,0,0,0,0,0,0,0,6.0
100000000.0,en,42.361215,157.0,Released,7.4,1502,2007,3,0,0,0,0,1,0,1,0,0,0,0,0,0,0,0,0,0,0,0,0,16.0
115000000.0,en,38.729418,141.0,Released,6.8,1116,1994,3,1,0,0,0,0,0,0,0,0,0,0,0,0,0,0,0,0,1,0,0,7.0
100000000.0,en,40.597856,106.0,Released,6.2,954,2009,2,0,0,0,0,1,0,1,0,0,0,0,0,0,0,0,0,0,1,0,0,12.0
100000000.0,en,32.389353,98.0,Released,5.4,1060,2010,3,0,0,0,1,0,0,0,0,0,0,0,0,0,0,1,0,0,0,0,0,8.0
100000000.0,en,24.399642,107.0,Released,6.1,1383,2010,3,1,0,0,1,1,0,0,0,0,0,0,0,0,0,0,0,0,0,0,0,6.0
100000000.0,en,24.507987,115.0,Released,5.6,543,1996,3,1,0,0,0,0,0,1,0,0,0,0,0,0,1,0,0,0,1,0,0,6.0
100000000.0,en,82.121691,165.0,Released,7.8,10099,2012,3,0,0,0,0,0,0,1,0,0,0,0,0,0,0,0,0,0,0,0,1,10.0
100000000.0,en,46.727941,91.0,Released,6.8,1129,1996,2,0,0,1,0,0,0,1,1,0,0,0,0,0,0,0,0,0,0,0,0,2.0
100000000.0,en,51.113717,78.0,Released,7.2,1490,2000,3,0,1,1,1,0,0,0,1,1,0,0,0,0,0,0,0,0,0,0,0,3.0
100000000.0,en,53.732892,103.0,Released,6.1,2896,2012,3,1,1,0,0,0,0,0,0,0,0,0,0,0,0,0,0,0,1,0,0,8.0
100000000.0,en,58.849256,131.0,Released,6.4,1926,2004,3,1,1,0,0,0,0,0,0,0,0,0,0,0,1,0,0,0,1,0,0,7.0
100000000.0,en,30.863434,104.0,Released,4.9,967,2006,3,1,1,0,0,0,0,0,1,1,0,0,0,0,0,0,0,0,0,0,0,1.0
100000000.0,en,31.586215,101.0,Released,6.4,572,2009,2,0,0,0,0,0,0,0,1,1,0,0,0,0,0,0,0,0,0,0,0,4.0
100000000.0,en,36.711378,102.0,Released,6.4,1121,2013,3,0,1,1,0,0,0,0,1,1,0,0,0,0,0,0,0,0,0,0,0,3.0
100000000.0,en,41.426678,103.0,Released,6.0,1699,2010,3,1,0,0,0,0,0,0,0,0,0,0,0,0,0,1,0,0,1,0,0,2.0
100000000.0,en,20.652943,121.0,Released,5.5,482,1999,3,1,0,0,0,0,0,0,0,1,0,0,1,0,1,0,0,0,0,0,0,6.0
100000000.0,en,52.792678,143.0,Released,7.3,2281,2006,3,1,0,0,0,0,0,1,0,0,0,0,0,0,0,0,0,0,1,0,0,7.0
100000000.0,en,95.007934,180.0,Released,7.9,6571,2013,3,0,0,0,1,1,0,1,0,0,0,0,0,0,0,0,0,0,0,0,0,21.0
100000000.0,en,48.205606,121.0,Released,5.2,1498,1995,3,1,0,0,0,1,0,0,0,1,0,0,0,0,0,0,0,0,0,0,0,13.0
105000000.0,en,58.782359,129.0,Released,6.7,1560,1997,2,1,1,0,0,0,0,0,0,0,0,0,0,0,0,0,1,0,1,0,0,5.0
102000000.0,en,73.872343,172.0,Released,6.6,2977,2012,2,0,0,0,0,0,0,1,0,0,0,0,0,0,0,0,1,0,0,0,0,6.666666666666667
80000000.0,en,37.321848,97.0,Released,6.5,703,2010,3,0,1,1,0,0,0,0,1,1,0,0,0,0,0,0,0,0,0,0,0,7.0
100000000.0,en,32.271938,104.0,Released,4.2,808,2004,1,1,0,0,0,1,0,0,0,0,0,0,0,0,0,0,0,0,0,0,0,1.0
100000000.0,en,76.842247,99.0,Released,5.6,1680,2014,3,1,1,0,0,0,0,0,0,0,0,0,0,0,0,0,0,0,0,0,0,10.0
140000000.0,en,38.924136,95.0,Released,7.2,948,2002,1,0,1,1,0,0,0,0,1,1,0,0,0,0,0,0,1,0,0,0,0,3.0
100000000.0,en,19.38841,102.0,Released,5.3,381,2009,1,0,1,0,1,0,0,0,0,0,0,0,0,0,0,0,1,0,0,0,0,4.0
90000000.0,en,61.025639,127.0,Released,6.1,1795,2014,3,1,1,0,0,0,0,0,0,0,0,0,0,0,0,0,0,0,1,0,0,1.0
105000000.0,en,33.507289,114.0,Released,5.5,783,2015,2,1,0,0,0,1,0,0,0,0,0,0,0,0,0,0,0,0,1,0,0,1.0
84000000.0,en,17.815595,94.0,Released,3.6,338,2005,1,0,1,0,1,0,0,0,1,1,0,0,0,0,0,0,0,0,0,0,0,2.0
100000000.0,en,50.767332,122.0,Released,6.5,1276,2015,1,1,1,0,0,0,0,1,0,0,0,1,0,0,0,0,0,0,1,0,0,13.0
100000000.0,en,12.092241,95.0,Released,4.4,142,2002,1,1,0,0,1,0,0,0,0,0,0,0,0,0,0,0,1,0,0,0,0,3.0
100000000.0,en,30.254021,115.0,Released,6.4,717,2010,1,1,1,0,0,0,0,1,0,0,0,0,0,0,0,0,0,0,1,1,0,7.0
99000000.0,en,34.308098,88.0,Released,6.5,604,2015,3,0,0,1,0,0,0,0,0,0,0,0,0,0,0,0,0,0,0,0,0,2.0
10000000.0,en,3.091077,110.0,Released,7.1,73,1997,2,0,0,0,0,1,0,1,0,0,0,0,0,0,1,0,0,0,1,0,0,2.0
98000000.0,en,41.862983,130.0,Released,6.0,2206,2001,3,1,1,0,0,0,0,0,0,1,0,0,0,0,0,0,0,0,0,0,0,4.0
100000000.0,en,46.160048,167.0,Released,7.1,1910,2002,3,0,0,0,0,1,0,1,0,0,0,1,0,0,0,0,0,0,0,0,0,21.0
94000000.0,zh,12.516546,145.0,Released,7.1,187,2011,2,0,0,0,0,0,0,1,0,0,0,1,0,0,0,0,0,0,0,1,0,6.0
85000000.0,en,23.230851,85.0,Released,5.9,601,2007,3,0,0,1,1,0,0,0,1,0,0,0,0,0,0,0,0,0,0,0,0,1.5
90000000.0,en,19.224754,93.0,Released,5.4,334,2004,2,1,0,0,1,0,0,0,0,0,0,0,0,0,0,0,1,0,0,0,0,7.0
92000000.0,en,44.455166,144.0,Released,7.2,1811,2001,3,1,0,0,0,0,0,0,0,0,0,1,0,0,0,0,0,0,0,1,0,16.0
95000000.0,en,16.460356,85.0,Released,5.6,578,2012,2,0,0,0,1,0,0,0,0,0,0,0,0,0,0,0,0,0,0,0,0,8.0
90000000.0,en,109.528572,126.0,Released,7.3,3885,1997,3,1,1,0,0,0,0,0,0,1,0,0,0,0,0,0,1,0,1,0,0,5.0
100000000.0,en,18.325897,146.0,Released,5.4,426,2010,3,0,0,0,1,0,0,1,0,0,0,0,0,0,0,1,0,0,0,0,0,1.0
95000000.0,en,37.054554,89.0,Released,7.0,858,2000,1,0,1,1,1,0,0,0,1,0,0,0,0,0,0,0,0,0,0,0,0,3.0
95000000.0,en,65.229868,88.0,Released,6.2,2672,2012,3,0,1,1,1,0,0,0,1,0,0,0,0,0,0,0,0,0,0,0,0,1.5
95000000.0,en,101.187052,105.0,Released,6.7,2374,2015,3,0,0,0,0,0,0,1,1,1,0,0,0,0,0,1,0,0,0,0,0,7.0
65000000.0,en,29.257137,136.0,Released,6.6,1065,2009,2,0,0,0,0,0,0,1,0,1,0,0,0,0,0,0,0,0,0,0,0,9.0
94000000.0,en,85.688789,100.0,Released,7.6,6122,2003,3,0,0,1,0,0,0,0,1,0,0,0,0,0,0,0,0,0,0,0,0,4.0
94000000.0,en,123.630332,201.0,Released,8.1,8064,2003,3,1,1,0,0,0,0,0,0,1,0,0,0,0,0,0,0,0,0,0,0,9.0
79000000.0,en,106.914973,179.0,Released,8.0,7487,2002,3,1,1,0,0,0,0,0,0,1,0,0,0,0,0,0,0,0,0,0,0,9.0
95000000.0,en,63.628459,102.0,Released,5.2,957,2014,2,0,1,0,0,0,0,0,0,1,0,0,0,0,0,0,0,0,0,0,0,2.0
115000000.0,en,41.498631,100.0,Released,5.7,2192,2001,3,1,1,0,0,0,0,0,0,1,0,0,0,0,0,0,0,0,1,0,0,8.0
100000000.0,en,58.991388,119.0,Released,5.9,2295,2014,2,0,0,0,0,0,0,1,0,0,0,0,0,0,1,0,1,0,1,0,0,1.0
93000000.0,en,1.859364,92.0,Released,5.7,2077,2001,3,1,1,0,0,0,0,0,0,0,0,0,0,0,0,0,1,0,1,0,0,4.0
93000000.0,en,138.433168,105.0,Released,7.0,4347,2011,3,1,0,0,0,0,0,1,0,0,0,0,0,0,0,0,1,0,1,0,0,2.0
90000000.0,en,21.436682,95.0,Released,6.3,572,2008,3,0,1,0,0,0,0,0,1,1,0,0,0,0,0,0,0,0,0,0,0,6.0
92000000.0,en,65.402595,98.0,Released,5.2,3493,2013,3,1,0,0,0,0,0,0,0,0,0,0,0,0,0,0,0,0,1,0,0,4.0
145000000.0,en,10.660441,137.0,Released,5.8,106,2004,1,0,0,0,0,0,0,0,0,0,0,1,0,0,0,0,0,0,0,1,1,4.0
92000000.0,en,77.817571,115.0,Released,7.4,5152,2004,3,1,1,1,0,0,0,0,1,0,0,0,0,0,0,0,0,0,0,0,0,5.0
98000000.0,en,7.029308,119.0,Released,5.7,136,1995,1,1,1,0,0,0,0,0,0,0,0,0,0,0,0,0,0,0,0,0,0,15.0
95000000.0,en,61.121717,118.0,Released,6.0,2010,2010,3,0,1,0,0,0,0,0,1,1,0,0,0,0,0,0,0,0,0,0,0,11.0
90000000.0,en,104.121555,98.0,Released,6.9,4412,1997,3,1,1,0,1,0,0,0,0,0,0,0,0,0,0,0,1,0,0,0,0,7.0
90000000.0,en,73.575118,92.0,Released,7.3,3806,1999,3,0,0,1,1,0,0,0,1,0,0,0,0,0,0,0,0,0,0,0,0,5.0
100000000.0,en,37.698465,98.0,Released,6.3,1165,2010,3,1,0,0,0,0,0,0,0,0,0,0,0,0,0,0,0,0,1,0,0,12.0
90000000.0,en,35.814765,90.0,Released,6.4,1054,2001,3,1,0,0,1,1,0,0,0,0,0,0,0,0,0,0,0,0,1,0,0,10.0
100000000.0,en,15.835672,130.0,Released,6.3,488,2000,2,0,0,0,0,0,0,1,0,0,0,0,1,0,1,0,0,0,1,0,0,13.0
100000000.0,en,46.781182,90.0,Released,6.5,1747,2009,3,0,0,1,1,0,0,0,1,0,0,0,0,0,0,0,0,0,0,0,0,4.0
90000000.0,en,69.457898,94.0,Released,6.5,2271,2009,3,0,1,1,1,0,0,0,1,0,0,0,0,0,0,0,0,0,0,0,0,5.0
90000000.0,en,43.348022,114.0,Released,7.0,3144,2013,3,0,1,0,1,0,0,1,0,1,0,0,0,0,0,0,0,0,0,0,0,5.0
92000000.0,en,40.20395,98.0,Released,5.6,1232,2000,3,1,1,0,1,1,0,0,0,0,0,0,0,0,0,0,0,0,1,0,0,6.0
90000000.0,en,63.429157,151.0,Released,7.9,4339,2006,3,0,0,0,0,1,0,1,0,0,0,0,0,0,0,0,0,0,1,0,0,21.0
90000000.0,en,67.427755,88.0,Released,7.6,2008,1998,3,0,1,1,0,0,0,0,1,0,0,0,0,0,0,0,0,0,0,0,0,2.0
92000000.0,en,43.192048,107.0,Released,6.5,1667,2008,3,1,0,0,1,0,0,0,0,0,0,0,0,0,0,0,0,0,0,0,0,5.0
90000000.0,en,47.651083,158.0,Released,7.2,2434,2011,3,0,0,0,0,1,0,1,0,0,0,0,0,0,1,0,0,0,1,0,0,10.0
90000000.0,en,51.881077,128.0,Released,6.9,2066,1995,3,1,0,0,0,0,0,0,0,0,0,0,0,0,0,0,0,0,1,0,0,10.0
90000000.0,en,57.834787,128.0,Released,7.0,5766,2009,3,1,1,0,0,1,0,0,0,0,0,0,0,0,1,0,0,0,0,0,0,7.0
100000000.0,en,29.608322,125.0,Released,5.3,621,2016,1,0,0,0,0,0,0,1,0,0,0,0,0,0,0,0,0,0,0,0,0,4.0
120000000.0,en,51.548589,95.0,Released,6.7,1224,2001,2,0,1,1,0,0,0,0,1,0,0,0,0,0,0,0,1,0,0,0,0,2.0
90000000.0,en,27.867368,92.0,Released,5.8,428,2015,3,0,1,1,1,0,0,0,1,0,0,0,0,0,0,0,0,0,0,0,0,4.0
75000000.0,en,38.832842,121.0,Released,6.7,1173,2008,3,0,0,0,0,0,0,1,0,0,0,1,0,0,0,0,0,0,1,1,0,8.0
90000000.0,en,40.597344,113.0,Released,5.5,1048,2008,3,1,0,0,1,0,0,0,0,0,0,0,0,0,0,0,0,0,0,0,0,9.0
88000000.0,en,140.849495,105.0,Released,5.6,2513,2015,3,1,0,0,1,0,0,0,0,0,0,0,0,0,0,0,1,0,0,0,0,11.0
100000000.0,en,34.035114,146.0,Released,6.8,1974,2001,3,0,1,0,0,0,0,1,0,0,0,0,0,0,0,0,1,0,0,0,0,27.0
90000000.0,en,16.302378,99.0,Released,5.2,466,2003,3,0,0,0,1,0,0,0,1,1,0,0,0,0,1,0,0,0,1,0,0,6.0
90000000.0,en,55.249434,150.0,Released,7.2,1308,1997,3,0,0,0,0,0,0,1,0,0,0,0,0,0,1,0,1,0,0,0,0,13.0
95000000.0,en,28.200874,112.0,Released,5.6,634,2000,3,1,0,0,0,0,0,0,0,0,0,0,0,0,0,0,1,0,1,0,0,5.0
80000000.0,en,18.69984,128.0,Released,6.2,392,2005,3,0,0,0,0,1,0,0,0,0,0,0,0,0,0,0,0,0,1,0,0,5.0
90000000.0,en,40.262261,106.0,Released,5.9,1648,2013,3,0,1,0,0,0,0,0,1,1,0,0,0,0,0,0,0,0,0,0,0,3.0
95000000.0,en,56.811056,117.0,Released,5.5,1418,2003,3,1,1,0,0,0,0,0,0,1,0,0,0,0,0,0,0,0,1,0,0,5.0
90000000.0,en,51.535701,129.0,Released,6.7,3235,2016,3,1,1,0,1,1,0,0,0,0,0,0,0,0,1,0,0,0,1,0,0,5.0
68000000.0,en,20.913852,116.0,Released,5.9,302,1997,3,1,1,0,0,0,0,0,0,0,0,0,0,0,0,1,1,0,1,0,0,9.0
92000000.0,en,27.166757,126.0,Released,6.8,579,2001,2,1,0,0,0,1,0,0,0,0,0,0,0,0,0,0,0,0,1,0,0,12.0
90000000.0,en,16.058284,114.0,Released,5.7,369,2000,1,0,0,0,0,0,0,0,0,0,0,0,0,0,0,0,1,0,0,0,0,12.0
90000000.0,en,46.200042,96.0,Released,6.5,2166,2011,3,0,1,1,1,0,0,0,1,0,0,0,0,0,0,0,0,0,0,0,0,5.0
100000000.0,en,24.939295,131.0,Released,6.9,963,1999,1,0,0,0,1,0,0,0,0,0,0,0,0,0,0,0,1,0,0,0,0,11.0
90000000.0,en,19.836124,104.0,Released,5.2,376,1997,2,1,0,0,0,0,0,1,0,0,0,0,0,0,0,0,1,0,1,0,0,2.0
90000000.0,en,15.350451,107.0,Released,5.9,290,1997,2,0,0,0,0,1,0,1,0,0,0,0,0,0,0,0,0,0,1,0,0,2.0
100000000.0,en,15.625949,138.0,Released,6.1,264,2002,1,0,0,0,0,0,0,1,0,0,0,1,0,0,0,0,0,0,1,0,0,3.0
20000000.0,en,31.802807,129.0,Released,6.6,650,1982,3,1,1,0,0,0,0,0,0,1,0,0,0,0,0,0,0,0,0,0,0,3.0
88000000.0,en,24.100863,144.0,Released,7.3,616,2005,2,0,0,0,0,0,0,1,0,0,0,1,0,0,0,1,0,0,0,0,0,13.0
90000000.0,en,3.593349,110.0,Released,5.4,50,2010,1,1,0,0,0,0,0,0,1,1,0,0,0,0,0,0,0,0,0,0,0,2.0
87000000.0,en,14.824166,141.0,Released,6.7,216,2003,3,0,0,0,0,0,0,1,0,0,0,1,0,0,0,0,0,0,0,0,0,3.0
92000000.0,en,32.079995,113.0,Released,6.1,950,1996,3,1,1,0,0,0,0,1,0,0,0,0,0,0,0,0,0,0,0,0,0,5.0
90000000.0,en,57.739713,143.0,Released,7.5,3218,2000,3,0,1,0,0,0,0,1,0,0,0,0,0,0,0,0,0,0,0,0,0,13.0
100000000.0,en,37.272385,108.0,Released,5.9,1410,2006,3,0,0,1,1,0,0,0,0,0,0,0,0,0,0,0,0,0,0,0,0,8.0
75000000.0,en,53.213931,108.0,Released,7.2,2825,2004,3,1,0,0,0,0,0,1,0,0,0,0,0,0,0,0,0,0,1,0,0,7.0
85000000.0,en,36.38795,124.0,Released,6.2,840,1997,3,1,0,0,0,0,0,0,0,0,0,0,0,0,0,0,0,0,1,0,0,7.0
85000000.0,en,60.929352,116.0,Released,7.2,3783,2001,3,0,0,0,0,1,0,0,0,0,0,0,0,0,0,0,0,0,1,0,0,15.0
75000000.0,en,36.605246,110.0,Released,5.6,924,2011,3,1,1,0,0,0,0,0,0,0,0,0,0,0,0,0,0,0,1,0,0,10.0
85000000.0,en,56.257411,91.0,Released,6.8,2566,2012,3,0,0,1,1,0,0,0,1,1,0,0,0,0,0,0,0,0,0,0,0,3.0
85000000.0,en,29.21998,107.0,Released,6.6,1449,2007,3,0,0,0,1,0,0,0,1,1,0,0,0,0,0,1,0,0,0,0,0,2.0
85000000.0,en,34.773106,115.0,Released,6.3,1345,2012,3,1,0,0,0,0,0,0,0,0,0,0,0,0,0,0,0,0,1,0,0,3.0
85000000.0,en,9.895061,100.0,Released,5.1,313,2000,3,0,0,0,1,0,0,0,1,0,0,0,0,0,0,0,0,0,0,0,0,2.0
75000000.0,en,36.743324,104.0,Released,5.8,932,2011,3,1,0,0,1,0,0,0,0,0,0,0,0,0,0,0,0,0,0,0,0,10.0
85000000.0,en,44.967453,136.0,Released,6.7,1225,2006,3,0,0,0,1,0,0,0,0,0,0,0,0,0,0,1,0,0,0,0,0,5.0
90000000.0,en,41.207568,132.0,Released,6.7,1240,1998,3,1,0,0,0,0,0,1,0,0,0,0,0,0,0,0,0,0,1,0,0,12.0
85000000.0,en,16.479851,121.0,Released,6.2,360,2009,3,0,0,0,1,0,0,0,0,0,0,0,0,0,0,1,0,0,0,0,0,5.0
85000000.0,en,42.069993,122.0,Released,6.5,1999,2007,3,0,0,0,0,1,0,0,0,0,0,0,0,0,0,0,0,0,1,0,0,15.0
85000000.0,en,26.61951,83.0,Released,6.1,656,2006,3,0,1,1,0,0,0,0,1,0,0,0,0,0,0,0,0,0,0,0,0,1.6666666666666667
85000000.0,en,80.316463,139.0,Released,6.9,4663,2014,3,1,1,0,0,0,0,0,0,0,0,0,0,0,0,0,1,0,0,0,0,4.0
68000000.0,en,41.273567,131.0,Released,7.2,999,2001,2,0,0,0,0,0,0,0,0,0,0,0,0,0,0,0,0,0,0,1,0,4.0
85000000.0,en,24.107835,104.0,Released,6.4,514,2003,1,1,1,0,1,0,0,0,0,0,0,0,0,0,0,0,0,0,1,0,0,6.0
85000000.0,en,32.044191,130.0,Released,6.1,712,1993,3,1,1,0,1,0,0,0,1,1,0,0,0,0,0,0,0,0,0,0,0,10.0
85000000.0,en,16.595874,145.0,Released,7.3,652,2005,3,0,0,0,0,0,0,1,0,0,0,1,0,0,0,1,0,0,0,0,0,5.0
85000000.0,en,8.282876,104.0,Released,6.1,1705,2006,3,1,0,0,0,1,0,1,0,0,0,0,0,0,0,0,0,0,1,0,0,5.0
10000000.0,en,19.83683,97.0,Released,6.7,333,2011,3,0,0,1,1,0,0,1,1,0,0,0,0,0,0,0,0,0,0,0,0,2.0
90000000.0,en,36.069611,178.0,Released,6.9,1147,1998,2,0,0,0,0,0,0,1,0,1,0,0,0,0,1,0,0,0,0,0,0,4.0
85000000.0,en,18.827753,108.0,Released,5.5,427,2002,1,1,0,0,0,0,0,1,0,0,0,0,0,0,0,0,0,0,1,0,0,4.0
12000000.0,en,5.159407,123.0,Released,7.3,85,1979,3,0,0,0,0,0,0,1,0,0,0,0,0,1,0,0,0,0,0,0,0,2.0
85000000.0,en,48.126297,106.0,Released,5.5,1114,2012,3,0,1,0,1,0,0,1,1,1,0,0,0,0,0,0,1,0,0,0,0,4.0
60000000.0,en,38.885195,112.0,Released,7.2,2126,2010,1,1,1,0,1,0,0,0,0,0,0,0,0,0,0,0,0,0,0,0,0,5.0
60000000.0,en,29.211255,136.0,Released,5.4,516,2003,2,1,1,0,0,0,0,0,0,0,0,0,0,0,0,0,1,0,1,0,0,4.0
84000000.0,en,17.783361,106.0,Released,4.7,332,2000,2,0,0,0,1,0,0,0,0,1,0,0,0,0,0,1,1,0,0,0,0,7.0
84000000.0,en,31.435539,88.0,Released,5.4,820,2002,3,0,1,0,1,0,0,0,0,0,0,0,0,0,1,0,0,0,0,0,0,6.0
50000000.0,en,57.673932,95.0,Released,6.6,1940,2012,1,1,0,0,0,0,0,0,0,0,0,0,0,0,0,0,1,0,0,0,0,2.0
82500000.0,en,41.176631,107.0,Released,6.0,2104,2006,3,0,0,0,1,0,0,1,0,1,0,0,0,0,0,1,0,0,0,0,0,7.0
8000000.0,en,13.661289,120.0,Released,6.7,226,1982,3,0,0,0,1,0,0,0,0,1,0,0,1,0,0,0,0,0,0,0,0,7.0
85000000.0,en,11.77398,82.0,Released,4.9,119,2010,2,0,0,0,1,0,0,0,1,0,0,0,0,0,0,0,0,0,0,0,0,3.0
85000000.0,en,21.218,88.0,Released,5.9,1799,2008,3,0,1,0,0,0,0,0,0,1,0,0,0,0,0,0,1,0,0,0,0,7.0
85000000.0,en,58.57976,120.0,Released,6.5,1527,2008,3,0,1,0,0,0,0,0,0,1,0,0,0,0,0,0,1,0,0,0,0,5.0
65000000.0,en,51.970905,157.0,Released,7.3,2023,2007,2,0,0,0,0,1,0,1,0,0,0,0,0,0,1,0,0,0,1,0,0,10.0
82000000.0,en,18.447479,123.0,Released,5.7,595,2000,2,0,0,0,0,0,0,0,0,0,0,0,0,0,0,0,1,0,0,0,0,4.0
80000000.0,en,109.684788,101.0,Released,6.4,3012,2003,3,0,0,0,1,0,0,0,0,1,0,0,0,0,0,0,0,0,0,0,0,7.0
80000000.0,en,77.580661,103.0,Released,6.0,2926,2010,3,1,1,0,0,0,0,0,0,0,0,0,0,0,0,0,0,0,1,0,0,2.0
80000000.0,en,75.290998,110.0,Released,6.7,2631,1996,3,1,1,0,0,0,0,0,0,0,0,0,0,0,0,0,0,0,1,0,0,12.0
75000000.0,en,68.550698,142.0,Released,6.9,9455,2012,3,0,1,0,0,0,0,0,0,1,0,0,0,0,0,0,1,0,0,0,0,3.0
80000000.0,en,58.040149,102.0,Released,6.2,3739,2011,3,0,0,0,1,0,0,0,0,0,0,0,0,0,0,0,0,0,0,0,0,7.0
80000000.0,en,59.113174,126.0,Released,6.6,1673,1992,3,1,0,0,0,0,0,0,0,1,0,0,0,0,0,0,0,0,0,0,0,14.0
80000000.0,en,36.32705,83.0,Released,6.3,1074,2006,3,0,0,1,1,0,0,0,1,0,0,0,0,0,0,0,0,0,0,0,0,3.0
80000000.0,en,55.659988,85.0,Released,7.1,1314,2002,3,0,0,1,0,0,0,0,1,0,0,0,0,0,0,0,0,0,0,0,0,3.0
85000000.0,en,14.132583,97.0,Released,5.8,288,2006,3,0,0,0,1,0,0,0,1,1,0,0,0,0,0,0,0,0,0,0,0,5.0
75000000.0,en,34.070054,120.0,Released,5.9,855,1998,3,1,0,0,0,0,0,1,0,0,0,0,0,0,0,1,0,0,0,0,0,3.0
84000000.0,en,44.34333,116.0,Released,6.4,1526,2013,3,1,0,0,1,1,0,0,0,0,0,0,0,0,0,0,0,0,1,0,0,4.0
82000000.0,en,26.065735,113.0,Released,6.2,785,2005,3,0,0,0,1,0,0,1,0,0,0,0,0,0,0,0,0,0,0,0,0,7.0
75000000.0,en,23.473004,87.0,Released,5.4,484,2011,3,0,0,1,1,0,0,0,1,1,0,0,0,1,0,0,0,0,0,0,0,4.0
80000000.0,en,45.589568,100.0,Released,5.8,1155,2013,3,0,0,0,1,0,0,0,0,0,0,0,0,0,0,0,0,0,0,0,0,9.0
80000000.0,en,23.496054,110.0,Released,6.0,1051,2008,3,1,0,0,1,0,0,0,0,0,0,0,0,0,0,0,0,0,1,0,0,7.0
80000000.0,en,16.939441,128.0,Released,6.3,410,2003,3,0,0,0,1,0,0,1,0,0,0,0,0,0,0,1,0,0,0,0,0,5.0
80000000.0,en,81.914696,138.0,Released,7.8,6336,2010,3,0,0,0,0,0,0,1,0,0,0,0,0,0,1,0,0,0,1,0,0,21.0
80000000.0,en,19.500893,88.0,Released,5.3,331,2008,3,0,0,0,1,0,0,1,0,0,0,0,0,0,0,1,0,0,0,0,0,4.0
75000000.0,en,29.558157,91.0,Released,6.0,1333,2005,3,0,0,1,1,0,0,0,1,0,0,0,0,0,0,0,1,0,0,0,0,4.0
80000000.0,en,46.075037,138.0,Released,6.8,1583,1997,3,1,0,0,0,1,0,0,0,0,0,0,0,0,0,0,1,0,1,0,0,7.0
80000000.0,en,23.531721,99.0,Released,5.9,901,2008,3,0,0,0,1,0,0,0,1,1,0,0,0,0,0,1,0,0,0,0,0,8.0
80000000.0,en,49.078546,117.0,Released,7.3,1077,2002,3,0,0,0,0,1,0,1,0,0,0,0,0,0,0,0,0,0,1,0,0,7.0
80000000.0,en,37.02665,117.0,Released,6.3,1543,2011,3,0,0,0,1,0,0,0,0,0,0,0,0,0,0,1,0,0,0,0,0,9.0
75000000.0,en,45.154631,115.0,Released,6.5,1270,1997,3,1,0,0,0,1,0,0,0,0,0,0,0,0,0,0,0,0,1,0,0,8.0
80000000.0,en,46.887983,118.0,Released,6.3,1018,2008,3,1,0,0,0,0,0,0,0,0,0,0,0,0,1,0,0,0,1,0,0,4.0
79000000.0,en,24.598479,154.0,Released,6.7,533,2003,3,0,0,0,0,0,0,1,0,0,0,0,0,0,0,0,0,0,0,0,0,3.0
80000000.0,en,32.363538,118.0,Released,6.6,2164,2010,3,1,0,0,0,0,0,0,0,0,0,0,0,0,0,0,1,0,1,0,0,3.5
80000000.0,en,11.50396,93.0,Released,5.3,695,1997,3,0,0,0,1,0,0,0,1,0,0,0,0,0,0,0,1,0,0,0,0,5.0
80000000.0,en,19.375768,113.0,Released,5.2,369,1999,2,0,0,0,0,0,0,0,0,1,0,0,1,0,1,0,0,0,1,0,0,5.0
80000000.0,en,36.125715,88.0,Released,6.5,1288,1996,3,0,0,1,1,0,0,1,1,1,0,0,0,0,0,0,0,0,0,0,0,1.0
65000000.0,en,25.450534,93.0,Released,5.6,550,2006,3,1,0,0,1,1,0,0,1,0,0,0,0,0,1,0,0,0,0,0,0,11.0
80000000.0,en,41.890722,104.0,Released,5.2,1043,2008,3,0,0,0,0,0,0,1,0,0,0,0,0,0,0,0,1,0,1,0,0,4.0
75000000.0,en,22.179658,135.0,Released,6.5,431,1997,3,1,0,0,0,0,0,1,0,0,0,0,0,0,1,0,0,0,1,0,0,11.0
68000000.0,en,139.575085,135.0,Released,7.4,3946,2014,3,1,0,0,0,0,0,1,0,0,0,0,0,0,0,0,0,0,0,1,0,6.0
70000000.0,en,18.264635,98.0,Released,5.6,332,1998,3,1,1,0,1,0,0,0,0,0,0,0,0,0,0,1,0,0,0,0,0,8.0
80000000.0,en,11.187696,80.0,Released,5.2,220,2010,3,0,1,1,1,0,0,0,1,0,0,0,0,0,0,0,0,0,0,0,0,2.0
80000000.0,en,41.670544,83.0,Released,7.4,831,2002,2,0,1,1,1,0,0,0,1,0,0,0,0,0,0,0,0,0,0,0,1,1.5
80000000.0,en,27.46264,102.0,Released,5.3,498,2011,3,0,0,0,1,0,0,0,1,0,0,0,0,0,0,1,0,0,0,0,0,7.0
80000000.0,en,17.455024,130.0,Released,5.0,388,1998,3,0,1,0,0,0,0,0,1,0,0,0,0,0,0,0,1,0,0,0,0,6.0
80000000.0,en,21.394281,129.0,Released,6.2,393,2004,2,0,0,0,0,0,0,1,0,0,0,0,0,0,1,0,0,0,1,0,0,5.0
24000000.0,en,0.605645,117.0,Released,8.0,1,1998,3,0,0,0,0,0,0,1,0,0,0,0,0,0,0,1,0,0,0,0,0,1.0
80000000.0,en,61.692197,89.0,Released,6.7,1497,2015,3,0,0,1,1,0,0,0,1,0,0,0,0,0,0,0,0,0,0,0,0,3.0
80000000.0,en,14.530946,74.0,Released,7.0,292,1999,2,0,0,1,0,0,0,0,1,0,0,0,0,1,0,0,0,0,0,0,0,1.375
80000000.0,en,25.978555,96.0,Released,5.8,631,2002,2,1,1,0,0,0,0,0,0,0,0,0,0,0,0,0,1,0,0,0,0,3.0
90000000.0,en,6.643778,114.0,Released,5.9,208,1998,1,1,1,0,0,0,0,0,1,1,0,0,0,0,0,0,0,0,0,0,0,3.0
102000000.0,en,36.788745,99.0,Released,6.1,932,2001,2,1,0,0,0,1,0,0,0,0,0,0,0,0,0,0,0,0,1,0,0,3.0
75000000.0,en,31.054334,129.0,Released,5.9,893,2005,3,1,1,0,0,0,0,0,0,0,0,0,0,0,0,0,0,0,0,0,0,8.0
85000000.0,en,21.891078,113.0,Released,6.8,577,1998,1,0,0,0,0,0,0,1,0,1,0,0,0,0,0,1,0,0,0,0,0,1.0
85000000.0,en,18.335992,90.0,Released,5.2,438,2000,1,0,0,0,1,0,0,0,0,1,0,0,0,0,0,1,0,0,0,0,0,5.0
88000000.0,en,40.138009,118.0,Released,5.6,818,2005,2,1,1,0,1,0,0,0,0,1,0,0,0,0,0,0,0,0,1,0,0,7.0
70000000.0,en,44.090535,106.0,Released,6.1,1509,1996,2,0,0,0,1,0,0,0,0,1,0,0,0,0,0,0,1,0,0,0,0,14.0
20000000.0,fr,3.300061,81.0,Released,6.4,47,2015,3,0,0,0,0,0,0,1,0,0,0,0,1,0,1,0,0,0,0,0,0,1.0
30000000.0,en,20.632673,117.0,Released,6.7,349,1997,2,1,1,0,0,0,0,1,0,0,0,0,0,0,0,0,0,0,0,0,0,5.0
80000000.0,en,36.664991,89.0,Released,5.9,1195,2009,2,1,0,0,0,0,0,0,0,0,0,0,0,0,0,0,1,0,1,0,0,4.0
80000000.0,en,18.26121,145.0,Released,6.9,189,2000,1,0,0,0,0,0,0,1,0,0,0,0,0,0,0,0,0,0,1,0,0,7.0
80000000.0,en,16.681269,115.0,Released,5.8,378,1996,3,1,1,0,0,0,0,0,0,0,0,0,0,0,0,0,0,0,1,0,0,9.0
80000000.0,en,10.088006,87.0,Released,5.2,133,2013,2,0,1,1,0,0,0,0,1,0,0,0,0,0,0,0,0,0,0,0,0,2.0
44000000.0,en,7.89147,118.0,Released,3.0,255,2000,1,1,0,0,0,0,0,0,0,0,0,0,0,0,0,0,1,0,0,1,0,1.0
80000000.0,en,16.715631,90.0,Released,5.6,297,2003,1,0,0,1,1,0,0,0,1,0,0,0,0,0,0,0,0,0,0,0,0,7.0
80000000.0,en,9.357734,112.0,Released,5.1,165,2009,1,0,0,0,0,0,0,1,0,0,0,0,0,1,0,1,0,0,0,0,0,5.0
80000000.0,en,11.22268,116.0,Released,5.4,318,2003,1,1,1,0,0,0,0,0,0,0,0,0,0,0,0,0,1,0,0,0,0,11.0
80000000.0,en,14.564667,177.0,Released,6.1,299,1997,1,0,1,0,0,0,0,1,0,0,0,0,0,0,0,0,0,0,0,0,0,3.0
90000000.0,en,11.356079,92.0,Released,5.2,305,1998,1,0,1,0,1,0,0,1,1,1,0,0,0,0,0,0,0,0,0,0,0,8.0
90000000.0,en,52.612025,106.0,Released,5.7,1316,2015,3,1,1,0,0,0,0,0,0,1,0,0,0,0,0,0,0,0,0,0,0,3.0
80000000.0,en,13.800656,106.0,Released,5.4,267,2000,1,1,0,0,0,0,0,0,0,0,0,0,0,0,0,0,1,0,1,0,0,1.0
86000000.0,en,27.097932,94.0,Released,6.0,639,2006,2,0,1,1,0,0,0,0,1,1,0,0,0,0,0,0,0,0,0,0,0,5.0
80000000.0,en,10.706613,84.0,Released,7.3,111,2009,1,0,0,0,0,0,1,0,1,0,0,0,0,0,0,0,0,0,0,0,0,1.5
80000000.0,en,7.342892,110.0,Released,4.8,111,2005,1,1,1,0,0,0,0,0,0,0,0,0,0,0,0,0,1,0,1,0,0,6.0
130000000.0,en,50.561849,105.0,Released,5.2,1267,2014,1,1,1,0,0,0,0,1,0,0,0,1,0,0,0,1,0,0,0,0,0,10.0
8000000.0,es,0.719996,89.0,Released,5.3,9,2015,1,0,0,1,1,0,0,0,0,0,0,0,0,0,0,0,0,0,0,0,0,1.0
60000000.0,en,59.248437,135.0,Released,7.7,3009,2001,3,0,0,0,0,0,0,1,0,0,0,0,0,0,0,1,0,0,0,0,0,13.0
45000000.0,en,90.457886,89.0,Released,8.0,5376,1994,3,0,0,1,0,0,0,1,1,0,0,0,0,0,0,0,0,0,0,0,0,4.0
79000000.0,en,40.723459,94.0,Released,5.8,1030,2012,3,1,1,0,0,0,0,0,0,0,0,0,0,0,0,0,1,0,0,0,0,3.0
78000000.0,en,41.247402,95.0,Released,6.4,915,2013,3,0,0,1,1,0,0,0,1,0,0,0,0,0,0,0,0,0,0,0,0,1.0
78000000.0,en,10.083905,124.0,Released,6.7,1115,2002,3,0,0,0,0,1,0,0,0,0,0,0,1,0,0,0,0,0,1,0,0,10.0
100000000.0,en,16.759252,136.0,Released,6.5,318,2004,2,0,1,0,0,0,0,0,0,0,0,0,0,0,0,0,0,0,0,0,1,4.0
79000000.0,en,22.132418,91.0,Released,4.1,604,2011,3,0,0,0,1,0,0,0,0,0,0,0,0,0,0,0,0,0,0,0,0,9.0
76000000.0,en,10.520961,107.0,Released,6.2,2028,2003,3,1,0,0,0,1,0,0,0,0,0,0,0,0,0,0,0,0,1,0,0,7.0
64000000.0,en,35.384423,92.0,Released,7.6,756,2015,2,0,1,1,0,0,0,0,0,1,0,0,0,0,0,0,0,0,0,0,0,2.0
80000000.0,en,15.673154,99.0,Released,5.7,359,2007,1,0,0,0,0,0,0,0,0,0,0,0,0,0,0,0,1,0,1,0,0,3.5
76000000.0,en,8.981427,88.0,Released,3.9,87,2000,1,1,1,1,1,0,0,0,1,0,0,0,0,0,0,0,0,0,0,0,0,1.0
75000000.0,en,31.482872,87.0,Released,5.9,3462,2016,3,0,0,1,0,0,0,0,1,0,0,0,0,0,0,0,0,0,0,0,0,3.0
78000000.0,en,47.436675,110.0,Released,5.7,1155,2003,3,1,0,0,0,0,0,0,0,1,0,0,0,0,0,0,1,0,1,0,0,2.0
76000000.0,en,136.886704,98.0,Released,7.0,4637,2013,3,0,0,1,1,0,0,0,1,0,0,0,0,0,0,0,0,0,0,0,0,3.0
75000000.0,en,60.442593,145.0,Released,6.7,3260,1996,3,1,1,0,0,0,0,0,0,0,0,0,0,0,0,0,1,0,0,0,0,8.0
73000000.0,en,2.502487,129.0,Released,6.2,2487,1997,3,1,1,0,0,0,0,0,0,0,0,0,0,0,0,0,1,0,0,0,0,27.0
75000000.0,en,48.110909,86.0,Released,6.6,3237,2005,3,0,0,1,0,0,0,0,1,0,0,0,0,0,0,0,0,0,0,0,0,4.5
76000000.0,en,35.387874,109.0,Released,7.4,2071,2006,1,1,0,0,0,0,0,1,0,0,0,0,0,0,0,0,1,0,1,0,0,5.0
75000000.0,en,4.66891,104.0,Released,6.8,4097,2000,3,1,1,0,0,0,0,0,0,0,0,0,0,0,0,0,1,0,0,0,0,8.0
75000000.0,en,73.82289,110.0,Released,6.4,2528,2008,3,1,0,0,0,1,0,0,0,0,0,0,0,0,0,0,0,0,1,0,0,4.0
75000000.0,en,51.469576,136.0,Released,6.9,1456,1996,3,1,1,0,0,0,0,0,0,0,0,0,0,0,0,0,0,0,1,0,0,12.0
80000000.0,en,85.115058,91.0,Released,6.5,2951,2006,3,0,1,1,1,0,0,0,1,0,0,0,0,0,0,0,0,0,0,0,0,5.0
75000000.0,en,61.437586,99.0,Released,6.6,2105,2004,3,0,0,0,1,0,0,0,0,0,0,0,0,0,0,1,0,0,0,0,0,7.0
50000000.0,en,31.160542,117.0,Released,6.5,709,2007,3,0,0,0,1,0,0,0,1,0,0,0,0,1,0,1,0,0,0,0,0,8.0
80000000.0,en,15.761384,114.0,Released,4.7,183,2004,1,0,0,0,0,0,0,0,0,0,0,0,1,0,1,0,0,0,1,0,0,15.0
75000000.0,en,17.561955,78.0,Released,4.3,318,1999,3,1,1,0,1,0,0,0,1,0,0,0,0,0,0,0,0,0,0,0,0,1.0
75000000.0,en,71.124686,115.0,Released,7.3,5487,2013,2,0,0,0,0,1,0,0,0,0,0,0,0,0,0,0,0,0,1,0,0,6.0
80000000.0,en,38.864027,102.0,Released,6.0,1705,2010,3,0,0,0,1,0,0,0,0,0,0,0,0,0,0,0,0,0,0,0,0,9.0
60000000.0,en,57.753914,128.0,Released,7.0,1910,2004,3,0,0,0,1,0,0,1,0,0,0,0,0,0,0,0,0,0,0,0,0,27.0
35000000.0,en,13.25753,100.0,Released,5.7,202,2009,3,0,0,0,1,0,0,0,1,0,0,0,0,0,0,0,0,0,0,0,0,3.0
75000000.0,en,13.318744,124.0,Released,5.9,283,2000,3,1,1,0,0,0,0,0,0,0,0,0,0,0,0,0,0,0,1,0,0,8.0
75000000.0,en,18.70031,102.0,Released,6.5,338,2007,2,0,0,0,1,0,0,1,0,0,0,1,0,0,0,0,0,0,0,0,0,6.0
75000000.0,en,47.094369,90.0,Released,5.8,1557,2004,3,1,0,1,1,0,0,0,1,0,0,0,0,0,0,0,0,0,0,0,0,3.3333333333333335
70000000.0,en,14.486311,134.0,Released,6.6,284,2006,3,0,0,0,0,0,0,1,0,0,0,0,0,0,0,0,0,0,0,0,0,5.0
53000000.0,en,18.61472,118.0,Released,5.4,292,2005,3,0,0,0,1,1,0,0,0,0,0,0,0,0,0,0,0,0,0,0,0,8.0
70000000.0,en,29.035222,164.0,Released,6.9,696,2005,3,1,0,0,0,0,0,1,0,0,0,1,0,0,0,0,0,0,1,0,0,27.0
70000000.0,en,27.055085,121.0,Released,6.4,573,2003,2,1,0,0,0,0,0,1,0,0,0,0,0,0,0,0,0,0,0,1,0,8.0
75000000.0,en,23.004607,100.0,Released,5.7,772,2010,2,1,0,0,1,0,0,0,0,0,0,0,0,0,0,1,0,0,1,0,0,6.0
75000000.0,en,48.744209,116.0,Released,7.1,2265,2015,2,1,1,0,1,0,0,0,0,0,0,0,0,0,0,0,0,0,0,0,0,7.0
80000000.0,en,14.209329,130.0,Released,5.8,369,2004,1,0,0,0,1,0,0,0,0,0,0,0,0,0,0,0,0,0,0,0,0,3.0
75000000.0,en,36.368839,91.0,Released,6.3,874,2006,3,0,0,1,1,0,0,0,1,1,0,0,0,0,0,0,0,0,0,0,0,2.0
75000000.0,en,24.353302,123.0,Released,6.2,302,2001,1,1,0,0,1,1,0,0,0,0,0,0,0,0,0,1,0,0,0,0,0,13.0
55000000.0,en,19.143321,134.0,Released,5.9,311,1995,3,1,1,0,0,0,0,1,0,0,0,0,0,0,0,1,0,0,0,0,0,4.0
75000000.0,en,13.327372,148.0,Released,6.4,197,1999,2,0,0,0,0,0,0,1,0,0,0,1,0,0,0,1,0,0,0,0,0,6.0
75000000.0,en,37.917002,110.0,Released,5.7,880,2011,3,1,0,0,0,0,0,1,0,1,0,0,0,0,0,0,0,0,0,0,0,4.0
52000000.0,en,23.663713,113.0,Released,6.2,512,2005,2,0,0,0,0,1,0,1,0,0,0,0,0,0,1,0,0,0,1,0,0,1.0
75000000.0,en,14.44381,94.0,Released,6.3,313,2000,1,1,1,1,0,0,0,0,1,0,0,0,0,0,0,0,1,0,0,0,0,2.5
75000000.0,en,10.605084,116.0,Released,5.0,166,2003,1,1,1,0,1,0,0,0,0,0,0,0,0,0,0,0,0,0,1,0,0,4.0
75000000.0,en,11.873856,99.0,Released,6.1,221,1998,1,1,0,0,0,0,0,0,0,0,0,0,0,0,0,0,1,0,0,1,0,10.0
31500000.0,en,12.708963,84.0,Released,5.8,282,2009,1,1,0,0,0,0,0,1,0,0,0,0,1,0,0,0,1,0,1,0,0,1.0
75000000.0,en,8.098369,93.0,Released,4.3,78,2001,1,1,1,1,1,0,0,0,0,1,0,0,0,0,0,0,0,0,0,0,0,2.0
45000000.0,en,20.374308,113.0,Released,5.7,276,2004,1,1,1,0,0,0,0,1,0,0,0,0,0,0,0,0,0,0,1,0,0,4.0
75000000.0,en,42.006908,106.0,Released,6.9,1946,2000,3,0,0,0,0,0,0,1,0,0,0,0,0,0,0,0,1,0,1,0,0,9.0
74000000.0,en,875.581305,91.0,Released,6.4,4571,2015,3,0,1,1,1,0,0,0,1,0,0,0,0,0,0,0,0,0,0,0,0,2.0
82000000.0,en,39.127082,110.0,Released,5.9,1623,2011,2,1,0,0,0,0,0,0,0,1,0,0,0,0,0,0,0,0,1,0,0,7.0
73000000.0,en,20.790703,98.0,Released,5.8,327,1998,2,0,0,0,0,1,0,0,0,0,0,0,0,0,1,0,0,0,0,0,0,12.0
75000000.0,en,18.65988,134.0,Released,5.8,476,1998,1,0,0,0,0,0,0,0,0,0,0,0,0,0,0,0,1,0,0,0,0,13.0
73000000.0,en,45.720894,97.0,Released,5.9,1022,2016,3,0,0,1,0,0,0,0,1,0,0,0,0,0,0,0,0,0,0,0,0,1.0
70000000.0,en,21.789615,112.0,Released,5.4,444,2008,2,0,1,0,1,0,0,0,0,0,0,0,0,0,0,1,0,0,0,0,0,6.0
75000000.0,en,20.199057,146.0,Released,5.7,390,2009,1,0,0,0,1,0,0,1,0,0,0,0,0,0,0,0,0,0,0,0,0,5.0
70000000.0,en,26.123705,110.0,Released,6.5,513,2007,2,1,0,0,0,0,0,1,0,0,0,0,0,0,0,0,0,0,1,0,0,6.0
72500000.0,en,12.599836,116.0,Released,6.2,491,2006,3,0,0,0,1,0,0,0,0,0,0,0,0,0,0,0,0,0,0,0,0,6.0
70000000.0,en,13.543053,87.0,Released,4.9,410,2001,3,0,0,0,1,0,0,0,1,1,0,0,0,0,0,1,0,0,0,0,0,5.0
72000000.0,en,60.722162,177.0,Released,7.7,3336,1995,3,1,0,0,0,0,0,1,0,0,0,1,0,0,0,0,0,0,0,1,0,3.0
72000000.0,en,32.227223,125.0,Released,6.6,765,2005,2,0,0,0,0,0,0,1,0,0,0,0,0,0,0,0,0,0,0,1,0,7.0
75000000.0,en,46.875375,87.0,Released,6.9,2264,2007,3,0,0,1,1,0,0,0,1,0,0,0,0,0,0,0,0,0,0,0,0,1.0
72000000.0,en,11.215702,152.0,Released,6.6,188,2001,1,0,0,0,0,0,0,1,0,0,0,0,0,0,0,1,0,0,0,0,0,4.0
94000000.0,en,8.468586,116.0,Released,4.5,179,2001,1,1,0,0,0,0,0,0,0,0,0,0,0,0,0,0,0,0,0,0,0,15.0
74500000.0,en,8.884318,109.0,Released,6.9,180,2004,1,0,1,0,0,0,0,1,1,0,0,0,0,0,0,0,0,0,0,0,0,4.0
60000000.0,en,27.491891,108.0,Released,6.2,1071,2004,3,0,0,0,0,0,0,1,0,0,0,0,0,0,1,0,0,0,1,0,0,9.0
71000000.0,en,21.462935,85.0,Released,5.4,686,1998,3,0,0,0,1,0,0,0,1,1,0,0,0,0,0,0,0,0,0,0,0,4.0
72000000.0,en,28.848187,106.0,Released,6.4,1599,2002,3,0,0,0,0,0,0,1,0,0,0,0,0,0,1,0,1,0,1,0,0,9.0
150000000.0,en,47.320801,93.0,Released,6.7,2988,2004,3,0,1,1,1,0,0,0,1,1,0,0,0,0,0,0,0,0,0,0,0,3.6666666666666665
120000000.0,en,82.643036,117.0,Released,6.6,3877,2006,3,0,1,1,1,0,0,0,1,0,0,0,0,0,0,0,0,0,0,0,0,3.0
70000000.0,en,20.230535,116.0,Released,5.7,455,1999,3,0,0,0,1,0,0,0,0,0,0,0,0,0,0,1,0,0,0,0,0,8.0
70000000.0,en,46.217769,124.0,Released,5.8,1424,2002,3,1,1,0,0,0,0,0,0,0,0,0,0,0,0,0,0,0,1,0,0,9.0
74000000.0,en,36.952268,93.0,Released,5.8,719,2015,3,0,1,1,1,0,0,0,1,0,0,0,0,0,0,0,0,0,0,0,0,1.0
80000000.0,en,16.411345,117.0,Released,6.4,470,1996,3,1,0,0,0,0,0,0,0,0,0,0,0,0,0,0,0,0,1,0,0,13.0
70000000.0,en,72.595961,153.0,Released,7.9,6430,2009,3,1,0,0,0,0,0,1,0,0,0,0,0,0,0,0,0,0,1,1,0,10.0
70000000.0,en,33.648404,144.0,Released,6.6,1532,1991,3,0,1,0,1,0,0,0,1,1,0,0,0,0,0,0,0,0,0,0,0,27.0
70000000.0,en,57.69847,124.0,Released,6.6,1896,1990,3,1,0,0,0,0,0,0,0,0,0,0,0,0,0,0,0,0,1,0,0,15.0
80000000.0,en,34.052253,117.0,Released,5.8,770,2003,2,1,0,0,0,1,0,0,0,0,0,0,0,0,0,0,0,0,1,0,0,2.0
68000000.0,en,27.299301,136.0,Released,6.5,1078,2001,3,0,0,0,0,0,0,1,0,0,0,0,0,0,1,1,1,0,1,0,0,6.0
75000000.0,en,20.219385,110.0,Released,5.3,409,2006,1,0,0,0,0,0,0,1,0,1,0,0,0,0,1,0,0,0,1,0,0,9.0
70000000.0,en,42.957216,101.0,Released,5.5,1217,2004,3,1,1,0,0,0,0,0,0,0,0,0,0,0,0,0,1,0,0,0,0,10.0
75000000.0,en,29.412262,88.0,Released,5.4,666,2009,3,0,0,1,1,0,0,0,1,1,0,0,0,1,0,0,0,0,0,0,0,4.0
75000000.0,en,19.708731,138.0,Released,6.7,521,2002,2,1,0,0,0,0,0,0,0,0,0,1,0,0,0,0,0,0,0,1,0,4.0
70000000.0,en,59.428223,120.0,Released,6.2,2981,2013,3,1,0,0,0,0,0,0,0,0,0,0,0,0,0,0,0,0,1,0,0,8.0
70000000.0,en,19.711951,103.0,Released,6.3,391,1998,3,1,1,0,0,0,0,0,0,0,0,0,0,0,0,0,1,0,1,0,0,4.0
70000000.0,en,49.199234,116.0,Released,5.5,1448,2011,3,1,0,0,0,0,0,0,0,0,0,0,0,0,0,0,1,0,0,0,0,5.0
70000000.0,en,46.199482,125.0,Released,7.6,1994,2003,3,0,1,0,0,0,0,1,0,1,0,0,0,0,0,0,0,0,0,0,0,14.0
70000000.0,en,13.758526,125.0,Released,6.0,216,1994,3,0,0,0,0,0,0,0,0,1,0,0,0,0,0,0,0,0,0,0,0,6.0
66000000.0,en,29.505574,146.0,Released,7.0,992,2011,3,0,0,0,0,0,0,1,0,0,0,0,0,0,0,0,0,0,0,1,0,27.0
70000000.0,en,43.873266,118.0,Released,5.8,1523,2014,3,1,0,0,0,0,0,1,0,0,0,1,0,0,0,0,0,0,0,1,0,5.0
70000000.0,en,24.961625,139.0,Released,7.1,808,1989,2,1,1,0,0,0,0,0,0,0,0,0,0,0,0,0,1,0,1,0,0,7.0
70000000.0,en,23.25645,133.0,Released,5.8,493,2010,3,0,0,0,0,1,0,1,0,0,0,0,0,0,0,0,0,0,0,0,0,14.0
70000000.0,en,64.457947,92.0,Released,6.2,2389,2014,3,1,0,0,0,0,0,1,0,1,0,0,1,0,0,0,0,0,0,1,0,1.0
70000000.0,en,20.089933,116.0,Released,6.0,352,1998,3,1,0,0,0,1,0,1,0,0,0,0,0,0,0,0,0,0,1,0,0,7.0
70000000.0,en,48.032734,127.0,Released,7.1,1184,2007,3,0,1,0,0,0,0,0,1,1,0,0,0,0,0,1,0,0,0,0,0,4.0
70000000.0,en,16.92991,136.0,Released,7.0,630,1997,3,0,1,0,0,0,0,1,0,0,0,1,0,0,0,0,0,0,0,0,0,4.0
70000000.0,en,14.780634,111.0,Released,5.2,304,2011,1,0,0,0,1,0,0,1,0,0,0,0,0,0,0,0,0,0,0,0,0,13.0
70000000.0,en,14.086292,116.0,Released,5.4,228,2002,1,1,1,0,1,0,0,0,0,0,0,0,0,0,0,0,0,0,1,0,0,13.0
60000000.0,en,29.261348,105.0,Released,5.0,609,2005,1,1,1,0,0,0,0,0,0,0,0,0,1,0,0,0,0,0,0,0,0,5.0
70000000.0,en,13.267631,97.0,Released,5.2,269,2002,1,1,1,0,1,0,0,0,0,0,0,0,0,0,0,0,0,0,1,0,0,4.0
70000000.0,en,58.401204,88.0,Released,6.1,1862,2012,3,1,0,0,0,0,0,0,0,1,0,0,1,0,0,0,0,0,0,0,0,1.0
75000000.0,en,23.515938,123.0,Released,6.0,385,2012,1,0,0,0,1,0,0,1,0,0,0,0,0,1,0,1,0,0,0,0,0,8.0
70000000.0,en,14.244518,125.0,Released,5.9,241,2002,1,0,0,0,0,0,0,1,0,0,0,0,0,0,0,0,0,0,0,1,0,3.0
66000000.0,en,29.501489,116.0,Released,6.1,695,2011,1,1,1,0,0,0,0,0,0,0,0,0,0,0,0,0,0,0,1,0,0,1.0
70000000.0,en,9.306253,98.0,Released,3.4,106,2002,1,1,0,0,0,0,0,0,0,0,0,0,0,0,0,0,1,0,1,0,0,10.0
70000000.0,en,8.37378,91.0,Released,4.3,97,2002,1,1,1,0,0,0,0,0,0,0,0,0,0,0,0,0,0,0,1,0,0,1.0
70000000.0,en,10.930537,97.0,Released,5.5,179,1998,1,0,0,0,0,0,0,0,0,0,0,0,0,0,0,0,0,0,1,0,0,2.0
75000000.0,en,10.54544,95.0,Released,5.9,228,2001,1,1,1,1,1,0,0,0,1,0,0,0,0,0,0,0,0,0,0,0,0,11.5
70000000.0,en,6.682006,88.0,Released,5.9,43,2013,1,0,0,1,0,0,0,0,1,0,0,0,0,1,0,0,0,0,0,0,0,1.0
70000000.0,en,46.832372,133.0,Released,5.1,826,2015,1,0,0,0,0,1,0,1,0,0,0,0,0,0,1,0,0,0,0,0,0,6.0
70000000.0,en,24.664776,107.0,Released,5.7,439,2004,1,1,1,0,0,0,0,0,0,0,0,0,0,0,1,0,1,0,1,0,0,1.0
70000000.0,en,13.483387,114.0,Released,4.6,180,2006,1,0,0,0,0,1,0,0,0,0,0,0,0,0,1,0,0,0,1,0,0,4.0
50000000.0,en,44.478043,115.0,Released,6.7,1659,2013,3,1,0,0,0,0,0,0,0,0,0,0,0,0,0,0,0,0,1,0,0,4.0
70000000.0,en,25.020428,99.0,Released,4.4,533,2014,1,1,1,0,0,0,0,0,0,0,0,0,0,0,0,0,0,0,0,0,0,15.0
68000000.0,en,22.392544,124.0,Released,5.9,437,2002,3,1,0,0,0,0,0,1,0,0,0,0,0,0,0,0,0,0,1,0,0,1.0
68000000.0,en,107.069763,124.0,Released,5.8,2301,2010,3,0,1,0,0,0,0,1,0,1,0,0,0,0,0,1,0,0,0,0,0,3.0
68000000.0,en,22.572323,124.0,Released,6.7,423,2001,2,1,0,0,0,1,0,0,0,0,0,0,0,0,0,0,0,0,1,0,0,7.0
69000000.0,en,113.858273,95.0,Released,7.1,6478,2010,3,0,0,1,0,0,0,0,1,0,0,0,0,0,0,0,0,0,0,0,0,3.0
60000000.0,en,10.004564,103.0,Released,5.4,222,1995,1,1,0,0,1,1,0,0,0,0,0,0,0,0,0,0,0,0,0,0,0,1.0
68000000.0,en,68.734513,115.0,Released,6.2,2463,2015,3,0,0,0,1,0,0,0,0,0,0,0,0,0,0,0,0,0,0,0,0,3.0
70000000.0,en,18.888806,127.0,Released,6.9,395,2009,1,0,1,0,0,0,0,1,0,0,0,1,0,0,0,0,0,0,0,0,0,4.0
68000000.0,en,12.948627,121.0,Released,5.7,250,1999,1,1,1,0,1,0,0,0,0,1,0,0,0,0,0,0,1,0,0,0,0,1.0
36000000.0,en,27.11589,105.0,Released,5.4,611,2011,3,0,0,0,1,0,0,0,0,0,0,0,0,0,0,0,0,0,0,0,0,11.5
90000000.0,en,26.153669,157.0,Released,7.3,481,1999,1,0,0,0,0,0,0,1,0,0,0,0,0,0,0,0,0,0,1,0,0,6.0
80000000.0,en,28.223664,114.0,Released,6.3,588,2016,1,1,0,0,0,0,0,1,0,0,0,1,0,0,0,0,0,0,1,0,0,4.0
70000000.0,en,37.507136,128.0,Released,6.5,895,2008,3,1,0,0,0,0,0,1,0,0,0,0,0,0,0,0,0,0,1,0,0,16.0
69000000.0,en,11.023691,114.0,Released,5.5,531,2010,2,0,0,0,1,0,0,0,0,0,0,0,0,0,0,0,0,0,0,0,0,8.0
69000000.0,en,38.634767,94.0,Released,5.5,1269,2012,3,1,0,0,0,0,0,0,0,1,0,0,1,0,0,0,0,0,0,0,0,4.0
66000000.0,en,25.877794,112.0,Released,6.0,602,1999,3,0,0,0,0,0,0,1,0,0,0,0,0,0,1,1,0,0,0,0,0,4.0
66000000.0,en,18.59991,121.0,Released,6.6,488,1998,3,0,0,0,0,0,0,0,0,0,0,0,0,0,1,0,1,0,1,0,0,4.0
67000000.0,en,12.282911,102.0,Released,5.0,207,2007,1,1,1,0,0,0,0,0,0,1,0,0,0,0,0,0,0,0,0,1,0,1.0
70000000.0,en,76.041867,169.0,Released,7.9,5048,1998,3,0,0,0,0,0,0,1,0,0,0,1,0,0,0,0,0,0,0,1,0,27.0
66000000.0,en,54.81489,130.0,Released,6.1,1520,2014,3,1,0,0,0,1,0,1,0,0,0,0,0,0,0,0,0,0,1,0,0,2.0
70000000.0,en,31.39165,127.0,Released,6.1,992,2000,3,0,0,0,1,0,0,0,0,0,0,0,0,0,0,1,0,0,0,0,0,5.0
59000000.0,en,99.561972,81.0,Released,7.1,3857,2002,3,0,1,1,1,0,0,0,1,0,0,0,0,0,0,0,0,0,0,0,0,3.0
68000000.0,en,26.792794,136.0,Released,5.3,567,2003,2,0,0,0,0,0,0,1,0,0,0,0,1,0,0,0,1,0,1,0,0,5.0
65000000.0,en,36.307296,149.0,Released,6.7,1429,2012,3,0,0,0,0,0,0,1,0,0,0,1,0,0,0,0,0,0,0,0,0,27.0
63000000.0,en,104.309993,136.0,Released,7.9,8907,1999,3,1,0,0,0,0,0,0,0,0,0,0,0,0,0,0,1,0,0,0,0,7.0
52000000.0,en,68.140214,140.0,Released,7.3,1599,1995,3,0,0,0,0,0,0,1,0,0,0,0,0,0,0,0,0,0,0,0,0,13.0
65000000.0,en,14.646884,104.0,Released,5.5,297,2002,3,0,0,0,1,0,0,0,1,1,0,0,0,0,0,0,0,0,0,0,0,2.0
61000000.0,en,48.356214,157.0,Released,7.1,1884,2012,3,0,0,0,0,0,0,1,0,0,0,0,0,1,0,1,0,0,0,0,0,3.0
65000000.0,en,28.540267,119.0,Released,6.3,838,1998,3,0,0,0,1,0,0,0,0,0,0,0,0,0,0,1,0,0,0,0,0,3.0
65000000.0,en,22.977983,98.0,Released,6.5,1062,2008,3,0,0,0,1,0,0,0,0,0,0,0,0,0,0,0,0,0,0,0,0,6.0
95000000.0,en,31.086791,136.0,Released,6.3,1183,1998,3,1,1,0,0,0,0,0,0,0,0,0,0,0,0,0,0,0,0,0,0,8.0
65000000.0,en,43.865294,95.0,Released,6.2,1685,2010,3,0,0,0,1,0,0,1,0,0,0,0,0,0,0,0,0,0,0,0,0,7.0
65000000.0,en,43.055253,137.0,Released,7.3,1400,2014,3,0,0,0,0,0,0,1,0,0,0,0,0,0,0,0,0,0,0,1,0,3.0
65000000.0,en,15.772081,130.0,Released,6.3,403,2000,3,1,1,0,0,0,0,0,0,0,0,0,0,0,0,0,0,0,1,0,0,20.0
70000000.0,en,26.19909,112.0,Released,6.1,588,1993,3,1,1,0,0,0,0,0,0,0,0,0,0,0,0,0,0,0,1,0,0,15.0
50000000.0,en,22.769108,108.0,Released,5.7,453,1996,3,1,1,0,0,0,0,1,0,0,0,0,0,0,0,0,0,0,1,0,0,7.0
65000000.0,en,18.281798,104.0,Released,6.0,238,2000,2,0,0,0,1,0,0,0,1,1,0,0,0,0,0,0,0,0,0,0,0,7.0
63000000.0,en,24.697533,128.0,Released,5.9,447,2006,3,0,0,0,0,0,0,1,0,0,0,1,0,0,0,0,0,0,1,0,0,14.0
65000000.0,en,19.718544,117.0,Released,6.5,393,2003,3,0,0,0,0,0,0,1,0,0,0,0,0,0,0,1,0,0,0,0,0,7.0
65000000.0,en,31.349143,83.0,Released,5.9,1743,2012,3,0,0,0,1,0,0,0,0,0,0,0,0,0,0,0,0,0,0,0,0,5.0
65000000.0,en,27.870312,159.0,Released,7.1,1234,1999,3,0,0,0,0,0,0,1,0,0,0,0,0,0,1,0,0,0,0,0,0,6.0
65000000.0,en,33.439187,119.0,Released,6.0,466,2014,3,0,0,0,1,0,0,1,1,0,0,0,0,0,0,0,0,0,0,0,0,3.0
50100000.0,en,59.634029,105.0,Released,6.7,2542,2015,3,0,0,0,1,1,0,1,0,0,0,0,0,0,0,1,0,0,0,0,0,3.0
65000000.0,en,38.994297,103.0,Released,5.9,1389,2012,3,1,0,0,1,0,0,0,0,0,0,0,0,0,0,1,0,0,0,0,0,6.0
65000000.0,en,49.660055,123.0,Released,5.7,1252,2004,3,1,1,0,0,0,0,0,0,1,0,0,1,0,0,0,1,0,1,0,0,2.0
4200000.0,en,11.743085,114.0,Released,6.4,215,1984,3,1,0,0,0,0,0,0,0,0,0,0,0,0,0,0,0,0,1,0,0,3.0
65000000.0,en,9.110247,143.0,Released,6.1,94,1998,1,0,0,0,1,0,0,1,0,0,0,0,0,0,0,0,0,0,0,0,0,6.0
65000000.0,en,6.227675,95.0,Released,5.6,1600,2012,3,1,0,0,0,0,0,0,0,0,0,0,1,0,0,0,1,0,0,0,0,10.0
45000000.0,en,42.57877,105.0,Released,6.0,1175,2008,3,1,0,0,0,0,0,0,0,0,0,0,0,0,0,0,1,0,1,0,0,10.0
65000000.0,en,15.858629,120.0,Released,6.5,314,1996,2,1,0,0,0,1,0,0,0,0,0,0,0,0,1,0,0,0,1,0,0,15.0
65000000.0,en,14.866901,135.0,Released,6.0,208,2000,1,1,1,0,0,0,0,1,0,0,0,0,0,0,0,1,0,0,1,0,0,6.0
65000000.0,en,15.194239,101.0,Released,6.1,779,2005,1,0,1,0,0,0,0,0,1,1,0,0,0,0,0,0,1,0,0,0,0,6.0
63000000.0,en,146.757391,139.0,Released,8.3,9413,1999,3,0,0,0,0,0,0,1,0,0,0,0,0,0,0,0,0,0,0,0,0,10.0
65000000.0,en,8.629665,124.0,Released,6.7,186,2006,1,0,0,0,0,0,0,1,0,0,0,0,0,0,0,0,0,0,0,0,0,6.0
65000000.0,en,16.803457,100.0,Released,5.4,269,1991,1,1,1,0,1,0,0,0,0,0,0,0,0,0,0,0,0,0,0,0,0,3.0
65000000.0,en,2.952595,105.0,Released,4.9,52,2000,1,1,1,0,1,1,0,0,0,0,0,0,0,0,0,1,0,0,1,0,0,3.0
65000000.0,en,31.324734,92.0,Released,5.0,687,2014,2,0,0,0,0,0,0,0,0,0,0,0,1,0,0,0,0,0,1,0,0,1.0
50000000.0,en,20.415572,130.0,Released,6.7,274,2005,1,0,0,0,0,1,0,1,1,0,0,0,0,0,0,0,0,0,0,0,0,6.0
43000000.0,en,28.613892,97.0,Released,4.8,575,2005,2,1,0,0,0,0,0,0,0,1,0,0,0,0,0,0,0,0,0,0,0,4.0
65000000.0,en,85.428395,102.0,Released,6.3,1286,2014,1,0,0,0,0,1,0,0,0,0,0,0,0,0,0,0,0,0,1,0,0,10.0
64000000.0,en,4.137237,133.0,Released,5.3,63,1999,2,0,0,0,0,0,0,1,0,0,0,0,0,0,0,1,0,0,0,0,0,5.0
55000000.0,en,60.246978,121.0,Released,6.7,1772,2015,3,0,1,0,0,0,0,1,0,0,0,0,0,0,0,0,0,0,0,0,0,3.0
50000000.0,en,42.551902,147.0,Released,7.1,1165,2006,3,0,0,0,0,1,0,1,0,1,0,0,0,0,0,0,0,0,0,0,0,6.0
63000000.0,en,40.137264,94.0,Released,5.9,979,2002,3,0,0,0,1,1,0,0,0,0,0,0,0,0,0,0,1,0,0,0,0,8.0
65000000.0,en,24.857079,94.0,Released,6.1,409,2009,1,1,0,1,0,0,0,0,1,0,0,0,0,0,0,0,1,0,0,0,0,4.0
63000000.0,en,40.413191,127.0,Released,7.6,4856,1993,3,0,1,0,0,0,0,0,0,0,0,0,0,0,0,0,1,0,0,0,0,27.0
63000000.0,en,13.859307,191.0,Released,6.5,202,1994,1,1,0,0,0,0,0,1,0,0,0,0,0,0,0,0,0,0,0,0,1,5.0
62000000.0,en,18.832471,141.0,Released,6.4,386,1994,3,1,0,0,0,0,0,1,0,0,0,0,0,0,0,0,0,0,1,0,0,9.0
65000000.0,zh,9.568884,127.0,Released,5.9,145,2015,3,1,1,0,0,0,0,1,0,0,0,0,0,0,0,0,0,0,0,0,0,2.0
64000000.0,en,12.421504,98.0,Released,5.3,261,2006,2,0,0,0,1,1,0,0,0,0,0,0,0,0,0,0,0,0,0,0,0,4.0
62000000.0,en,18.096884,116.0,Released,6.1,340,2000,3,1,0,0,0,0,0,1,0,0,0,0,0,0,0,0,0,0,1,1,0,4.0
62000000.0,en,11.056763,106.0,Released,6.5,195,1995,3,0,0,0,1,0,0,1,0,0,0,0,0,0,0,1,0,0,0,0,0,11.0
62000000.0,en,13.218008,87.0,Released,4.3,242,2008,1,0,0,0,1,0,0,0,0,0,0,0,0,0,0,1,0,0,0,0,0,1.0
62000000.0,en,11.262655,125.0,Released,5.8,178,2001,1,1,1,0,1,1,0,0,0,0,0,0,0,0,0,0,0,0,1,0,0,1.0
44000000.0,en,68.717016,167.0,Released,7.6,4274,2015,3,0,0,0,0,1,0,1,0,0,0,0,0,0,1,0,0,0,0,0,1,10.0
53000000.0,en,19.412028,93.0,Released,5.9,569,2007,3,1,0,0,1,0,0,1,0,0,0,0,0,0,0,0,0,0,0,0,0,2.0
63000000.0,en,16.791058,95.0,Released,5.5,331,2011,3,0,0,1,1,0,0,0,1,0,0,0,0,0,0,0,0,0,0,0,0,5.0
65000000.0,en,65.197968,117.0,Released,7.0,4997,2006,3,1,1,0,0,0,0,0,0,0,0,0,0,0,0,0,0,0,0,1,0,7.0
80000000.0,en,32.829538,115.0,Released,6.1,1373,2004,3,0,0,0,1,0,0,0,0,0,0,0,0,0,0,1,0,0,0,0,0,8.0
60000000.0,en,30.951203,115.0,Released,6.9,1343,2008,3,0,0,0,1,0,0,0,1,0,0,0,0,0,0,0,0,0,0,0,0,4.0
60000000.0,en,103.698022,189.0,Released,8.2,4048,1999,3,0,0,0,0,1,0,1,0,1,0,0,0,0,0,0,0,0,0,0,0,4.0
60000000.0,en,31.719463,100.0,Released,5.6,648,2007,3,1,1,0,1,0,0,0,0,0,0,0,0,0,0,0,0,0,0,0,0,4.0
150000000.0,en,47.973995,81.0,Released,5.6,944,2005,3,0,0,1,1,0,0,0,1,0,0,0,0,0,0,0,0,0,0,0,0,3.0
61000000.0,en,143.041543,145.0,Released,7.9,5862,2014,3,0,0,0,0,0,0,1,0,0,0,0,0,0,1,0,0,0,1,0,0,10.0
60000000.0,en,86.476817,119.0,Released,7.3,3583,2002,3,1,0,0,0,0,0,1,0,0,0,0,0,0,1,0,0,0,1,0,0,7.0
58000000.0,en,59.824565,130.0,Released,6.6,1174,1995,3,1,1,0,0,0,0,0,0,0,0,0,0,0,0,0,0,0,1,0,0,8.0
60000000.0,en,18.345613,116.0,Released,6.1,205,1999,3,0,0,0,0,1,0,1,0,0,0,0,0,0,1,0,0,0,1,0,0,8.0
60000000.0,en,56.488027,103.0,Released,7.8,4537,1998,3,0,0,0,1,0,0,1,0,0,0,0,0,0,0,0,0,0,0,0,0,4.0
70000000.0,en,29.464852,99.0,Released,6.8,817,1998,3,0,1,1,0,0,0,1,1,0,0,0,0,1,0,0,0,0,0,0,0,2.3333333333333335
60000000.0,en,18.106021,92.0,Released,5.6,506,2003,3,0,0,0,1,0,0,0,1,0,0,0,0,0,0,0,0,0,0,0,0,5.0
61000000.0,en,42.881415,109.0,Released,6.6,1589,2013,3,1,0,0,1,1,0,0,0,0,0,0,0,0,0,0,0,0,0,0,0,3.0
60000000.0,en,18.735024,87.0,Released,5.0,352,2001,2,0,0,0,1,0,0,0,1,0,0,0,0,0,0,0,0,0,0,0,0,2.0
60000000.0,en,62.766854,110.0,Released,6.6,1919,2003,3,1,0,0,0,1,0,0,0,0,0,0,0,0,0,0,0,0,0,0,0,8.0
60000000.0,en,24.153567,101.0,Released,5.9,487,2002,2,0,0,0,1,0,0,0,0,0,0,0,0,0,0,1,0,0,0,0,0,3.0
60000000.0,en,41.515702,83.0,Released,6.0,1272,1998,3,0,1,1,1,0,0,0,1,0,0,0,0,0,0,0,0,0,0,0,0,4.5
70000000.0,en,26.676487,113.0,Released,5.3,588,2009,3,0,0,0,1,0,0,0,0,0,0,0,0,0,0,1,0,0,0,0,0,1.0
60000000.0,en,16.278022,107.0,Released,5.9,353,1990,3,0,1,0,0,0,0,0,0,0,0,0,0,0,0,0,0,0,0,0,0,12.0
60000000.0,en,18.831023,94.0,Released,5.7,526,2005,3,0,0,0,1,0,0,0,0,0,0,0,0,0,0,0,0,0,0,0,0,8.0
61000000.0,en,113.161483,132.0,Released,6.4,3040,2015,3,1,0,0,0,0,0,0,0,0,0,0,0,0,0,0,0,0,0,0,0,2.0
60000000.0,en,28.800112,133.0,Released,5.8,636,2010,3,0,0,0,0,0,0,1,0,0,0,0,0,0,0,0,0,0,0,0,0,2.0
60000000.0,en,19.705489,125.0,Released,6.5,521,2000,3,0,0,0,1,0,0,1,0,1,0,0,0,0,0,1,0,0,0,0,0,10.0
58000000.0,en,41.430245,111.0,Released,6.6,2808,2010,2,1,1,0,1,1,0,0,0,0,0,0,0,0,0,0,0,0,1,0,0,6.0
55000000.0,en,23.127561,163.0,Released,6.8,422,1999,3,0,0,0,0,0,0,1,0,0,0,0,0,0,0,0,0,0,0,0,0,14.0
60000000.0,en,12.867352,170.0,Released,6.7,292,1998,3,0,0,0,0,0,0,1,0,0,0,0,0,0,0,1,0,0,0,0,0,5.0
65000000.0,en,44.815022,120.0,Released,7.0,1451,2004,3,0,0,0,0,1,0,1,0,0,0,0,0,0,0,0,0,0,1,0,0,6.0
60000000.0,en,37.537093,92.0,Released,5.3,779,2002,3,1,1,0,0,0,0,0,0,1,0,0,0,0,0,0,0,0,0,0,0,6.0
60000000.0,en,10.99991,115.0,Released,6.2,207,2004,2,1,0,0,0,0,0,1,0,0,0,0,0,0,0,0,0,0,1,0,0,3.0
60000000.0,en,56.868399,130.0,Released,6.3,2998,2012,3,0,0,0,0,1,0,1,0,0,0,0,0,0,0,0,0,0,1,0,0,3.0
60000000.0,en,22.991269,105.0,Released,5.6,604,1999,2,1,0,0,0,0,0,0,0,0,0,0,0,0,0,0,1,0,1,0,0,15.0
60000000.0,en,15.798622,111.0,Released,6.7,247,2009,3,0,0,0,0,0,1,0,0,0,0,0,0,1,0,0,0,0,0,0,0,5.0
60000000.0,en,38.820858,106.0,Released,6.2,1325,2011,3,0,0,0,0,0,0,1,0,0,0,0,0,0,0,0,1,0,1,0,0,15.0
60000000.0,en,10.292864,89.0,Released,4.3,203,2003,2,0,1,0,1,1,0,0,0,0,0,0,0,0,0,0,0,0,0,0,0,2.0
60000000.0,en,51.146047,100.0,Released,7.3,1386,2009,3,0,0,1,0,0,0,0,1,0,0,0,0,0,0,0,0,0,0,0,0,2.0
60000000.0,en,20.501582,91.0,Released,4.9,950,2008,3,0,0,0,0,0,0,0,0,0,0,0,0,0,0,0,1,0,1,0,0,9.0
70000000.0,en,45.299089,146.0,Released,7.3,1553,2004,3,1,0,0,0,1,0,1,0,0,0,0,0,0,0,0,0,0,1,0,0,12.0
50000000.0,en,4.280619,98.0,Released,4.5,137,2006,2,0,0,0,1,0,0,0,1,0,0,0,0,0,0,0,0,0,0,0,0,6.0
60000000.0,en,28.848842,101.0,Released,5.6,644,2004,3,0,0,0,1,1,0,0,0,0,0,0,0,0,0,0,0,0,0,0,0,7.0
60000000.0,en,22.501041,89.0,Released,5.5,575,1996,3,0,0,0,1,0,0,0,1,0,0,0,0,0,0,0,0,0,0,0,0,6.0
66000000.0,en,47.479755,122.0,Released,6.5,2225,2004,2,1,0,0,0,0,0,0,0,1,0,0,0,0,0,0,1,0,0,0,0,5.0
70000000.0,en,10.147321,115.0,Released,6.1,109,1998,1,0,0,0,0,0,0,1,0,0,0,0,0,0,0,0,0,0,0,0,0,2.0
60000000.0,en,39.539045,90.0,Released,6.7,789,2012,3,0,1,1,1,0,0,0,1,0,0,0,0,0,0,0,0,0,0,0,0,2.0
60000000.0,en,19.747459,124.0,Released,6.1,527,1997,3,1,1,0,0,1,0,0,0,0,0,0,0,0,0,0,0,0,1,0,0,4.0
60000000.0,en,29.018826,119.0,Released,5.9,581,2003,3,1,1,0,0,0,0,0,0,0,0,0,0,0,1,0,1,0,1,0,0,7.0
60000000.0,en,4.801849,119.0,Released,5.9,50,1996,3,0,0,0,0,0,0,1,0,0,0,0,0,0,0,1,0,0,0,0,0,3.0
60000000.0,en,16.493576,93.0,Released,5.8,258,2008,1,0,1,1,0,0,0,0,1,0,0,0,0,0,0,0,0,0,0,0,0,2.0
60000000.0,en,21.549232,98.0,Released,5.3,483,2002,3,1,0,0,1,0,0,0,0,0,0,0,0,0,0,0,1,0,1,0,0,1.0
60000000.0,en,13.080725,100.0,Released,5.6,210,1995,3,1,0,0,0,0,0,0,0,0,0,0,0,0,0,0,0,0,1,0,0,1.0
60000000.0,en,42.538258,105.0,Released,5.9,1173,2014,1,1,0,0,0,0,0,1,0,0,0,0,0,0,0,0,0,0,1,0,0,7.0
60000000.0,en,29.876507,124.0,Released,6.4,1581,2015,3,0,0,0,1,0,0,1,0,0,0,0,0,0,0,0,0,0,0,0,0,8.0
60000000.0,en,61.849521,99.0,Released,5.8,1621,2016,3,1,0,0,0,1,0,0,0,0,0,0,0,0,0,0,0,0,1,0,0,1.0
70000000.0,en,37.44963,109.0,Released,5.9,1365,1997,3,1,0,0,0,0,0,0,0,0,0,0,1,0,0,0,1,0,0,0,0,5.0
61000000.0,en,37.378081,124.0,Released,6.9,1462,2007,2,1,0,0,0,1,0,1,0,0,0,0,0,0,1,0,0,0,1,0,0,8.0
60000000.0,en,30.656345,97.0,Released,6.6,668,2014,3,0,0,1,1,0,0,0,1,1,0,0,0,0,0,0,0,0,0,0,0,1.5
75000000.0,en,15.142701,104.0,Released,6.3,338,1998,1,0,0,0,1,0,0,1,0,1,0,0,0,0,0,0,0,0,0,0,0,3.0
60000000.0,en,59.547928,100.0,Released,7.5,3070,2014,3,0,1,1,1,0,0,0,1,1,0,0,0,0,0,0,0,0,0,0,0,4.0
45000000.0,en,19.998581,115.0,Released,5.3,425,2005,3,1,0,0,1,0,0,0,0,0,0,0,0,0,0,0,0,0,0,0,0,3.0
60000000.0,en,27.615108,101.0,Released,6.0,669,2002,1,1,1,0,0,0,0,0,0,1,0,0,0,0,0,0,0,0,0,0,0,4.0
60000000.0,en,29.041198,113.0,Released,6.2,1778,2013,3,1,0,0,0,1,0,1,0,0,0,0,0,0,0,0,0,0,1,0,0,3.0
60000000.0,en,25.293538,97.0,Released,4.6,524,2009,2,0,1,0,1,0,0,0,0,0,0,0,0,0,0,0,0,0,0,0,0,8.0
60000000.0,en,23.85119,134.0,Released,7.0,1125,2009,3,0,0,0,0,0,0,1,0,0,0,1,0,0,0,0,0,0,0,0,0,20.0
60000000.0,en,21.685719,127.0,Released,6.7,484,2009,2,1,0,0,0,0,0,0,0,0,0,0,0,0,0,0,0,0,0,0,0,3.0
78146652.0,en,13.630049,125.0,Released,5.7,201,2009,1,0,0,0,1,1,0,0,0,0,0,0,0,0,0,1,0,0,0,0,0,3.0
65000000.0,en,6.80692,94.0,Released,5.1,80,1999,1,0,0,0,1,0,0,1,1,0,0,0,0,0,0,0,1,0,0,0,0,8.0
60000000.0,en,15.352807,108.0,Released,5.8,225,2006,2,1,0,0,0,1,0,0,0,0,0,0,0,0,0,0,0,0,1,0,0,2.0
70000000.0,en,23.661071,91.0,Released,5.6,556,2009,2,0,1,1,1,0,0,0,1,0,0,0,0,0,0,0,1,0,0,0,0,1.0
60000000.0,en,21.605533,117.0,Released,6.1,479,2002,2,1,1,0,0,0,0,0,0,0,0,0,0,0,0,0,1,0,1,0,0,2.0
60000000.0,en,22.620125,100.0,Released,5.8,391,2003,3,0,0,0,1,1,0,0,0,0,0,0,0,0,0,1,0,0,0,0,0,12.0
60000000.0,en,18.587114,111.0,Released,6.6,366,2012,1,0,0,0,0,0,0,1,0,0,0,0,0,0,0,1,0,0,0,0,0,1.0
80000000.0,en,24.657931,117.0,Released,6.2,487,2010,1,0,0,0,0,1,0,1,0,0,0,0,0,0,1,0,0,0,1,0,0,8.0
60000000.0,en,12.621769,110.0,Released,5.8,130,1997,1,0,0,0,0,0,0,0,0,0,0,0,1,0,1,0,0,0,1,0,0,6.0
60000000.0,en,21.08952,96.0,Released,5.7,380,2002,1,0,0,0,1,1,0,0,0,0,0,0,0,0,0,0,0,0,0,0,0,8.0
60000000.0,en,18.380176,101.0,Released,5.9,375,2008,2,1,0,0,0,1,0,1,0,0,0,0,0,0,0,0,0,0,1,0,0,3.0
60000000.0,en,18.877795,111.0,Released,6.0,368,1998,2,1,0,0,0,1,0,1,0,0,0,0,0,0,0,0,0,0,1,0,0,4.0
60000000.0,en,17.299333,109.0,Released,6.6,234,2009,1,0,0,0,0,0,0,1,0,0,0,0,0,0,0,0,0,0,0,0,0,6.0
80000000.0,en,16.848899,126.0,Released,6.3,251,2000,1,0,0,0,0,0,0,1,0,1,0,0,0,0,0,0,0,0,0,0,0,5.0
60000000.0,en,21.547446,122.0,Released,7.4,797,2000,1,0,0,0,0,0,0,1,0,0,0,0,0,1,0,0,0,0,0,0,0,6.0
60000000.0,en,16.930969,78.0,Released,5.1,464,2006,3,0,0,1,1,0,0,0,1,0,0,0,0,0,0,0,0,0,0,0,0,5.0
60000000.0,en,36.689223,101.0,Released,4.7,549,2005,2,1,1,0,0,1,0,1,0,0,0,0,0,0,1,0,0,0,1,0,0,5.0
60000000.0,en,28.350927,87.0,Released,5.4,692,2011,2,1,0,0,0,0,0,0,0,1,0,0,1,0,0,0,1,0,1,0,0,2.0
60000000.0,en,18.815442,86.0,Released,6.6,372,2003,1,0,1,1,0,0,0,0,1,0,0,0,0,0,0,0,0,0,0,0,0,2.5
60000000.0,en,29.787135,96.0,Released,6.5,742,1997,1,0,0,0,0,0,0,0,0,0,0,0,1,0,1,0,1,0,0,0,0,10.0
60000000.0,en,8.927137,104.0,Released,6.1,204,2002,1,0,0,0,0,0,0,1,0,0,0,0,0,0,0,0,0,0,0,0,0,7.0
50000000.0,en,15.213484,121.0,Released,5.7,287,2006,1,0,0,0,0,0,0,1,0,0,0,0,0,0,0,0,0,0,0,0,0,12.0
60000000.0,en,13.155999,140.0,Released,6.3,271,2006,1,1,1,0,0,0,0,1,0,0,0,1,0,0,0,1,0,0,0,1,0,1.0
72000000.0,en,15.433244,131.0,Released,7.0,285,2001,1,1,0,0,0,0,0,1,0,0,0,0,0,0,0,0,0,0,1,0,0,5.0
90000000.0,en,5.762037,91.0,Released,4.9,109,2000,1,0,0,0,0,0,0,0,0,0,0,0,1,0,0,0,1,0,1,0,0,3.0
60000000.0,en,22.736038,118.0,Released,6.0,487,2014,1,0,0,0,0,0,0,1,0,1,0,0,0,0,1,1,0,0,0,0,0,1.0
60000000.0,en,45.514031,130.0,Released,6.2,1602,2013,2,1,1,0,0,0,0,1,0,1,0,0,0,0,1,1,0,0,0,0,0,2.0
60000000.0,en,18.676291,90.0,Released,5.0,371,2008,1,0,1,0,1,0,0,0,1,0,0,0,0,0,0,0,1,0,0,0,0,6.0
30000000.0,en,14.376463,105.0,Released,5.3,274,2005,1,0,0,0,0,0,0,1,0,0,0,0,1,0,0,0,0,0,1,0,0,4.0
80000000.0,en,14.298297,122.0,Released,5.7,166,1999,1,0,0,0,1,0,0,0,0,0,0,0,0,0,0,0,0,0,0,0,0,13.0
60000000.0,en,27.018886,106.0,Released,6.0,592,2008,1,0,1,0,0,0,0,0,1,1,0,0,0,0,0,0,0,0,0,0,0,4.0
60000000.0,en,14.84856,103.0,Released,4.7,320,2008,1,1,0,0,1,1,0,0,0,0,0,0,0,0,0,0,1,0,1,0,0,3.0
60000000.0,en,52.417529,106.0,Released,5.4,1055,2015,1,0,1,0,1,0,0,0,0,0,0,0,0,0,0,0,0,0,0,0,0,5.0
60000000.0,en,15.406173,127.0,Released,4.1,224,2007,1,1,1,0,0,0,0,1,0,1,0,0,0,0,0,0,0,0,0,0,0,5.0
35000000.0,en,6.523472,127.0,Released,6.7,110,2003,1,0,1,0,0,0,0,1,0,0,0,0,0,0,0,1,0,0,0,1,0,8.0
68490000.0,zh,4.72629,120.0,Released,6.0,24,2016,3,1,1,0,0,0,0,0,0,1,0,0,0,0,0,0,0,0,0,0,0,1.0
80000000.0,en,8.923215,132.0,Released,6.8,91,2005,1,1,0,0,0,0,0,0,0,0,0,1,0,0,0,0,0,0,0,1,0,4.0
58000000.0,en,514.569956,108.0,Released,7.4,10995,2016,3,1,1,0,1,0,0,0,0,0,0,0,0,0,0,0,0,0,0,0,0,1.0
60000000.0,en,9.265672,114.0,Released,4.9,111,1998,1,0,0,0,1,0,0,1,0,0,0,0,0,0,0,0,0,0,0,0,0,8.0
58800000.0,en,87.53437,133.0,Released,7.4,4469,2014,3,1,0,0,0,0,0,0,0,0,0,0,0,0,0,0,0,0,0,1,0,20.0
58000000.0,en,45.351617,103.0,Released,6.2,995,2015,3,0,1,0,1,0,0,0,0,0,0,0,1,0,0,0,0,0,0,0,0,4.0
58000000.0,en,13.43573,95.0,Released,6.5,579,2005,3,0,0,0,1,0,0,0,0,1,0,0,0,0,0,1,0,0,0,0,0,6.0
83000000.0,en,6.248309,90.0,Released,4.4,134,2000,1,0,0,0,1,0,0,0,1,0,0,0,0,0,0,1,1,0,0,0,0,6.0
63000000.0,en,31.294717,102.0,Released,5.7,690,1988,3,1,1,0,0,0,0,0,0,0,0,0,0,0,0,0,0,0,1,1,0,1.0
58000000.0,en,7.739276,114.0,Released,5.7,130,2008,1,0,0,0,1,0,0,1,0,0,0,0,0,0,0,1,0,0,0,0,0,5.0
60000000.0,en,19.694695,119.0,Released,4.9,388,2015,2,0,0,0,1,0,0,0,0,0,0,0,0,0,0,0,0,0,0,0,1,7.0
58000000.0,en,14.403696,103.0,Released,5.1,276,2009,2,0,0,0,1,0,0,0,0,0,0,0,0,0,0,0,0,0,0,0,0,3.0
58000000.0,en,1.551497,119.0,Released,6.1,1658,2013,1,0,0,0,1,0,0,0,0,0,0,0,0,0,0,0,0,0,0,0,0,11.0
60000000.0,en,2.143764,97.0,Released,5.8,1363,2010,3,1,1,0,0,0,0,0,0,0,0,0,1,0,0,0,1,0,0,0,0,10.0
58000000.0,en,12.29603,125.0,Released,5.9,178,2012,1,1,1,0,0,0,0,1,0,0,0,1,0,0,0,0,0,0,0,1,0,1.0
57000000.0,en,33.8473,144.0,Released,7.2,1374,1997,3,0,0,0,0,0,0,1,0,0,0,0,1,0,1,0,0,0,1,0,0,6.0
70000000.0,en,21.723897,116.0,Released,5.5,453,2012,1,0,0,0,1,0,0,0,0,0,0,0,0,0,0,0,0,0,0,0,0,4.0
57000000.0,en,31.791979,103.0,Released,6.4,535,1996,3,0,0,0,0,0,0,0,0,1,0,0,0,0,0,0,0,0,0,0,0,9.0
60000000.0,en,14.113066,97.0,Released,6.0,226,2004,2,1,0,0,1,1,0,1,0,0,0,0,0,0,0,0,0,0,0,0,0,10.0
57000000.0,en,48.622278,95.0,Released,4.7,1135,2011,3,1,0,0,0,0,0,0,0,1,0,0,0,0,0,0,0,0,1,0,0,4.5
57000000.0,en,9.061866,131.0,Released,5.5,145,2001,2,0,0,0,0,0,0,1,0,0,0,1,0,0,0,1,0,0,0,0,0,5.0
56000000.0,en,35.4763,95.0,Released,5.8,842,2005,3,1,0,0,1,0,0,1,1,0,0,0,0,0,0,0,0,0,1,0,0,8.0
56000000.0,en,23.438398,86.0,Released,6.0,381,2004,2,1,1,0,0,0,0,1,0,0,0,0,0,0,0,0,0,0,1,0,0,2.0
55000000.0,en,138.133331,142.0,Released,8.2,7927,1994,3,0,0,0,1,0,0,1,0,0,0,0,0,0,0,1,0,0,0,0,0,13.0
60000000.0,en,47.336034,92.0,Released,5.5,1177,2007,3,0,0,1,1,0,0,0,1,1,0,0,0,1,0,0,0,0,0,0,0,5.0
55000000.0,en,29.97224,108.0,Released,6.6,1698,2000,3,0,0,0,1,0,0,0,0,0,0,0,0,0,0,1,0,0,0,0,0,8.0
55000000.0,en,47.845589,81.0,Released,6.7,1457,1995,3,0,1,1,0,0,0,1,1,0,0,0,0,0,0,0,0,0,0,0,0,1.5
55000000.0,en,48.507081,143.0,Released,6.9,1022,1978,3,1,1,0,0,0,0,0,0,1,0,0,0,0,0,0,1,0,0,0,0,11.0
54000000.0,en,20.28119,95.0,Released,5.4,702,1996,3,0,0,0,1,0,0,0,0,1,0,0,0,0,0,1,1,0,0,0,0,7.0
70000000.0,en,34.576913,118.0,Released,6.4,1665,2005,3,0,0,0,1,0,0,1,0,0,0,0,0,0,0,1,0,0,0,0,0,6.0
55000000.0,en,22.573237,92.0,Released,5.4,496,1997,3,0,1,0,1,0,0,0,1,0,0,0,0,0,0,1,0,0,0,0,0,4.0
55000000.0,en,36.194802,103.0,Released,6.0,1129,2003,3,0,0,0,1,0,0,0,0,0,0,0,0,0,0,1,0,0,0,0,0,3.0
55000000.0,en,52.786917,134.0,Released,7.6,2454,2013,3,1,0,0,0,0,0,1,0,0,0,0,0,0,0,0,0,0,1,0,0,7.0
55000000.0,en,38.06168,97.0,Released,5.9,1122,2010,3,0,0,0,1,0,0,0,0,0,0,0,0,0,0,0,0,0,0,0,0,11.0
50000000.0,en,19.830132,100.0,Released,6.0,1019,1995,3,0,0,0,1,0,0,0,1,1,0,0,0,0,0,0,0,0,0,0,0,4.0
55000000.0,en,79.922059,132.0,Released,7.1,2954,2014,3,1,0,0,0,1,0,0,0,0,0,0,0,0,0,0,0,0,1,0,0,8.0
55000000.0,en,19.738215,105.0,Released,5.6,485,2002,3,0,0,0,1,0,0,1,0,0,0,0,0,0,0,1,0,0,0,0,0,5.0
53000000.0,en,20.334629,116.0,Released,7.0,498,1995,3,1,0,0,0,0,0,1,0,0,0,0,0,0,0,0,0,0,1,0,0,12.0
55000000.0,en,80.581367,117.0,Released,7.7,2525,2006,3,0,0,0,0,0,0,1,0,0,0,0,0,0,0,0,0,0,0,0,0,4.0
55000000.0,en,32.05145,98.0,Released,6.1,772,2005,3,0,0,0,0,0,0,1,0,0,0,0,0,0,1,0,0,0,1,0,0,6.0
55000000.0,en,15.064058,123.0,Released,5.9,210,1994,3,0,0,0,0,1,0,1,0,0,0,0,0,0,1,1,0,0,1,0,0,13.0
55000000.0,en,21.272734,114.0,Released,6.4,529,1998,3,0,0,0,0,0,0,1,0,1,0,0,0,0,0,1,0,0,0,0,0,4.0
30000000.0,en,79.754966,111.0,Released,7.7,4949,2003,3,1,0,0,0,1,0,0,0,0,0,0,0,0,0,0,0,0,0,0,0,10.0
55000000.0,en,13.191829,97.0,Released,6.0,254,1999,3,0,0,0,1,0,0,0,0,0,0,0,0,0,0,0,0,0,0,0,0,7.0
30000000.0,en,50.622607,136.0,Released,7.6,3948,2004,3,1,0,0,0,1,0,0,0,0,0,0,0,0,0,0,0,0,1,0,0,10.0
55000000.0,en,22.787667,104.0,Released,6.1,458,1989,2,1,1,0,1,0,0,0,0,0,0,0,0,0,0,0,0,0,0,0,0,1.5
55000000.0,en,29.498304,104.0,Released,6.3,636,1992,3,0,0,0,1,0,0,0,0,1,0,0,0,0,0,0,0,0,0,0,0,13.0
55000000.0,en,25.400935,110.0,Released,6.2,735,2000,2,1,1,0,1,0,0,0,0,0,0,0,0,0,0,0,0,0,0,0,1,3.0
55000000.0,en,17.231675,133.0,Released,5.8,256,1996,3,1,1,0,0,0,0,1,0,0,0,0,0,0,0,0,0,0,1,0,0,2.0
55000000.0,en,32.835777,94.0,Released,5.7,751,2011,3,0,0,0,1,0,0,0,1,0,0,0,0,0,0,0,0,0,0,0,0,6.0
55000000.0,en,17.097041,104.0,Released,6.3,461,2008,3,1,1,0,0,0,0,0,0,1,0,0,0,0,0,0,0,0,0,0,0,6.0
55000000.0,en,14.414937,91.0,Released,5.7,254,2013,3,0,0,1,1,0,0,0,1,0,0,0,0,0,0,0,0,0,0,0,0,2.0
50000000.0,en,45.856409,114.0,Released,6.2,1633,1992,3,1,0,0,0,0,0,0,0,0,0,0,1,0,0,0,1,0,0,0,0,10.0
55000000.0,en,7.027139,134.0,Released,5.9,120,1996,3,0,0,0,0,0,0,1,0,0,0,1,0,1,0,0,0,0,0,0,0,3.0
55000000.0,en,32.657488,122.0,Released,6.7,658,1998,1,1,1,0,0,1,0,0,0,0,0,0,0,0,0,0,0,0,1,0,0,5.0
50000000.0,en,12.46525,109.0,Released,6.4,236,1996,2,0,1,0,0,0,0,0,0,0,0,0,0,0,0,0,0,0,0,0,0,6.0
55000000.0,en,39.882276,95.0,Released,7.0,883,2014,3,0,0,0,1,0,0,0,1,0,0,0,0,0,0,0,0,0,0,0,0,1.0
68000000.0,en,39.395881,98.0,Released,5.3,881,2012,2,0,0,0,1,0,0,0,0,0,0,0,0,0,0,0,0,0,0,0,0,2.0
55000000.0,en,8.634954,94.0,Released,6.0,189,2003,1,1,0,0,0,1,0,1,0,0,0,0,0,0,0,0,0,0,1,0,0,6.0
80000000.0,en,7.386394,126.0,Released,6.2,146,1999,1,0,0,0,0,0,0,1,0,0,0,0,0,0,1,0,0,0,1,0,0,7.0
55000000.0,en,8.802525,118.0,Released,5.1,188,2003,1,0,0,0,1,0,0,0,0,0,0,0,0,0,0,0,0,0,0,0,0,11.5
55000000.0,en,10.449975,91.0,Released,5.4,251,2008,1,0,0,0,1,0,0,0,0,0,0,0,0,0,0,0,0,0,0,0,0,1.0
60000000.0,en,23.700759,88.0,Released,6.4,374,2012,3,0,1,1,1,0,0,0,1,0,0,0,0,0,0,0,0,0,0,0,0,1.5
55000000.0,en,27.50916,141.0,Released,7.3,1131,2008,3,0,0,0,0,1,0,1,0,0,0,0,0,0,1,0,0,0,0,0,0,20.0
50000000.0,en,20.58862,107.0,Released,5.3,284,1996,2,1,0,0,0,0,0,1,0,0,0,0,0,0,0,0,1,0,1,0,0,4.0
55000000.0,en,4.366488,116.0,Released,5.7,194,1996,1,0,0,0,0,0,0,1,0,0,0,0,0,0,1,0,0,0,1,0,0,12.0
70000000.0,en,18.927463,143.0,Released,7.0,438,2004,3,0,0,0,0,0,0,1,0,0,0,0,0,0,0,1,0,0,1,0,0,13.0
55000000.0,en,15.274137,114.0,Released,6.6,303,2007,2,0,0,0,0,0,0,1,0,0,0,1,0,0,0,1,0,0,0,0,0,3.0
62000000.0,en,29.954302,93.0,Released,5.4,703,2005,1,1,0,0,0,0,0,0,0,0,0,0,0,0,0,0,1,0,0,0,0,2.0
56000000.0,en,4.362535,214.0,Released,6.1,48,2003,1,0,0,0,0,0,0,1,0,0,0,1,0,0,0,0,0,0,0,1,0,2.0
55000000.0,en,4.700024,100.0,Released,5.2,62,1997,1,1,0,0,0,1,0,0,0,0,0,0,0,0,0,0,0,0,1,0,0,1.0
55000000.0,en,12.340384,107.0,Released,5.7,134,2009,1,0,0,0,1,0,0,0,0,0,0,0,0,0,0,0,0,0,0,0,0,2.0
50000000.0,en,14.808304,112.0,Released,6.2,316,2014,3,0,1,0,1,1,0,0,1,0,0,0,0,0,0,0,0,0,0,0,0,3.0
57000000.0,en,9.27875,95.0,Released,4.2,91,2004,1,1,1,0,1,0,0,0,1,1,0,0,0,0,0,0,1,0,0,0,0,4.0
55000000.0,en,22.863516,119.0,Released,6.9,573,2010,3,0,0,0,0,0,0,1,0,0,0,0,0,0,0,1,0,0,0,0,0,1.0
47000000.0,fr,23.05451,133.0,Released,7.1,346,2004,1,0,0,0,0,0,0,1,0,0,0,0,0,0,0,0,0,0,0,0,0,5.0
2000000.0,en,23.962109,153.0,Released,7.3,395,1962,3,0,0,0,0,0,0,1,0,0,0,0,0,0,0,1,0,0,0,0,0,6.0
55000000.0,en,12.669778,96.0,Released,5.3,123,2002,1,1,0,0,0,0,0,0,0,0,0,0,0,0,0,0,0,0,1,0,0,2.0
54000000.0,en,67.169587,117.0,Released,6.2,1528,2002,3,1,0,0,0,0,0,0,0,1,0,0,1,0,0,0,0,0,1,0,0,5.0
55000000.0,en,41.472404,123.0,Released,7.5,2039,2008,3,0,0,0,0,0,0,1,0,0,0,0,0,0,0,0,0,0,0,0,0,4.0
55000000.0,en,22.503935,92.0,Released,5.2,481,2013,1,1,0,0,0,1,0,0,0,0,0,0,0,0,0,0,0,0,1,0,0,4.0
54000000.0,en,59.194915,162.0,Released,7.1,1546,1990,3,0,0,0,0,1,0,1,0,0,0,0,0,0,0,0,0,0,1,0,0,12.0
57000000.0,en,22.894898,123.0,Released,6.1,327,2005,1,0,0,0,1,0,0,1,0,0,0,0,0,0,0,1,0,0,0,0,0,6.0
54000000.0,en,18.600367,108.0,Released,5.4,407,2006,3,0,0,0,1,0,0,0,0,0,0,0,0,0,0,1,0,0,0,0,0,4.0
54000000.0,en,30.515175,127.0,Released,6.5,629,1980,3,1,1,0,0,0,0,0,0,1,0,0,0,0,0,0,1,0,0,0,0,5.0
54000000.0,en,9.053456,121.0,Released,3.5,104,2003,1,0,0,0,0,0,0,1,0,0,0,0,0,0,0,0,0,0,0,0,0,4.0
55000000.0,en,7.768223,125.0,Released,5.7,95,2006,1,0,0,0,0,0,0,1,0,0,0,0,0,0,0,0,0,0,1,0,0,2.0
46000000.0,en,19.643365,99.0,Released,5.5,308,2000,3,1,1,0,0,1,0,0,0,0,0,0,0,0,0,0,0,0,1,0,0,7.0
53000000.0,en,45.565918,94.0,Released,7.4,1432,1997,3,0,0,1,0,0,0,0,1,0,0,0,0,0,0,0,0,0,0,0,0,2.5
52500000.0,en,57.374341,127.0,Released,7.4,1300,2001,3,0,0,0,0,0,0,1,0,0,0,0,0,1,0,1,0,0,0,0,0,4.0
75000000.0,en,8.41856,89.0,Released,5.4,113,2001,1,0,0,0,0,1,0,0,0,0,0,0,0,0,1,0,0,0,1,0,0,4.0
53000000.0,en,46.049902,122.0,Released,6.3,1242,2015,3,0,0,0,0,1,0,1,0,0,0,0,0,0,0,0,0,0,0,0,0,3.0
90000000.0,en,23.9366,132.0,Released,6.7,526,2006,1,0,0,0,0,0,0,1,0,0,0,1,0,0,0,0,0,0,0,1,0,20.0
53000000.0,en,49.593978,109.0,Released,7.2,1486,2009,3,0,0,0,0,1,0,1,0,0,0,0,0,0,0,0,0,0,1,0,0,8.0
67000000.0,en,16.637642,191.0,Released,6.8,459,2007,1,1,0,0,0,0,0,0,0,0,0,0,1,0,0,0,0,0,1,0,0,7.166666666666667
80000000.0,en,1.453765,172.0,Released,5.9,26,1998,1,0,0,0,0,0,0,1,0,0,0,0,0,0,0,0,0,0,1,0,0,5.0
55000000.0,en,6.162872,124.0,Released,5.4,81,2007,1,0,0,0,0,0,0,1,0,0,0,0,0,0,0,1,0,0,0,0,0,7.0
52000000.0,en,73.944049,141.0,Released,7.7,3795,2002,3,0,0,0,0,1,0,1,0,0,0,0,0,0,0,0,0,0,0,0,0,27.0
40000000.0,en,38.306954,157.0,Released,6.7,1702,2012,3,0,0,0,0,0,0,1,0,0,0,1,0,0,0,0,0,0,1,0,0,3.0
52000000.0,en,26.251217,106.0,Released,5.6,832,2006,3,0,0,0,1,0,0,0,0,0,0,0,0,0,0,1,0,0,0,0,0,4.0
52000000.0,en,30.780599,108.0,Released,6.4,1386,2008,3,0,0,0,1,0,0,0,0,0,0,0,0,0,0,1,0,0,0,0,0,2.0
52000000.0,en,25.41929,125.0,Released,5.7,1013,2010,3,0,0,0,1,0,0,0,0,0,0,0,0,0,0,1,0,0,0,0,0,8.0
50000000.0,en,15.98212,104.0,Released,5.1,316,2005,3,1,1,0,1,0,0,0,0,0,0,0,0,0,0,0,0,0,0,0,0,4.0
52000000.0,en,40.072583,170.0,Released,7.2,771,1998,3,0,0,0,0,0,0,1,0,0,0,1,0,0,0,0,0,0,0,1,0,4.0
52000000.0,en,32.015477,112.0,Released,5.9,736,2011,2,0,0,0,1,0,0,0,0,0,0,0,0,0,0,0,0,0,0,0,0,4.0
82000000.0,en,24.444186,118.0,Released,6.9,435,1999,1,0,0,0,1,0,0,1,0,0,0,0,0,0,0,1,0,0,0,0,0,3.0
52000000.0,en,40.06688,178.0,Released,7.8,1307,1995,3,0,0,0,0,1,0,1,0,0,0,0,0,0,0,0,0,0,0,0,0,21.0
52000000.0,en,27.916284,92.0,Released,6.1,675,2010,2,1,0,0,0,1,0,0,0,0,0,0,0,0,0,0,0,0,1,0,0,4.0
52000000.0,en,15.20707,104.0,Released,5.1,278,2003,1,1,0,0,1,0,0,0,0,1,0,0,0,0,0,0,0,0,0,0,0,1.0
51000000.0,en,39.001682,116.0,Released,6.1,927,2000,3,0,0,0,1,0,0,0,0,0,0,0,0,0,0,0,0,0,0,0,0,11.5
51000000.0,en,10.430832,90.0,Released,5.3,225,2006,2,0,0,1,1,0,0,0,1,0,0,0,0,0,0,0,0,0,0,0,0,4.0
51000000.0,en,5.952527,93.0,Released,5.1,109,2006,1,0,0,0,1,0,0,0,1,0,0,0,0,0,0,0,0,0,0,0,0,5.0
50000000.0,en,94.815867,130.0,Released,5.6,2436,2009,3,0,1,0,0,0,0,1,0,1,0,0,0,0,0,1,0,0,0,0,0,6.0
60000000.0,en,67.298732,90.0,Released,7.3,4056,2001,3,0,1,1,1,0,0,0,1,1,0,0,0,0,0,0,0,0,0,0,0,4.0
50200000.0,en,26.60772,106.0,Released,6.5,1652,2011,3,0,0,0,0,0,0,0,0,0,0,0,0,0,0,1,1,0,1,0,0,1.0
48000000.0,en,28.803729,143.0,Released,6.6,909,1991,3,0,1,0,0,0,0,0,0,0,0,0,0,0,0,0,0,0,0,0,0,5.0
50000000.0,en,27.039636,139.0,Released,6.7,913,1996,3,0,0,0,1,0,0,1,0,0,0,0,0,0,0,1,0,0,0,0,0,6.0
50000000.0,en,68.87691,106.0,Released,6.3,4697,2012,3,0,0,0,1,0,0,0,0,1,0,0,0,0,0,0,0,0,0,0,0,3.0
50000000.0,en,37.885022,139.0,Released,7.2,915,1997,3,0,0,0,1,0,0,0,0,0,0,0,0,0,0,1,0,0,0,0,0,3.0
50000000.0,en,35.537397,115.0,Released,7.0,832,1998,3,0,0,0,1,0,0,1,0,0,0,0,0,0,0,0,0,0,0,0,0,7.0
50000000.0,en,38.125008,119.0,Released,6.0,923,2013,3,0,0,0,1,0,0,0,0,0,0,0,0,0,0,0,0,0,0,0,0,6.0
50000000.0,en,18.121404,96.0,Released,5.6,644,2002,3,0,0,0,1,0,0,0,0,0,0,0,0,0,0,1,0,0,0,0,0,5.0
50000000.0,en,37.069253,112.0,Released,6.6,2435,2011,3,0,0,0,0,0,0,0,0,0,0,0,0,0,1,0,1,0,1,0,0,4.0
52000000.0,en,30.347332,131.0,Released,7.1,716,2000,3,0,0,0,0,0,0,1,0,0,0,0,0,0,0,0,0,0,0,0,0,15.0
50000000.0,en,23.854701,116.0,Released,6.3,850,2003,3,0,0,0,1,0,0,0,0,0,0,0,0,0,0,1,0,0,0,0,0,8.0
50000000.0,en,52.380982,112.0,Released,7.0,3319,2014,3,1,0,0,1,1,0,0,0,0,0,0,0,0,0,0,0,0,0,0,0,4.0
60000000.0,en,50.163785,123.0,Released,7.2,1516,1994,3,0,0,0,0,0,0,0,0,0,0,0,1,0,0,1,0,0,0,0,0,8.0
70000000.0,en,43.849351,104.0,Released,6.4,1813,2008,3,0,0,0,1,0,0,0,0,0,0,0,0,0,0,0,0,0,0,0,0,4.0
50000000.0,en,45.318703,107.0,Released,6.2,1650,2016,3,1,0,0,1,0,0,0,0,0,0,0,0,0,0,0,0,0,0,0,0,3.0
50000000.0,en,16.368283,124.0,Released,6.9,277,1998,3,0,0,0,0,0,0,1,0,0,0,0,0,0,0,1,0,0,0,0,0,11.0
50000000.0,en,38.616744,96.0,Released,5.8,854,2015,3,0,0,0,1,0,0,0,0,0,0,0,0,0,0,0,0,0,0,0,0,4.0
50000000.0,en,65.90161,125.0,Released,5.6,1652,2014,3,0,0,0,1,0,0,0,0,1,0,0,0,1,0,0,0,0,0,0,0,5.0
45000000.0,en,45.220386,129.0,Released,7.3,1630,2006,3,0,0,0,0,1,0,1,0,0,0,0,0,0,0,0,0,0,1,0,0,16.0
90000000.0,en,17.457947,100.0,Released,6.7,548,1999,3,1,0,0,0,1,0,1,0,0,0,0,0,0,0,0,0,0,1,0,0,5.0
50000000.0,en,10.755847,109.0,Released,5.0,213,1995,3,1,1,0,0,0,0,1,0,0,0,0,0,0,1,0,1,0,1,0,0,4.0
50000000.0,en,38.629763,124.0,Released,6.5,909,2011,3,0,0,0,1,0,0,1,1,0,0,0,0,0,0,0,0,0,0,0,0,6.0
50000000.0,en,32.693093,121.0,Released,5.9,1486,2009,3,1,1,0,0,0,0,1,0,0,0,0,0,0,1,0,1,0,1,0,0,5.0
50000000.0,en,18.806031,97.0,Released,5.5,399,2006,3,0,0,0,1,0,0,0,0,0,0,0,0,0,0,0,0,0,0,0,0,3.0
50000000.0,en,32.233713,110.0,Released,5.4,632,2005,3,0,0,0,0,0,0,1,0,0,0,0,1,0,0,0,0,0,1,0,0,1.0
50000000.0,en,37.990705,118.0,Released,7.0,2443,2011,3,0,0,0,1,0,0,1,0,0,0,0,0,0,0,1,0,0,0,0,0,3.0
50000000.0,en,17.667826,80.0,Released,5.2,820,2004,3,0,0,1,1,0,0,0,1,0,0,0,0,0,0,0,0,0,0,0,0,4.0
60000000.0,en,9.225166,99.0,Released,5.2,193,2004,1,0,0,0,1,0,0,0,1,0,0,0,0,0,0,0,0,0,0,0,0,2.0
50000000.0,en,46.180421,133.0,Released,7.0,1381,2011,3,0,0,0,0,0,0,1,0,0,0,0,0,0,0,0,0,0,0,0,0,2.0
50000000.0,en,30.397496,127.0,Released,6.3,513,1995,3,1,0,0,0,0,0,1,0,0,0,0,0,0,0,0,1,0,1,0,0,7.0
50000000.0,en,83.295796,106.0,Released,6.8,2268,2014,3,1,0,0,0,0,0,0,0,0,0,0,0,0,1,0,0,0,1,0,0,6.0
50000000.0,en,23.935053,98.0,Released,5.5,509,2009,3,1,1,0,0,0,0,0,1,1,0,0,0,0,0,0,1,0,1,0,0,6.0
54000000.0,en,84.630969,132.0,Released,7.7,4442,2006,3,1,0,0,0,0,0,0,0,1,0,0,0,0,0,0,0,0,1,0,0,5.0
50000000.0,en,16.251204,115.0,Released,6.0,692,2003,3,1,1,0,1,0,0,0,0,0,0,0,0,0,0,0,0,0,0,0,1,4.0
50000000.0,en,9.894346,86.0,Released,6.2,106,2006,2,0,1,1,1,0,0,0,1,0,0,0,0,0,0,0,0,0,0,0,0,1.0
50000000.0,en,12.050755,101.0,Released,5.1,542,2005,2,0,1,0,1,0,0,0,1,1,0,0,0,0,0,1,0,0,0,0,0,2.0
50000000.0,en,11.596207,113.0,Released,6.0,220,2001,3,0,0,0,0,0,0,0,0,0,0,0,0,0,0,0,0,0,1,0,0,6.0
50000000.0,en,53.02787,88.0,Released,5.7,3239,2013,3,1,0,0,0,0,0,0,0,1,0,0,1,0,0,0,0,0,0,0,0,2.0
50000000.0,en,14.382253,124.0,Released,6.3,276,2002,3,0,0,0,0,0,0,1,0,0,0,0,0,0,0,0,0,0,1,0,0,4.0
50000000.0,en,43.450266,109.0,Released,5.9,1567,2011,3,1,1,0,0,0,0,0,0,0,0,0,0,0,0,0,1,0,1,0,0,4.0
50000000.0,en,16.871194,128.0,Released,6.3,451,2005,3,0,0,0,0,0,0,1,0,0,0,0,0,0,0,0,0,0,1,0,0,2.0
50000000.0,en,42.526529,144.0,Released,7.0,938,2016,2,1,0,0,0,0,0,1,0,0,0,1,0,0,0,0,0,0,1,1,0,12.0
50000000.0,en,34.890999,95.0,Released,7.3,755,2014,3,0,1,1,1,0,0,0,1,1,0,0,0,0,0,1,0,0,0,0,0,1.0
45000000.0,en,18.186026,105.0,Released,5.6,267,2006,3,0,0,0,0,0,0,0,0,0,0,0,0,0,0,0,0,0,1,0,0,3.0
50000000.0,en,13.576765,121.0,Released,6.4,223,1997,2,0,0,0,0,1,0,1,0,0,0,0,0,0,0,0,0,0,1,0,0,20.0
50000000.0,en,19.434672,125.0,Released,6.0,395,1997,1,1,0,0,0,0,0,1,0,0,0,0,0,0,0,0,0,0,0,0,0,16.0
50000000.0,en,62.925175,129.0,Released,7.5,1506,1997,3,0,0,0,0,0,0,1,0,0,0,0,0,0,1,0,0,0,1,0,0,10.0
50000000.0,en,32.927994,125.0,Released,6.3,1067,2006,3,0,0,0,0,0,0,0,0,0,0,0,1,0,1,0,0,0,0,0,0,1.0
50000000.0,en,14.837288,118.0,Released,6.1,203,2000,2,0,0,0,1,0,0,0,0,0,0,0,0,0,0,0,0,0,0,0,0,3.0
50000000.0,en,39.920035,113.0,Released,6.1,1611,2012,3,0,0,0,1,0,0,0,0,0,0,0,0,0,0,0,0,0,0,0,0,2.0
50000000.0,en,28.725621,140.0,Released,6.8,582,1998,1,1,1,0,0,1,0,1,0,0,0,0,0,0,1,0,0,0,1,0,0,8.0
50000000.0,en,20.566554,89.0,Released,5.8,817,2014,3,1,0,0,0,0,0,0,0,0,0,0,0,0,0,0,0,0,1,0,0,2.0
50000000.0,en,20.333953,104.0,Released,5.5,434,1994,3,1,0,0,1,1,0,0,0,0,0,0,0,0,0,0,0,0,0,0,0,6.0
50000000.0,en,33.98637,106.0,Released,6.2,652,1990,1,0,0,0,1,0,0,0,0,1,0,0,1,0,0,0,0,0,0,0,0,7.0
50000000.0,en,42.472324,141.0,Released,7.2,1417,2014,3,0,0,0,0,0,0,1,0,0,0,0,0,0,0,0,0,0,0,0,0,4.0
50000000.0,en,15.931084,124.0,Released,5.8,255,1997,3,1,0,0,0,0,0,0,0,0,0,0,0,0,0,0,0,0,1,0,0,3.0
45000000.0,en,29.880122,94.0,Released,6.1,1267,2004,3,1,0,0,0,0,0,0,0,0,0,0,1,0,0,0,1,0,0,0,0,1.0
50000000.0,en,28.803802,108.0,Released,6.1,750,2004,1,0,0,0,1,0,0,0,0,0,0,0,0,0,0,1,0,0,0,0,0,1.0
50000000.0,en,14.993459,105.0,Released,6.1,298,2003,2,0,0,0,0,1,0,1,0,0,0,0,0,0,0,0,0,0,1,0,0,3.0
50000000.0,en,9.114168,102.0,Released,4.5,104,1994,1,1,0,0,0,0,0,0,0,0,0,0,0,0,0,0,0,0,1,0,0,1.0
50000000.0,en,12.31101,92.0,Released,4.4,269,2005,2,0,1,0,0,0,0,0,1,0,0,0,0,0,0,0,1,0,0,0,0,17.0
40000000.0,en,41.362082,119.0,Released,6.3,1233,2000,3,0,1,0,0,0,0,1,0,0,0,0,0,0,0,1,0,0,1,0,0,8.0
50000000.0,en,13.298205,119.0,Released,5.9,189,2004,1,0,0,0,1,0,0,1,0,0,0,0,0,0,0,1,0,0,0,0,0,8.0
40000000.0,en,19.085403,99.0,Released,6.2,371,2009,2,1,0,0,0,1,0,0,0,0,0,0,0,0,0,0,0,0,1,0,0,5.0
50000000.0,en,9.622345,137.0,Released,6.3,88,1999,1,0,0,0,0,0,0,1,0,0,0,0,0,0,0,1,0,0,0,0,0,11.0
50000000.0,en,11.106006,115.0,Released,4.4,205,1996,3,0,0,0,0,1,0,1,0,0,0,0,0,0,0,0,0,0,1,0,0,2.0
50000000.0,en,12.25622,87.0,Released,5.0,149,2010,3,0,0,0,1,0,0,0,1,0,0,0,0,0,0,0,0,0,0,0,0,3.0
50000000.0,en,13.365715,129.0,Released,5.8,510,2010,3,0,0,0,0,0,0,1,0,1,0,0,0,0,0,0,0,0,0,0,0,20.0
50000000.0,en,16.167093,120.0,Released,6.0,268,2002,2,0,0,0,0,1,0,1,0,0,0,0,0,0,0,0,0,0,1,0,0,2.0
50000000.0,en,23.073933,132.0,Released,6.0,387,1995,1,1,1,0,0,1,0,0,0,0,0,0,0,0,0,0,0,0,1,0,0,11.0
50000000.0,en,6.567065,121.0,Released,6.0,654,2007,3,0,0,0,0,1,0,1,0,0,0,0,0,0,0,0,0,0,1,0,0,2.0
50000000.0,en,6.22577,95.0,Released,5.9,75,1999,2,0,0,0,1,0,0,1,0,0,0,0,0,0,0,1,0,0,0,0,0,11.0
44000000.0,en,42.933027,125.0,Released,6.0,1817,2013,2,1,1,0,0,0,0,0,0,0,0,0,0,0,0,1,1,0,1,0,0,5.0
50000000.0,en,19.226763,98.0,Released,6.2,286,2003,1,1,0,0,0,1,0,1,0,0,0,0,0,0,1,0,0,0,1,0,0,10.0
50000000.0,en,10.089065,110.0,Released,6.1,206,2002,1,0,0,0,0,1,0,1,0,0,0,0,0,0,1,0,0,0,1,0,0,20.0
50000000.0,en,13.391833,118.0,Released,6.0,368,2009,2,0,0,0,0,1,0,1,0,0,0,0,0,0,0,0,0,0,1,0,0,6.0
50000000.0,en,21.637234,97.0,Released,5.6,373,1996,1,1,1,0,0,0,0,0,0,0,0,0,0,0,0,0,1,0,1,0,0,10.0
70000000.0,en,61.245957,86.0,Released,7.6,1436,1999,1,0,1,1,0,0,0,0,1,1,0,0,0,0,0,0,1,0,0,0,0,5.0
50000000.0,en,25.237969,119.0,Released,7.1,775,2004,1,0,1,0,1,0,0,1,0,0,0,0,0,0,0,0,0,0,0,0,0,7.0
50000000.0,en,21.589393,139.0,Released,6.6,428,2016,1,1,0,0,0,0,0,1,0,0,0,1,0,0,0,0,0,0,1,1,0,3.0
50000000.0,en,22.442241,130.0,Released,7.3,480,2003,1,0,0,0,0,1,0,1,0,0,0,0,0,0,0,0,0,0,1,0,0,3.0
40000000.0,en,6.004422,100.0,Released,5.4,120,2005,1,1,0,0,1,0,0,0,0,0,0,0,0,0,0,0,0,0,0,0,0,8.0
50000000.0,en,74.64653,114.0,Released,6.3,1148,2015,2,1,0,0,0,1,0,1,0,0,0,0,0,0,1,0,0,0,1,0,0,6.0
51500000.0,en,35.481169,100.0,Released,7.2,848,2007,2,0,0,0,0,1,0,0,0,0,0,0,0,0,1,0,0,0,1,0,0,7.0
50000000.0,en,14.723467,110.0,Released,5.8,458,2005,1,1,1,0,0,1,0,0,0,0,0,0,0,0,0,0,0,0,1,0,0,4.0
60000000.0,fr,21.084542,148.0,Released,6.2,367,1999,2,1,1,0,0,0,0,1,0,0,0,1,0,0,0,0,0,0,0,1,0,5.0
49900000.0,en,21.408222,102.0,Released,5.2,501,2011,1,0,0,0,1,0,0,0,0,0,0,0,0,0,0,0,0,0,0,0,0,8.0
50000000.0,en,19.267479,84.0,Released,5.8,391,2011,1,0,0,0,0,0,0,1,0,0,0,0,0,0,1,0,0,0,1,0,0,3.0
50000000.0,en,3.314004,114.0,Released,5.9,81,1997,1,1,0,0,0,0,0,1,0,0,0,0,0,0,0,0,0,0,1,0,0,2.0
50000000.0,en,21.312186,99.0,Released,5.8,274,1994,1,1,1,0,1,0,0,0,1,0,0,0,0,0,0,0,0,0,0,0,0,2.0
50000000.0,en,7.44268,135.0,Released,5.5,108,1995,1,0,0,0,0,0,0,1,0,0,0,1,0,0,0,1,0,0,0,0,0,3.0
22000000.0,en,12.54949,108.0,Released,6.5,235,2010,2,0,0,0,0,0,0,1,0,0,0,0,0,0,0,0,0,0,1,0,0,7.0
50000000.0,en,18.394571,127.0,Released,6.0,444,2005,1,1,0,0,0,1,0,0,0,0,0,0,0,0,0,0,0,0,0,0,0,12.0
50000000.0,en,8.189406,95.0,Released,5.2,44,1995,1,1,0,0,0,0,0,0,0,0,0,0,0,0,1,1,0,0,1,0,0,6.0
50000000.0,en,27.631262,95.0,Released,5.6,760,2009,1,1,0,0,0,0,0,0,0,0,0,0,0,0,0,0,1,0,1,0,0,4.5
60000000.0,en,40.721373,124.0,Released,5.6,984,2013,2,0,0,0,0,0,0,1,0,1,0,0,0,0,0,1,0,0,0,0,0,6.0
55000000.0,en,11.329727,109.0,Released,5.9,132,2002,1,0,0,0,1,1,0,1,0,0,0,0,0,0,0,0,0,0,1,0,0,3.0
50000000.0,en,37.253774,100.0,Released,4.7,797,2016,2,0,0,0,1,0,0,0,0,0,0,0,0,0,0,0,0,0,0,0,0,5.0
50000000.0,en,6.397388,88.0,Released,5.0,76,2004,1,0,0,0,1,1,0,0,0,0,0,0,0,0,0,0,0,0,0,0,0,2.0
60000000.0,en,2.275331,105.0,Released,5.4,37,2000,1,0,0,0,1,0,0,1,0,0,0,0,0,0,0,1,1,0,0,0,0,6.0
50000000.0,en,30.387148,105.0,Released,5.3,600,2011,1,1,0,0,0,1,0,0,0,1,0,0,0,0,0,0,0,0,1,0,0,4.0
50000000.0,en,8.139676,97.0,Released,3.9,112,2009,1,1,1,0,0,0,0,0,0,0,0,0,0,0,0,0,1,0,1,0,0,5.0
49000000.0,en,21.746245,87.0,Released,5.7,437,2001,2,1,0,0,0,0,0,0,0,0,0,0,0,0,0,0,1,0,1,0,0,4.0
49000000.0,en,2.808428,104.0,Released,6.2,71,1990,1,1,0,0,1,1,0,0,0,0,0,0,0,0,1,0,0,0,1,0,0,15.0
50000000.0,en,31.02233,116.0,Released,7.2,666,2009,1,0,0,0,1,0,0,1,0,0,0,0,0,0,0,0,0,0,0,0,0,3.0
48000000.0,en,25.170217,147.0,Released,6.9,562,2000,3,0,0,0,0,1,0,1,0,0,0,0,0,0,0,0,0,0,1,0,0,15.0
48000000.0,en,80.972475,127.0,Released,7.6,3152,1989,3,1,1,0,0,0,0,0,0,0,0,0,0,0,0,0,0,0,0,0,0,27.0
40600000.0,en,26.38704,130.0,Released,6.5,639,2012,3,0,0,0,0,0,0,1,0,0,0,0,0,0,0,1,0,0,0,0,0,6.0
49000000.0,en,116.700319,120.0,Released,6.6,3062,2015,3,1,0,0,0,1,0,0,0,0,0,0,0,0,0,0,1,0,0,0,0,3.0
73000000.0,en,33.884459,118.0,Released,6.5,826,1999,3,0,0,0,0,1,0,1,0,0,0,0,0,0,1,0,0,0,1,0,0,9.0
48000000.0,en,53.043124,111.0,Released,6.5,1267,2002,3,0,0,0,0,1,0,1,0,0,0,0,0,0,0,0,0,0,1,0,0,10.0
15000000.0,de,0.716764,89.0,Released,4.3,13,2006,3,0,0,0,0,0,0,0,0,0,0,0,1,0,0,0,0,0,0,0,0,1.0
75000000.0,en,34.973086,114.0,Released,6.6,692,1999,2,1,1,0,1,0,0,0,0,0,0,0,0,0,0,0,0,0,0,0,0,8.0
50000000.0,en,40.371098,137.0,Released,6.1,547,2015,1,0,0,0,0,1,0,0,0,0,0,0,0,0,0,0,0,0,1,0,0,3.0
48000000.0,en,18.60049,112.0,Released,6.0,518,2001,3,0,1,0,1,0,0,0,0,0,0,0,0,0,0,0,0,0,0,0,0,4.0
48000000.0,en,30.920075,120.0,Released,7.1,695,2001,2,0,0,0,0,0,0,1,0,0,0,0,0,0,0,0,1,0,0,0,0,4.0
48000000.0,en,11.940711,118.0,Released,6.0,418,2001,2,0,0,0,1,0,0,0,0,1,0,0,0,0,0,1,1,0,0,0,0,8.0
48000000.0,en,19.348007,93.0,Released,5.6,512,2000,3,0,0,0,1,0,0,0,0,1,0,0,0,0,0,1,0,0,0,0,0,8.0
58000000.0,en,8.59075,127.0,Released,6.6,68,1984,1,0,0,0,0,1,0,1,0,0,0,0,0,1,0,1,0,0,0,0,0,12.0
55000000.0,en,48.801089,122.0,Released,6.9,1188,2007,2,0,0,0,0,0,0,0,0,0,0,0,0,0,0,0,0,0,0,0,1,8.0
48000000.0,en,88.844777,109.0,Released,6.1,2200,2014,3,1,0,0,0,0,0,0,0,0,0,0,0,0,0,0,0,0,1,0,0,3.0
48000000.0,en,16.000178,123.0,Released,6.5,333,1998,3,0,0,0,1,1,0,0,0,0,0,0,0,0,0,1,0,0,0,0,0,15.0
47000000.0,en,19.525659,96.0,Released,5.7,594,1996,3,0,0,0,1,0,0,1,0,0,0,0,0,0,0,0,0,0,1,0,0,5.0
22500000.0,hi,1.246883,101.0,Released,6.6,9,1998,1,0,0,0,0,0,0,1,0,0,0,0,0,0,0,0,0,0,0,0,0,2.0
47000000.0,en,7.859226,103.0,Released,5.9,251,1990,3,1,1,0,1,1,0,0,0,0,0,0,0,0,0,0,0,0,1,0,0,3.0
48000000.0,en,18.102572,113.0,Released,6.6,339,1999,3,0,0,0,0,1,0,1,0,0,0,0,0,0,0,1,0,0,0,0,0,10.0
48000000.0,en,7.226115,132.0,Released,6.5,103,2001,1,0,0,0,1,0,0,1,0,0,0,0,0,0,0,1,0,0,0,0,0,4.0
15000000.0,en,63.071046,93.0,Released,7.2,1488,1982,3,1,1,0,0,0,0,0,0,0,0,0,0,0,0,0,0,0,1,1,0,1.0
6000000.0,ru,24.132271,167.0,Released,7.7,357,1972,3,0,1,0,0,0,0,1,0,0,0,0,0,0,1,0,1,0,0,0,0,1.0
47000000.0,en,10.410933,75.0,Released,4.6,104,2006,1,0,0,1,1,0,0,0,1,1,0,0,0,0,0,0,1,0,0,0,0,1.3333333333333333
47000000.0,en,6.067212,104.0,Released,5.7,74,1996,1,0,0,0,0,0,0,1,0,0,0,0,1,0,0,1,0,0,1,0,0,10.0
38000000.0,en,15.401855,105.0,Released,6.3,584,1997,3,0,0,0,1,0,0,0,0,0,0,0,0,0,0,1,0,0,0,0,0,1.0
64400000.0,en,10.698929,102.0,Released,5.5,252,2001,3,0,0,0,1,0,0,0,0,0,0,0,0,0,0,1,0,0,0,0,0,2.0
46000000.0,en,41.322708,118.0,Released,6.8,1148,2002,3,0,0,0,0,1,0,0,0,0,0,0,0,0,1,0,0,0,1,0,0,8.0
46000000.0,en,25.6713,111.0,Released,7.0,661,1996,3,1,1,0,0,0,0,0,0,0,0,0,0,0,0,0,1,0,1,0,0,4.0
47000000.0,en,22.581313,80.0,Released,4.4,420,2010,1,1,0,0,0,0,0,1,0,1,0,0,0,0,0,0,0,0,1,0,1,2.0
46000000.0,en,12.971122,117.0,Released,6.2,232,1996,3,0,0,0,0,0,0,1,0,0,0,0,0,0,1,0,0,0,1,1,0,7.0
45000000.0,en,26.721386,86.0,Released,6.4,1424,1997,3,0,0,0,1,0,0,0,0,0,0,0,0,0,0,0,0,0,0,0,0,7.0
25000000.0,en,24.672234,127.0,Released,6.6,573,2016,1,0,0,0,0,1,0,1,0,0,0,0,0,0,0,0,0,0,1,0,0,3.0
46000000.0,en,0.146783,140.0,Released,6.5,2,1981,1,0,0,0,0,0,0,1,0,0,0,1,0,0,0,0,0,0,0,1,0,4.0
46000000.0,en,28.964162,91.0,Released,5.0,543,1994,3,0,0,0,1,0,0,0,1,1,0,0,0,0,0,0,0,0,0,0,0,6.0
45000000.0,en,49.353524,91.0,Released,6.1,2757,2012,3,1,0,0,0,1,0,0,0,0,0,0,0,0,0,0,0,0,1,0,0,3.0
48000000.0,en,36.585509,84.0,Released,5.8,912,2003,3,0,0,0,1,0,0,0,0,0,0,0,0,0,0,0,0,0,0,0,0,6.0
45000000.0,en,32.624355,111.0,Released,6.1,961,2000,3,1,0,0,1,1,0,0,0,0,0,0,0,0,0,0,0,0,0,0,0,8.0
45000000.0,en,53.090422,93.0,Released,5.8,1309,2008,3,1,1,0,1,0,0,0,1,0,0,0,0,0,0,0,1,0,0,0,0,2.0
40000000.0,en,30.002907,113.0,Released,6.0,697,2004,3,0,0,0,1,0,0,1,1,0,0,0,0,0,0,1,0,0,0,0,0,8.0
45000000.0,en,17.923254,141.0,Released,6.3,371,1993,3,0,0,0,0,1,0,1,0,0,0,0,0,0,1,0,0,0,1,0,0,2.0
45000000.0,en,17.746719,119.0,Released,6.4,278,1994,3,0,0,0,0,1,0,1,0,0,0,0,0,0,1,0,0,0,1,0,0,13.0
45000000.0,en,31.305336,97.0,Released,7.0,1111,2007,3,0,0,0,1,0,0,1,0,0,0,0,0,0,0,0,0,0,0,0,0,11.0
45000000.0,en,19.637704,117.0,Released,6.3,433,1992,3,1,0,0,0,1,0,1,0,0,0,0,0,0,0,0,0,0,1,0,0,9.0
43000000.0,en,10.411996,101.0,Released,5.6,406,2005,3,0,0,0,1,0,0,0,0,0,0,0,0,0,0,1,0,0,0,0,0,6.0
46000000.0,en,88.496873,153.0,Released,7.9,3085,2013,3,0,0,0,0,1,0,1,0,0,0,0,0,0,0,0,0,0,1,0,0,3.0
45000000.0,en,52.081131,122.0,Released,7.3,1634,2001,3,1,0,0,0,1,0,1,0,0,0,0,0,0,0,0,0,0,1,0,0,8.0
45000000.0,en,30.816341,102.0,Released,6.9,710,1999,3,0,0,0,1,0,0,0,1,0,0,0,0,0,0,0,1,0,0,0,0,4.0
45000000.0,en,35.376971,83.0,Released,5.4,982,2001,3,0,0,0,1,0,0,0,0,0,0,0,0,0,0,0,0,0,0,0,0,4.0
45000000.0,en,17.047276,103.0,Released,6.5,501,2011,3,0,0,0,1,0,0,0,1,0,0,0,0,1,0,0,0,0,0,0,0,3.0
45000000.0,en,43.815492,120.0,Released,6.5,1905,1998,3,1,0,0,0,0,0,0,0,0,0,0,1,0,0,0,0,0,0,0,0,2.0
30000000.0,en,23.234651,136.0,Released,7.3,496,2005,3,0,0,0,0,0,0,1,0,0,0,0,0,0,0,0,0,0,0,0,0,3.0
45000000.0,en,17.270539,89.0,Released,5.9,299,2002,3,1,1,0,0,1,0,0,0,0,0,0,0,0,0,0,0,0,1,0,0,3.0
45000000.0,en,27.684779,89.0,Released,4.7,610,1997,3,0,1,0,0,0,0,0,0,0,0,0,1,0,0,0,0,0,1,0,0,2.0
45000000.0,en,26.79781,100.0,Released,5.8,575,2000,3,0,0,0,1,0,0,0,0,0,0,0,0,0,0,0,0,0,0,0,0,2.0
40000000.0,en,37.073127,135.0,Released,7.0,1869,2003,3,0,0,0,1,0,0,1,0,0,0,0,0,0,0,1,0,0,0,0,0,3.0
120000000.0,en,87.350802,95.0,Released,6.8,2303,1998,3,0,1,1,1,0,0,0,1,0,0,0,0,0,0,0,0,0,0,0,0,4.5
35000000.0,en,26.134678,122.0,Released,6.6,741,2001,3,0,0,0,0,0,0,0,0,0,0,0,1,0,1,0,0,0,1,0,0,3.5
45000000.0,en,16.582709,110.0,Released,5.5,313,1994,3,1,0,0,0,0,0,0,0,0,0,0,0,0,0,0,0,0,1,0,0,2.0
45000000.0,en,10.731574,135.0,Released,5.9,150,1996,2,0,0,0,1,0,0,1,0,0,0,0,0,0,0,1,0,0,0,0,0,4.0
16500000.0,en,2.094151,111.0,Released,6.2,26,1968,3,0,0,0,1,0,0,1,1,0,0,0,0,0,0,0,0,0,0,0,0,1.0
45000000.0,en,8.99269,95.0,Released,5.6,176,2005,2,0,0,0,1,0,0,0,1,0,0,0,0,0,0,1,0,0,0,0,0,3.0
50000000.0,en,51.742065,109.0,Released,6.6,1315,2005,3,0,1,0,1,0,0,0,1,0,0,0,0,0,0,0,1,0,0,0,0,1.0
45000000.0,en,7.157635,93.0,Released,4.3,69,2004,2,0,0,0,1,0,0,1,1,0,0,0,0,0,0,0,0,0,0,0,0,2.0
45000000.0,en,12.06538,94.0,Released,6.1,1292,2007,3,1,0,0,0,0,0,0,0,0,0,0,1,0,0,0,1,0,0,0,0,4.0
40000000.0,en,44.120328,117.0,Released,6.6,1006,2014,3,0,0,0,1,0,0,0,0,0,0,0,0,0,0,0,0,0,0,0,0,7.0
45000000.0,en,6.156015,112.0,Released,6.4,119,2006,1,0,1,0,1,0,0,1,0,0,0,0,0,0,0,0,0,0,0,0,0,5.0
45000000.0,en,12.362876,111.0,Released,6.1,210,1994,3,1,1,0,0,1,0,0,0,0,0,0,0,0,0,0,0,0,1,0,0,7.0
45000000.0,en,11.095914,96.0,Released,5.9,134,1995,1,0,1,0,0,0,0,0,1,1,0,0,0,0,0,0,0,0,0,0,0,7.0
45000000.0,en,31.856589,131.0,Released,6.2,766,2012,3,0,0,0,0,1,0,1,0,0,0,0,0,0,0,0,0,0,1,0,0,14.0
25000000.0,en,24.459948,94.0,Released,6.1,537,2004,3,1,1,0,0,1,0,0,0,0,0,0,0,0,0,0,0,0,1,0,0,5.0
40000000.0,en,28.029015,88.0,Released,6.0,852,2003,3,1,1,0,1,0,0,0,0,0,0,0,0,0,0,0,0,0,0,0,0,4.0
50000000.0,en,20.239061,88.0,Released,5.5,366,2006,2,0,1,1,1,0,0,0,1,1,0,0,0,0,0,0,0,0,0,0,0,2.0
40000000.0,en,25.876582,137.0,Released,6.5,562,1984,1,1,1,0,0,0,0,0,0,0,0,0,0,0,0,0,1,0,0,0,0,5.0
45000000.0,en,11.872841,133.0,Released,7.1,410,2007,1,0,1,0,0,0,0,1,0,0,0,0,0,1,0,1,0,0,0,0,0,3.0
35000000.0,en,20.360549,119.0,Released,6.7,796,2008,3,0,0,0,0,0,0,1,0,0,0,0,0,0,0,1,0,0,0,0,0,7.0
55000000.0,en,32.31022,105.0,Released,6.2,661,2006,2,1,1,0,0,1,0,0,0,0,0,0,0,0,0,0,0,0,1,0,0,11.0
70000000.0,en,27.568194,101.0,Released,5.4,676,2008,2,1,1,0,0,0,0,0,0,0,0,0,0,0,0,0,1,0,1,0,0,2.0
45000000.0,en,6.250282,92.0,Released,4.7,100,1996,1,1,1,0,0,1,0,1,0,0,0,0,0,0,0,0,0,0,1,0,0,1.0
45000000.0,en,11.120344,117.0,Released,5.5,154,1996,1,0,0,0,1,0,0,0,0,1,0,0,0,0,0,0,1,0,0,0,0,8.0
45000000.0,en,13.707183,86.0,Released,5.3,244,2009,2,0,1,0,1,0,0,0,1,1,0,0,0,0,0,0,1,0,0,0,0,3.0
35000000.0,en,12.495436,123.0,Released,6.5,215,2001,1,0,0,0,0,1,0,1,0,0,0,0,0,0,1,0,0,0,1,0,0,2.0
45000000.0,en,6.803965,134.0,Released,6.1,151,2005,1,0,0,0,1,0,0,0,0,0,0,0,0,1,0,0,0,0,0,0,0,1.0
45000000.0,en,9.025236,100.0,Released,4.7,136,1996,1,1,1,0,0,0,0,0,0,0,0,0,0,0,0,0,0,0,0,0,0,4.0
57000000.0,en,7.524671,117.0,Released,5.8,60,2000,1,0,0,0,0,0,0,1,0,0,0,0,0,0,0,1,0,0,0,0,1,2.0
44000000.0,en,3.770161,192.0,Released,7.1,71,1995,1,0,0,0,0,0,0,1,0,0,0,1,0,0,0,0,0,0,0,0,0,14.0
45000000.0,en,21.118196,128.0,Released,6.7,670,2010,2,0,0,0,0,0,0,0,0,0,0,0,0,0,1,0,0,0,1,0,0,6.0
45000000.0,en,6.513856,106.0,Released,6.0,154,1998,1,1,1,0,0,0,0,0,0,0,0,0,1,0,0,0,1,0,0,0,0,4.0
45000000.0,en,11.387408,160.0,Released,6.3,90,2008,1,0,0,0,0,0,0,1,0,0,0,0,0,0,0,0,0,0,0,1,0,16.0
110.0,zh,9.950505,114.0,Released,6.6,203,2006,3,1,0,0,0,0,0,1,0,1,0,0,0,0,0,0,0,0,0,0,0,6.0
45000000.0,en,14.813057,99.0,Released,5.0,332,2008,1,1,0,0,0,1,0,0,0,0,0,0,0,0,0,0,0,0,1,0,0,2.0
40000000.0,en,5.201688,85.0,Released,6.3,80,2002,1,1,0,0,1,0,0,0,0,0,0,0,0,0,0,0,0,0,1,0,0,7.0
45000000.0,en,5.361699,139.0,Released,6.4,81,2007,1,0,0,0,0,0,0,1,0,0,0,0,0,0,0,1,0,0,0,0,0,7.0
45000000.0,en,3.848893,103.0,Released,4.0,11,1997,1,1,0,0,0,0,0,0,0,0,0,0,0,0,0,0,0,0,1,0,0,3.0
45000000.0,en,35.6585,101.0,Released,6.0,1007,2011,3,1,1,0,1,1,0,0,0,0,0,0,0,0,0,0,0,0,1,0,0,4.0
65000000.0,en,5.258726,87.0,Released,2.3,28,2012,1,1,0,1,1,0,0,0,1,0,0,0,0,0,0,0,0,0,0,0,0,1.0
44500000.0,en,62.01056,120.0,Released,7.1,3423,2012,3,0,0,0,0,0,0,1,0,0,0,0,0,0,0,0,0,0,1,0,0,2.0
44000000.0,en,54.884297,130.0,Released,7.2,1220,1993,3,1,1,0,0,1,0,0,0,0,0,0,0,0,1,0,0,0,1,0,0,4.0
40000000.0,en,33.747825,110.0,Released,5.5,858,2010,3,1,0,0,0,0,0,0,0,0,0,0,0,0,0,0,0,0,0,0,0,6.0
44000000.0,en,16.245068,147.0,Released,7.3,715,1996,3,0,0,0,0,1,0,1,0,0,0,0,0,0,0,0,0,0,1,0,0,13.0
44000000.0,en,38.653969,96.0,Released,6.3,864,1985,3,1,1,0,0,0,0,0,0,0,0,0,0,0,0,0,0,0,1,1,0,3.0
44000000.0,en,3.937352,118.0,Released,5.5,89,1996,1,0,0,0,0,0,0,1,0,0,0,0,0,0,0,0,0,0,1,0,0,2.0
2600000.0,en,46.007991,88.0,Released,6.9,1355,1940,3,0,0,1,0,0,0,0,1,0,0,0,0,0,0,0,0,0,0,0,0,2.0
44000000.0,en,5.380124,219.0,Released,6.4,55,1980,1,1,0,0,0,0,0,1,0,0,0,1,0,0,0,0,0,0,0,0,1,2.0
50000000.0,en,49.020045,106.0,Released,6.4,1528,2006,3,1,0,0,0,0,0,0,0,1,0,0,0,0,0,0,1,0,1,0,0,3.0
40000000.0,en,24.821138,109.0,Released,5.6,685,2015,1,0,0,0,0,0,0,1,0,0,0,0,0,0,0,0,1,0,1,0,0,3.0
43000000.0,en,19.043286,136.0,Released,7.0,302,2000,3,0,0,0,0,0,0,1,0,0,0,0,0,0,0,0,0,0,0,0,0,8.0
43000000.0,en,5.418921,103.0,Released,6.0,208,2000,2,0,0,0,1,0,0,1,0,0,0,0,0,0,0,0,0,0,0,0,0,4.0
45000000.0,en,25.999888,103.0,Released,6.6,518,2005,2,1,0,0,0,1,0,0,0,0,0,0,0,0,0,0,0,0,0,0,0,6.0
43000000.0,en,18.65632,84.0,Released,5.3,280,2002,2,0,0,0,1,0,0,0,0,0,0,0,0,0,0,1,0,0,0,0,0,3.0
42000000.0,en,23.736535,154.0,Released,6.6,501,1993,3,0,0,0,0,0,0,1,0,0,0,0,0,0,1,0,0,0,1,0,0,5.0
44000000.0,en,21.75433,99.0,Released,6.8,566,2010,2,0,0,0,0,0,0,1,0,0,0,0,0,0,0,0,0,0,0,0,0,4.0
40000000.0,en,44.094856,93.0,Released,6.3,1045,2011,2,1,0,0,0,1,0,0,0,0,0,0,0,0,0,0,0,0,1,0,0,8.0
42000000.0,en,62.714026,109.0,Released,6.7,4074,2012,3,1,0,0,1,1,0,0,0,0,0,0,0,0,0,0,0,0,0,0,0,4.0
42000000.0,en,28.969151,124.0,Released,7.0,1262,1999,3,0,0,0,1,0,0,1,0,0,0,0,0,0,0,1,0,0,0,0,0,3.0
45000000.0,en,31.789029,84.0,Released,6.5,1150,2000,3,0,0,1,1,0,0,0,1,0,0,0,0,0,0,0,0,0,0,0,0,2.0
42000000.0,en,33.238296,90.0,Released,5.8,773,2004,3,0,0,0,1,0,0,0,0,0,0,0,0,0,0,1,0,0,0,0,0,3.0
40000000.0,en,6.420434,117.0,Released,5.4,134,1992,3,0,0,0,1,0,0,0,0,0,0,0,0,0,0,1,0,0,0,0,0,3.0
43000000.0,en,37.654688,117.0,Released,6.5,1575,2013,3,1,0,0,1,1,0,0,0,0,0,0,0,0,0,0,0,0,0,0,0,4.0
31115000.0,en,13.244365,248.0,Released,6.7,146,1963,3,0,0,0,0,0,0,1,0,0,0,1,0,0,0,1,0,0,0,0,0,1.0
42000000.0,en,26.799913,105.0,Released,6.0,593,2012,3,0,0,0,1,0,0,0,0,0,0,0,0,0,0,0,0,0,0,0,0,7.0
42000000.0,en,14.046705,115.0,Released,6.1,184,2002,2,0,0,0,0,1,0,1,0,0,0,0,0,0,1,0,0,0,1,0,0,3.0
42000000.0,en,3.844926,126.0,Released,6.5,47,1996,1,0,0,0,1,0,0,1,0,0,0,0,0,0,0,1,0,0,0,0,0,3.0
32000000.0,en,14.733513,119.0,Released,6.1,305,2002,3,0,0,0,0,0,0,1,0,0,0,0,1,0,1,0,0,0,0,0,0,3.0
42000000.0,en,16.122168,83.0,Released,5.4,518,2009,3,0,0,0,1,0,0,0,0,0,0,0,0,0,0,0,0,0,0,0,0,5.0
32000000.0,en,28.22119,133.0,Released,5.9,541,1989,3,1,1,0,0,0,0,0,0,0,0,0,0,0,0,0,0,0,1,0,0,5.0
42000000.0,en,45.151657,100.0,Released,5.6,922,2011,3,0,0,0,0,0,0,0,0,1,0,0,1,0,0,0,0,0,1,0,0,6.0
60000000.0,en,15.205371,120.0,Released,5.7,191,2001,1,1,0,0,0,1,0,0,0,0,0,0,0,0,0,0,0,0,1,0,0,2.0
48000000.0,en,14.587367,104.0,Released,4.0,232,1993,1,0,1,0,1,0,0,0,1,1,0,0,0,0,0,0,0,0,0,0,0,1.0
42000000.0,en,34.828241,122.0,Released,7.0,1335,2005,1,0,0,0,0,1,0,1,0,0,0,0,0,0,0,0,0,0,1,0,0,5.0
31000000.0,zh,23.607392,99.0,Released,7.2,635,2002,3,1,1,0,0,0,0,1,0,0,0,1,0,0,0,0,0,0,0,0,0,6.0
40000000.0,en,19.438503,91.0,Released,5.3,388,2012,1,1,0,0,1,1,0,0,0,0,0,0,0,0,0,0,0,0,0,0,0,2.0
44000000.0,en,74.168016,112.0,Released,6.1,2304,2014,1,1,0,0,1,0,0,0,0,0,0,0,0,0,0,0,0,0,0,0,0,2.0
42000000.0,en,7.349497,100.0,Released,6.3,136,2010,1,1,1,0,0,0,0,0,0,1,0,0,0,0,0,0,0,0,1,0,1,1.0
33000000.0,fr,7.663515,100.0,Released,6.8,148,2009,1,1,0,0,1,1,0,0,0,0,0,0,0,0,0,0,0,0,0,0,0,5.0
41000000.0,en,32.798571,110.0,Released,6.8,1626,2002,3,0,0,0,0,0,0,1,0,0,0,0,0,0,0,0,0,0,0,0,0,7.0
37580800.0,fr,5.794466,100.0,Released,5.3,125,2015,1,0,1,1,1,0,0,0,0,0,0,0,0,0,0,0,0,0,0,0,0,1.0
65000000.0,en,36.670399,132.0,Released,6.6,907,2001,3,1,1,0,0,0,0,1,0,0,0,0,0,0,0,1,0,0,0,0,0,5.0
41000000.0,en,14.653718,88.0,Released,5.3,281,2003,1,1,0,0,1,0,0,0,0,1,0,0,0,0,0,0,0,0,1,0,0,1.0
40000000.0,en,73.085576,107.0,Released,7.7,3147,1999,3,0,0,0,0,0,0,1,0,0,0,0,0,0,1,0,0,0,1,0,0,9.0
42000000.0,en,34.041407,102.0,Released,6.2,925,2012,2,1,0,0,0,1,0,0,0,0,0,0,0,0,0,0,0,0,1,0,0,1.0
41000000.0,en,9.419726,100.0,Released,5.6,248,2011,1,0,0,0,1,0,0,0,0,0,0,0,0,0,0,0,0,0,0,0,0,4.0
8000000.0,en,28.456572,126.0,Released,6.9,891,1984,3,0,0,0,0,0,0,1,0,0,0,0,0,0,0,0,0,0,0,0,0,2.0
40000000.0,en,49.664128,138.0,Released,6.8,2807,2013,3,0,0,0,0,1,0,1,0,0,0,0,0,0,0,0,0,0,0,0,0,8.0
40000000.0,en,36.238968,108.0,Released,6.7,1804,2009,3,0,0,0,1,0,0,1,0,0,0,0,0,0,0,1,0,0,0,0,0,5.0
70000000.0,en,19.439386,105.0,Released,6.2,278,1999,3,0,0,0,0,1,0,1,0,0,0,0,0,0,1,0,0,0,1,0,0,4.0
40000000.0,en,43.345252,108.0,Released,7.4,3829,1989,3,0,1,0,1,0,0,0,1,0,0,0,0,0,0,0,1,0,0,0,0,13.0
40000000.0,en,115.241998,89.0,Released,6.3,5878,2014,3,1,0,0,0,0,0,0,0,0,0,0,0,0,0,0,1,0,0,0,0,5.0
40000000.0,en,98.755657,125.0,Released,5.2,3254,2015,3,0,0,0,0,0,0,1,0,0,0,0,0,0,0,1,0,0,1,0,0,2.0
38000000.0,en,21.998734,84.0,Released,4.7,511,2003,3,1,1,0,1,0,0,0,1,0,0,0,0,0,0,0,1,0,0,0,0,17.0
40000000.0,en,25.219805,149.0,Released,7.0,509,1996,3,0,0,0,0,1,0,1,0,0,0,0,0,0,0,0,0,0,1,0,0,13.0
40000000.0,en,26.516624,98.0,Released,6.0,699,2003,3,0,0,0,1,0,0,0,0,0,0,0,0,0,0,0,0,0,0,0,0,11.0
40000000.0,en,37.084384,121.0,Released,7.4,1526,2013,3,1,0,0,0,0,0,1,0,0,0,0,0,0,0,0,0,0,1,1,0,6.0
40000000.0,en,21.661028,128.0,Released,6.7,354,1992,3,0,0,0,1,0,0,0,0,0,0,0,0,0,0,0,0,0,0,0,0,4.0
40000000.0,en,68.794673,134.0,Released,7.0,1949,2016,3,0,0,0,0,0,0,0,0,0,0,0,1,0,0,0,0,0,0,0,0,7.0
40000000.0,en,69.27822,120.0,Released,7.1,3391,2010,3,0,0,0,0,0,0,1,0,0,0,0,0,0,0,0,0,0,0,0,0,10.0
40000000.0,en,26.253357,129.0,Released,6.2,959,2009,3,0,0,0,1,0,0,1,0,0,0,0,0,0,0,1,0,0,0,0,0,4.0
45000000.0,en,32.549282,83.0,Released,5.3,750,2006,3,0,0,0,1,0,0,0,0,0,0,0,0,0,0,0,0,0,0,0,0,6.0
40000000.0,en,24.992057,116.0,Released,5.7,736,2000,3,0,0,0,0,0,0,0,0,0,0,0,1,0,1,0,0,0,0,0,0,11.0
40000000.0,en,45.769562,118.0,Released,7.1,2900,1990,3,0,1,0,1,0,0,0,1,0,0,0,0,0,0,0,1,0,0,0,0,13.0
40000000.0,en,36.301202,100.0,Released,5.9,944,2015,3,0,0,0,1,0,0,0,0,0,0,0,0,0,0,0,0,0,0,0,0,1.0
40000000.0,en,45.022964,128.0,Released,7.1,1056,1992,3,0,0,0,0,0,0,0,0,0,0,0,1,0,0,1,0,0,0,0,0,12.0
40000000.0,en,22.853006,123.0,Released,6.6,560,2009,3,0,0,0,0,0,0,1,0,0,0,0,0,0,0,1,0,0,0,0,0,3.0
40000000.0,en,31.884559,128.0,Released,6.8,787,2013,3,0,0,0,0,0,0,1,0,0,0,0,0,0,0,0,0,0,0,0,0,5.0
40000000.0,en,31.385257,139.0,Released,7.0,767,1999,3,0,0,0,0,1,0,1,0,0,0,0,0,0,0,0,0,0,1,0,0,3.0
40000000.0,en,67.767785,110.0,Released,5.4,1127,2014,3,0,0,0,1,0,0,0,0,0,0,0,0,0,0,0,0,0,0,0,0,11.5
40000000.0,en,24.287306,120.0,Released,6.7,542,2006,3,0,1,0,0,0,0,1,1,0,0,0,0,0,0,0,0,0,0,0,0,4.0
35000000.0,en,53.114573,121.0,Released,7.1,1881,2015,3,0,0,0,1,0,0,0,0,0,0,0,0,0,0,0,0,0,0,0,0,5.0
40000000.0,en,25.136082,102.0,Released,6.1,555,2016,3,1,0,0,1,0,0,0,0,0,0,0,0,0,0,0,0,0,0,0,0,7.0
40000000.0,en,37.776566,112.0,Released,7.1,732,1992,3,1,1,0,0,0,0,1,0,0,0,1,0,0,0,1,0,0,0,1,0,6.0
40000000.0,en,21.743321,152.0,Released,7.2,467,2004,3,0,0,0,0,0,0,1,0,0,0,0,0,1,0,0,0,0,0,0,0,6.0
40000000.0,en,66.003433,124.0,Released,7.2,2691,2005,3,1,0,0,0,1,0,0,0,0,0,0,0,0,0,0,0,0,1,0,0,10.0
40000000.0,en,24.862767,90.0,Released,6.2,716,2008,3,1,0,0,0,1,0,1,0,0,0,0,0,0,0,0,0,0,1,0,0,2.0
41000000.0,en,25.391899,105.0,Released,6.5,515,2009,3,0,0,0,1,0,0,0,0,0,0,0,0,0,0,0,0,0,0,0,0,3.0
40000000.0,en,29.854773,114.0,Released,5.7,731,2001,3,0,0,0,1,0,0,0,0,0,0,0,0,0,0,1,0,0,0,0,0,11.5
40000000.0,en,26.82041,189.0,Released,7.5,502,1991,3,0,0,0,0,0,0,1,0,0,0,1,0,0,0,0,0,0,1,0,0,14.0
40000000.0,en,17.61292,99.0,Released,5.4,371,2006,3,0,0,0,1,1,0,0,0,0,0,0,0,0,0,0,0,0,0,0,0,5.0
57000000.0,en,21.021809,123.0,Released,5.8,441,2001,3,1,0,0,1,1,0,0,0,0,0,0,0,0,0,1,0,0,0,0,0,7.0
20000000.0,en,52.571674,102.0,Released,6.1,1350,2009,3,0,0,0,1,0,0,0,0,0,0,0,0,0,0,0,0,0,0,0,0,4.0
40000000.0,en,34.519636,109.0,Released,6.2,1437,2014,3,0,0,0,1,0,0,0,0,0,0,0,0,0,0,1,0,0,0,0,0,4.0
40000000.0,en,32.478077,82.0,Released,5.4,831,2009,3,0,0,0,0,0,0,0,0,0,0,0,1,0,1,0,0,0,0,0,0,5.0
40000000.0,en,48.445978,141.0,Released,7.2,2583,2015,3,0,0,0,0,0,0,1,0,0,0,0,0,0,0,0,0,0,1,0,0,27.0
40000000.0,en,24.012986,106.0,Released,6.0,457,2001,3,1,0,0,0,0,0,1,0,0,0,0,0,0,0,0,0,0,1,1,0,4.0
40000000.0,en,17.869443,109.0,Released,5.9,612,2010,3,0,0,0,1,0,0,0,0,0,0,0,0,0,0,0,0,0,0,0,0,5.0
50000000.0,en,14.231899,107.0,Released,5.9,297,2004,3,0,0,0,1,0,0,1,0,0,0,0,0,0,0,1,0,0,0,0,0,5.0
40000000.0,en,23.088571,110.0,Released,6.2,511,1998,2,1,1,0,1,0,0,0,0,1,0,0,0,0,0,0,1,0,0,0,0,7.0
40000000.0,en,19.833664,96.0,Released,5.0,336,1997,3,1,1,0,0,0,0,0,0,1,0,0,1,0,0,0,1,0,1,0,0,1.0
35000000.0,en,26.595983,131.0,Released,7.3,453,2002,3,1,1,0,0,0,0,1,0,0,0,0,0,0,0,0,0,0,1,0,0,5.0
40000000.0,en,26.072228,119.0,Released,7.0,902,2011,3,0,0,0,0,1,0,1,0,0,0,0,0,0,0,0,0,0,1,0,0,3.0
30000000.0,en,38.643914,113.0,Released,6.5,1265,2011,3,1,0,0,0,0,0,0,0,0,0,0,0,0,1,0,0,0,1,0,0,6.0
40000000.0,en,74.440708,130.0,Released,8.0,4391,2006,3,0,0,0,0,0,0,1,0,0,0,0,0,0,1,0,0,0,1,0,0,8.0
42000000.0,en,82.185281,108.0,Released,6.1,1536,2014,3,0,0,0,1,0,0,0,0,0,0,0,0,0,0,0,0,0,0,0,0,4.0
40000000.0,en,18.14218,89.0,Released,5.7,332,2013,3,0,1,1,1,0,0,0,1,0,0,0,0,0,0,0,1,0,0,0,0,1.0
40000000.0,en,41.570047,139.0,Released,7.3,1221,2006,3,1,1,0,0,0,0,1,0,0,0,0,0,0,0,0,0,0,1,0,0,3.0
40000000.0,en,23.331459,130.0,Released,6.2,440,1987,3,1,1,0,0,0,0,0,0,0,0,0,0,0,0,0,0,0,1,0,0,5.0
40000000.0,en,47.649554,107.0,Released,6.0,1206,2010,3,1,1,0,0,0,0,0,0,0,0,0,0,0,0,0,1,0,1,0,0,3.0
40000000.0,en,7.519433,116.0,Released,5.8,51,1986,3,0,0,0,1,1,0,1,0,0,0,0,0,0,0,1,0,0,1,0,0,8.0
40000000.0,en,32.908414,96.0,Released,6.4,972,2004,3,0,0,0,0,0,0,0,0,0,0,0,0,0,1,0,0,0,1,0,0,5.0
40000000.0,en,29.88736,99.0,Released,6.5,670,2006,3,0,0,0,0,0,0,1,0,0,0,0,0,0,1,1,0,0,0,0,0,1.0
43000000.0,en,29.105407,104.0,Released,6.4,573,2005,3,0,0,0,0,0,0,1,0,0,0,0,1,0,1,0,0,0,1,0,0,4.0
25000000.0,en,16.394452,105.0,Released,6.5,386,2012,3,0,0,0,1,0,0,1,1,1,0,0,0,0,0,0,0,0,0,0,0,2.0
40000000.0,en,19.574774,101.0,Released,6.0,394,2008,3,0,0,0,1,0,0,0,0,0,0,0,0,0,0,1,0,0,0,0,0,1.0
40000000.0,en,14.199933,134.0,Released,6.8,255,2014,3,0,0,0,0,0,0,1,0,0,0,0,0,1,0,0,0,0,0,0,0,20.0
40000000.0,en,12.229516,135.0,Released,6.7,235,1997,2,0,0,0,0,1,0,1,0,0,0,0,0,0,0,0,0,0,1,0,0,12.0
40000000.0,en,27.303608,98.0,Released,5.8,629,2003,3,0,0,0,0,0,0,0,0,0,0,0,1,0,0,0,0,0,1,0,0,2.0
36000000.0,en,3.698276,155.0,Released,6.8,316,1997,3,0,0,0,0,0,0,1,0,0,0,1,0,0,1,0,0,0,0,0,0,27.0
40000000.0,en,7.021871,106.0,Released,5.8,114,1992,2,0,1,0,0,0,0,0,0,0,0,0,0,0,0,0,0,0,0,0,0,10.0
40000000.0,en,39.381913,94.0,Released,4.9,740,2007,2,1,0,0,0,0,0,0,0,1,0,0,1,0,0,0,1,0,1,0,0,2.0
40000000.0,en,14.398356,95.0,Released,5.4,415,1994,1,0,0,0,1,0,0,0,1,0,0,0,0,0,0,0,0,0,0,0,0,8.0
65000000.0,en,8.680334,103.0,Released,5.7,135,2000,2,0,0,0,0,0,0,1,0,0,0,0,0,0,0,1,0,0,0,0,0,1.0
40000000.0,en,17.659032,96.0,Released,6.2,554,2007,3,0,0,0,1,0,0,0,0,0,0,0,0,1,0,1,0,0,0,0,0,3.0
40000000.0,en,43.151268,104.0,Released,6.5,1789,2011,3,0,1,0,1,0,0,0,0,0,0,0,0,0,0,0,1,0,0,0,0,3.0
40000000.0,en,15.283444,95.0,Released,5.4,284,2012,2,0,0,0,1,0,0,0,0,0,0,0,0,0,0,0,0,0,0,0,0,5.0
40000000.0,en,35.21926,111.0,Released,6.1,902,2011,3,0,0,0,0,0,0,0,0,0,0,0,1,0,1,0,0,0,0,0,0,11.0
40000000.0,en,25.580272,123.0,Released,6.1,474,1999,3,0,0,0,0,1,0,0,0,0,0,0,0,0,1,0,0,0,1,0,0,13.0
38000000.0,en,10.794175,140.0,Released,6.7,275,1991,1,0,0,0,0,0,0,1,0,0,0,0,0,1,0,0,0,0,0,0,0,14.0
40000000.0,en,72.641296,97.0,Released,5.3,1695,2014,3,0,0,0,1,0,0,0,0,0,0,0,0,0,0,0,0,0,0,0,0,4.0
40000000.0,en,3.415534,94.0,Released,5.0,40,2000,1,0,0,0,1,0,0,1,0,0,0,0,0,0,0,0,0,0,0,0,0,1.0
47000000.0,en,38.555482,92.0,Released,5.9,866,2011,3,0,0,0,0,0,0,0,0,0,0,0,1,0,1,0,0,0,0,0,0,2.0
75000000.0,en,6.786117,102.0,Released,5.3,140,1999,1,0,0,0,1,1,0,0,0,0,0,0,0,0,0,1,0,0,0,0,0,1.0
40000000.0,en,24.313684,122.0,Released,7.0,432,2000,2,0,0,0,0,0,0,1,0,0,0,0,0,0,0,1,0,0,0,0,0,3.0
30000000.0,en,9.965073,103.0,Released,5.9,182,2005,3,0,0,0,1,0,0,1,0,0,0,0,0,0,0,1,0,0,0,0,0,11.5
40000000.0,en,15.055732,102.0,Released,5.5,275,2008,1,0,0,0,1,0,0,0,0,0,0,0,0,0,0,0,0,0,0,0,0,5.0
40000000.0,en,32.808675,116.0,Released,5.8,1468,2014,3,0,0,0,1,0,0,0,0,0,0,0,0,0,0,0,0,0,0,0,1,3.0
25000000.0,en,8.178203,108.0,Released,5.4,138,1994,3,1,1,0,0,0,0,0,0,1,0,0,0,0,0,0,1,0,1,0,0,4.0
40000000.0,en,31.066874,129.0,Released,6.9,708,2011,2,0,0,0,0,0,0,1,0,0,0,0,0,0,0,0,0,0,0,0,0,5.0
40000000.0,en,22.491388,102.0,Released,6.1,412,2010,2,0,0,0,1,0,0,1,0,0,0,0,0,0,0,1,0,0,0,0,0,3.0
40000000.0,en,12.885985,117.0,Released,6.3,186,2005,2,0,0,0,0,0,0,1,0,0,0,0,0,0,0,0,0,0,0,0,0,3.0
40000000.0,en,7.832337,117.0,Released,5.6,135,2000,1,1,1,0,0,1,0,0,0,0,0,0,0,0,0,0,0,0,0,0,0,2.0
40000000.0,en,10.433667,135.0,Released,6.7,155,2005,1,0,0,0,0,0,0,1,0,0,0,0,0,0,0,1,0,0,0,0,0,11.0
40000000.0,en,3.321949,107.0,Released,4.9,71,2000,2,0,0,0,0,1,0,1,0,0,0,0,1,0,0,0,0,0,1,0,0,6.0
75000000.0,en,4.842626,90.0,Released,5.0,45,1999,1,0,0,0,1,0,0,0,0,0,0,0,0,0,0,0,0,0,0,0,0,4.0
40000000.0,en,13.210898,96.0,Released,4.6,147,1996,2,0,0,0,0,0,0,0,0,1,0,0,1,0,0,0,1,0,0,0,0,3.0
40000000.0,en,3.296933,104.0,Released,5.2,56,2001,1,1,1,0,0,0,0,1,0,0,0,0,0,0,0,0,0,0,0,0,0,6.0
35000000.0,en,22.939557,115.0,Released,6.4,477,2008,3,0,0,0,0,0,0,1,0,0,0,0,0,0,0,0,0,0,0,0,0,2.0
40000000.0,en,19.372805,119.0,Released,6.4,278,2001,3,0,0,0,0,0,0,1,0,0,0,0,0,0,0,1,0,0,0,0,0,1.0
40000000.0,en,13.445697,99.0,Released,5.4,205,2007,2,0,0,0,0,0,0,0,0,0,0,0,1,0,0,0,0,0,0,0,0,6.0
500000.0,en,17.002096,110.0,Released,7.2,345,1973,3,0,0,0,0,1,0,1,0,0,0,0,0,0,0,0,0,0,0,0,0,21.0
40000000.0,en,4.516953,128.0,Released,5.9,81,1994,1,0,0,0,1,0,0,0,0,0,0,0,0,0,0,0,0,0,0,1,0,4.0
40000000.0,en,33.785969,108.0,Released,6.5,824,2011,2,1,0,0,0,1,0,1,0,0,0,0,0,0,0,0,0,0,1,0,0,3.0
40000000.0,en,16.059443,86.0,Released,6.9,190,1998,1,0,0,1,0,0,0,1,1,1,0,0,0,0,0,1,0,0,0,0,0,2.0
40000000.0,en,3.476966,108.0,Released,5.7,92,2002,1,0,0,0,0,1,0,1,0,0,0,0,0,0,1,0,0,0,0,0,0,4.0
25000000.0,en,5.778724,128.0,Released,5.9,48,1999,1,0,0,0,0,0,0,1,0,0,0,0,0,0,0,1,0,0,0,0,0,4.0
40000000.0,en,7.360793,84.0,Released,4.7,119,2004,2,1,0,0,0,0,0,0,0,0,0,0,0,0,0,0,0,0,0,0,0,2.0
40000000.0,en,3.621837,111.0,Released,6.0,67,1996,1,0,0,0,0,0,0,1,0,0,0,0,0,0,0,0,0,0,1,0,0,4.0
45000000.0,en,14.513305,128.0,Released,4.9,256,1995,1,0,0,0,0,0,0,1,0,0,0,0,0,0,0,0,0,0,0,0,0,5.0
40000000.0,en,22.364549,123.0,Released,6.5,642,2006,2,0,0,0,0,0,0,1,0,0,0,1,0,0,0,0,0,0,0,0,0,4.0
40000000.0,en,6.90894,101.0,Released,5.7,81,1995,1,1,0,0,0,1,0,1,0,0,0,0,0,0,0,0,0,0,1,0,0,2.0
63600000.0,en,4.494788,102.0,Released,4.8,145,2000,1,1,0,0,0,1,0,1,0,0,0,0,0,0,0,0,0,0,1,0,0,3.0
42000000.0,en,47.559928,113.0,Released,7.0,2025,2012,3,0,0,0,0,0,0,1,0,0,0,0,0,0,0,0,0,0,1,0,0,2.0
55000000.0,en,2.410546,107.0,Released,4.2,28,1987,1,1,1,0,1,0,0,0,0,0,0,0,0,0,0,0,0,0,0,0,0,1.0
40000000.0,en,41.258956,87.0,Released,7.5,1176,2009,2,0,1,1,1,0,0,0,1,0,0,0,0,0,0,0,0,0,0,0,0,7.0
40000000.0,en,8.980846,103.0,Released,5.7,124,2002,1,0,0,0,1,0,0,1,0,0,0,0,0,0,0,1,0,0,0,0,0,8.0
40000000.0,en,7.222985,99.0,Released,5.7,125,1992,1,0,0,0,1,0,0,0,0,1,0,0,0,0,0,0,1,0,0,0,0,10.0
10000000.0,fr,73.720244,122.0,Released,7.8,3310,2001,3,0,0,0,1,0,0,0,0,0,0,0,0,0,0,1,0,0,0,0,0,5.0
30000000.0,en,10.0403,91.0,Released,5.5,185,2004,1,0,0,0,1,0,0,0,0,0,0,0,0,0,0,0,0,0,0,0,0,4.0
60000000.0,en,15.219263,103.0,Released,5.6,248,2004,1,0,0,0,1,0,0,0,0,0,0,0,0,0,0,0,0,0,0,0,0,1.0
40000000.0,en,8.303696,107.0,Released,6.6,152,2012,1,0,1,0,0,0,0,1,0,0,0,0,0,0,0,1,0,0,0,0,0,4.0
38000000.0,en,4.746085,106.0,Released,5.9,54,1999,1,0,0,0,0,0,0,1,0,0,0,0,0,0,1,0,0,0,0,0,0,1.0
40000000.0,en,6.756886,101.0,Released,3.2,105,2002,1,0,0,0,0,0,0,0,0,0,0,0,1,0,0,0,0,0,1,0,0,2.0
40000000.0,en,16.424807,109.0,Released,5.5,348,2009,1,1,1,0,0,0,0,0,0,1,0,0,0,0,0,0,0,0,1,0,0,8.0
40000000.0,en,15.590001,89.0,Released,5.9,482,2003,1,1,0,0,1,0,0,0,0,0,0,0,0,0,0,0,0,0,1,0,0,3.0
40000000.0,en,5.483671,103.0,Released,6.3,47,2008,1,0,0,0,1,0,0,0,0,0,0,0,0,1,0,0,0,0,0,0,0,7.0
36000000.0,en,1.630541,115.0,Released,5.2,21,1980,1,1,0,0,0,0,0,1,0,0,0,0,0,0,0,0,0,0,1,0,0,2.0
45000000.0,en,14.566664,82.0,Released,4.2,135,1999,1,1,0,0,0,0,0,0,0,0,0,0,0,0,0,0,1,0,0,0,0,1.0
33000000.0,en,28.353517,108.0,Released,6.5,774,2009,1,1,0,0,0,0,0,0,0,0,0,0,1,0,1,0,1,0,1,0,0,2.0
40000000.0,en,9.579975,102.0,Released,6.1,135,2001,1,1,0,0,0,0,0,0,0,0,0,0,0,0,0,0,1,0,1,0,0,6.0
40000000.0,en,2.911819,93.0,Released,5.0,28,2002,1,1,1,0,0,0,0,1,0,0,0,0,0,0,0,0,0,0,1,0,0,2.0
35000000.0,en,10.844882,88.0,Released,4.8,171,2001,1,0,0,0,1,0,0,0,0,1,0,0,0,0,0,0,1,0,0,0,0,3.0
50000000.0,en,51.502884,107.0,Released,7.0,1182,2007,1,0,0,0,0,0,0,0,0,0,0,0,0,0,0,0,1,0,1,0,0,8.0
40000000.0,en,13.119133,91.0,Released,6.0,373,2012,1,0,0,0,1,0,0,1,0,0,0,0,0,0,0,0,0,0,0,0,0,6.0
40000000.0,en,4.238482,94.0,Released,5.4,15,2008,1,0,1,1,1,0,0,0,1,1,0,0,0,0,0,0,1,0,0,0,0,1.0
40000000.0,en,26.935458,115.0,Released,5.5,392,2015,1,1,0,0,0,1,0,1,0,0,0,0,0,0,0,0,0,0,0,0,0,4.0
40000000.0,en,16.282962,93.0,Released,5.1,213,2006,1,1,1,0,0,0,0,0,1,0,0,0,0,0,0,0,0,0,0,0,0,2.0
20000000.0,en,31.690456,105.0,Released,6.6,1006,2007,3,0,0,0,0,0,0,1,0,0,0,0,0,0,1,0,0,0,1,0,0,4.0
20000000.0,en,17.842246,107.0,Released,6.2,398,1995,1,1,0,0,0,1,0,1,0,0,0,0,0,0,0,0,0,0,1,0,0,4.0
15000000.0,en,8.048305,101.0,Released,6.6,96,2007,1,1,1,0,0,0,0,1,0,0,0,0,0,0,0,0,0,0,1,0,0,3.0
30000000.0,en,14.188982,111.0,Released,7.1,275,1994,1,0,0,0,1,0,0,1,0,0,0,0,0,0,0,0,0,0,0,0,0,12.0
40000000.0,zh,6.884467,126.0,Released,6.3,83,2007,2,1,0,0,0,0,0,1,0,0,0,1,0,0,0,0,0,0,0,0,0,1.0
25000000.0,en,8.212018,112.0,Released,4.3,17,2005,3,1,0,0,0,0,0,0,0,0,0,1,0,0,0,0,0,0,0,1,0,1.0
39200000.0,ko,64.238688,126.0,Released,6.7,2854,2013,3,1,0,0,0,0,0,1,0,0,0,0,0,0,0,0,1,0,0,0,0,2.0
25000000.0,fr,17.375562,90.0,Released,6.5,313,2011,2,0,1,1,1,0,0,0,1,1,0,0,0,0,0,0,0,0,0,0,0,3.0
51000000.0,en,6.7698,90.0,Released,5.9,15,2004,1,1,0,0,1,0,0,0,0,0,0,0,0,0,0,0,0,0,0,0,0,1.0
15000000.0,en,44.690107,102.0,Released,7.3,953,1994,3,1,0,0,0,0,0,0,0,1,0,0,0,0,0,0,0,0,1,0,0,5.0
40000000.0,te,16.254032,159.0,Released,7.5,135,2015,3,1,1,0,0,0,0,0,0,0,0,1,0,0,0,0,0,0,0,1,0,1.0
39000000.0,en,37.492928,107.0,Released,6.7,798,2009,3,0,0,0,0,0,0,1,0,1,0,0,0,0,0,1,0,0,0,0,0,6.0
12000000.0,en,18.678415,102.0,Released,5.8,191,2007,3,0,0,0,1,0,0,0,0,0,0,0,0,0,0,0,0,0,0,0,0,3.0
39000000.0,en,27.908783,87.0,Released,6.6,932,2012,1,0,0,1,1,0,0,0,1,0,0,0,0,0,0,0,0,0,0,0,0,14.0
39000000.0,en,45.388937,119.0,Released,7.4,1264,2005,1,1,1,0,0,0,0,0,0,0,0,0,0,0,0,0,1,0,1,0,0,3.0
39000000.0,en,2.817364,106.0,Released,4.5,32,2004,1,0,0,0,0,0,0,1,0,0,0,0,0,0,0,1,0,0,0,0,0,1.0
39000000.0,en,22.164202,125.0,Released,5.3,490,1983,3,1,1,0,1,0,0,0,0,1,0,0,0,0,0,0,1,0,0,0,0,5.0
40000000.0,en,21.362949,113.0,Released,6.0,433,2013,2,0,0,0,1,0,0,0,0,0,0,0,0,0,0,0,0,0,0,0,0,7.0
80341000.0,zh,14.8375,150.0,Released,7.1,205,2008,2,1,1,0,0,0,0,1,0,0,0,0,0,0,0,0,0,0,0,0,0,7.0
30000000.0,en,18.256028,108.0,Released,6.0,394,2002,3,0,0,0,1,0,0,0,0,0,0,0,0,0,0,1,0,0,0,0,0,6.0
38000000.0,en,22.332927,96.0,Released,6.4,972,2009,3,0,0,0,1,0,0,0,0,0,0,0,0,0,0,1,0,0,0,0,0,6.0
39000000.0,en,5.417787,90.0,Released,5.5,94,1996,1,0,0,0,1,0,0,0,1,0,0,0,0,0,0,0,0,0,0,0,0,4.0
38000000.0,en,24.085144,100.0,Released,5.3,521,2002,3,1,1,0,0,0,0,0,1,0,0,0,0,0,0,0,0,0,0,0,0,17.0
38000000.0,en,14.779041,118.0,Released,6.4,452,1994,3,1,1,0,0,0,0,0,0,0,0,0,0,0,0,0,1,0,1,0,0,1.0
3860000.0,zh,19.947265,130.0,Released,6.3,273,2013,3,1,0,0,0,0,0,1,0,0,0,1,0,0,0,0,0,0,0,0,0,3.0
38000000.0,en,16.801218,120.0,Released,6.7,850,2011,3,0,0,0,0,0,0,1,0,0,0,0,0,0,0,1,0,0,0,0,0,5.0
40000000.0,zh,5.057695,88.0,Released,6.8,19,2014,3,0,1,1,0,0,0,0,1,1,0,0,0,0,0,0,0,0,0,0,0,1.0
50000000.0,en,20.825781,146.0,Released,7.2,396,1999,2,0,0,0,0,0,0,1,0,0,0,0,0,0,0,0,0,0,0,0,0,5.0
38000000.0,en,11.500783,114.0,Released,6.2,264,2002,2,0,0,0,0,0,0,1,0,0,0,0,0,0,0,0,0,0,1,0,0,6.0
35000000.0,en,13.932203,123.0,Released,5.7,254,2001,3,0,0,0,1,1,0,0,0,0,0,0,0,0,0,1,0,0,0,0,0,1.0
38000000.0,en,41.258487,94.0,Released,5.0,567,2015,3,1,0,0,1,0,0,0,1,0,0,0,0,0,0,0,0,0,0,0,0,6.0
53000000.0,en,6.454634,102.0,Released,5.6,88,2001,1,0,0,0,0,0,0,1,0,0,0,0,0,0,0,1,0,0,1,0,0,2.0
38000000.0,en,5.257009,99.0,Released,5.5,40,2001,1,0,0,0,1,0,0,0,0,0,0,0,0,0,0,0,0,0,0,0,0,3.0
38000000.0,en,30.359164,133.0,Released,6.3,756,1999,2,0,0,0,0,0,0,0,0,0,0,0,1,0,1,0,0,0,1,0,0,6.0
38000000.0,en,3.426555,118.0,Released,5.7,80,1996,1,0,0,0,0,0,0,1,0,0,0,0,0,0,0,0,0,0,1,0,0,6.0
57000000.0,en,11.60815,105.0,Released,6.0,190,2001,1,0,0,0,1,0,0,1,0,0,0,0,0,1,0,0,0,0,0,0,0,8.0
10000000.0,en,18.664624,110.0,Released,6.9,417,2009,3,0,0,0,0,0,0,1,0,0,0,0,0,0,0,0,0,0,0,0,0,2.0
38000000.0,en,10.047579,129.0,Released,6.3,86,1996,1,1,0,0,0,0,0,1,0,0,0,0,0,0,0,0,0,0,0,0,0,16.0
15000000.0,en,52.731379,109.0,Released,7.8,1588,1982,2,0,0,0,0,0,0,0,0,0,0,0,1,0,1,0,1,0,0,0,0,10.0
38000000.0,en,46.630062,119.0,Released,6.2,2035,2013,3,1,0,0,0,0,0,0,0,0,0,0,0,0,0,0,1,0,1,0,0,4.0
37000000.0,en,4.131546,118.0,Released,5.8,52,1997,1,1,1,0,0,0,0,0,0,0,0,0,0,0,1,0,0,0,1,0,0,2.0
38000000.0,en,5.641978,110.0,Released,5.4,19,2001,1,1,0,0,0,0,0,0,0,0,0,0,0,0,0,0,0,0,0,0,1,5.0
55000000.0,en,23.465539,90.0,Released,6.2,605,2008,1,0,1,0,0,0,0,0,1,1,0,0,0,0,0,0,0,0,0,0,0,2.0
32000000.0,en,25.682509,137.0,Released,7.0,701,2012,1,0,0,0,0,0,0,1,0,0,0,0,0,0,0,0,0,0,0,0,0,6.0
38000000.0,en,6.760922,93.0,Released,4.3,75,2007,1,1,1,0,1,0,0,0,0,0,0,0,0,0,0,1,0,0,0,0,0,2.0
40000000.0,en,3.87823,130.0,Released,7.1,71,2008,1,0,0,0,0,0,0,1,0,0,0,0,0,0,0,0,0,0,0,0,0,6.0
38000000.0,en,57.889964,112.0,Released,5.6,1945,2016,3,0,1,0,0,0,0,0,0,0,0,0,0,0,0,0,1,0,0,0,0,1.0
37000000.0,en,57.773583,133.0,Released,7.3,1915,2015,3,0,0,0,0,0,0,1,0,0,0,0,0,0,0,0,0,0,0,0,0,2.0
37000000.0,en,24.218358,125.0,Released,7.0,1468,2010,3,0,0,0,0,1,0,1,0,0,0,0,0,0,0,0,0,0,1,0,0,2.0
40000000.0,en,27.009723,110.0,Released,5.8,594,2012,3,0,0,0,1,0,0,1,0,0,0,0,0,0,0,1,0,0,0,0,0,5.0
37000000.0,en,31.941347,96.0,Released,6.5,1222,2008,3,0,0,0,1,0,0,1,0,0,0,0,0,0,0,0,0,0,0,0,0,10.0
37000000.0,en,14.353279,96.0,Released,5.6,330,2008,3,0,1,0,1,0,0,0,1,1,0,0,0,0,0,0,0,0,0,0,0,1.0
38000000.0,en,33.003828,123.0,Released,7.7,2277,2013,3,1,0,0,0,0,0,1,0,0,0,0,0,0,0,0,0,0,0,0,0,13.0
37000000.0,en,30.993736,188.0,Released,7.5,825,1999,2,0,0,0,0,0,0,1,0,0,0,0,0,0,0,0,0,0,0,0,0,6.0
30000000.0,en,25.825771,107.0,Released,5.3,511,2010,3,1,0,0,1,1,0,0,0,0,0,0,0,0,0,0,0,0,0,0,0,12.0
38000000.0,en,46.078371,110.0,Released,5.9,1201,2016,3,0,0,0,1,0,0,0,0,0,0,0,0,0,0,1,0,0,0,0,0,1.0
37000000.0,en,6.63839,113.0,Released,6.7,163,2011,3,0,0,0,0,0,0,1,1,0,0,0,0,0,0,0,0,0,0,0,0,3.0
37000000.0,en,127.084938,122.0,Released,5.8,3561,2008,3,0,1,0,0,0,0,1,0,1,0,0,0,0,0,1,0,0,0,0,0,6.0
36000000.0,en,27.465433,116.0,Released,7.0,594,2002,3,0,0,0,0,1,0,1,0,0,0,0,0,0,0,0,0,0,1,0,0,4.0
65000000.0,en,16.865782,93.0,Released,6.1,352,1999,3,1,0,0,1,1,0,0,0,0,0,0,0,0,0,0,0,0,0,0,0,5.0
37000000.0,en,100.348805,110.0,Released,6.8,2972,2013,3,0,0,0,1,1,0,0,0,0,0,0,0,0,0,0,0,0,0,0,0,3.0
36500000.0,ru,2.785832,115.0,Released,5.3,23,2008,1,1,0,0,0,0,0,0,0,1,0,0,0,0,0,0,1,0,1,0,0,1.0
36000000.0,en,9.176339,95.0,Released,6.6,198,1997,2,1,0,0,0,0,0,1,0,0,0,0,0,0,0,0,0,0,1,0,0,4.0
36000000.0,en,23.380757,134.0,Released,5.8,338,1983,3,1,1,0,0,0,0,0,0,0,0,0,0,0,0,0,0,0,1,0,0,2.0
36000000.0,en,33.926473,101.0,Released,6.0,894,2010,3,0,1,0,1,0,0,0,0,0,0,0,0,0,0,0,1,0,0,0,0,3.0
36000000.0,en,6.967857,107.0,Released,6.7,96,2014,2,0,0,0,0,0,0,1,1,0,0,0,0,0,0,0,0,0,0,0,0,3.0
42000000.0,en,11.470135,124.0,Released,5.4,173,2000,1,0,0,0,0,0,0,0,0,0,0,0,0,0,0,0,0,0,1,0,0,5.0
36000000.0,en,19.854932,109.0,Released,5.8,258,2003,2,1,0,0,0,0,0,1,0,0,0,0,0,0,0,0,0,0,0,0,0,8.0
37000000.0,en,29.652536,105.0,Released,5.2,692,2015,1,0,0,0,1,0,0,1,0,0,0,0,0,0,0,1,0,0,0,0,0,6.0
30000000.0,en,8.102925,130.0,Released,6.2,40,1996,1,0,0,0,0,0,0,1,0,0,0,1,0,0,0,0,0,0,0,0,0,11.0
35000000.0,en,2.79483,127.0,Released,6.3,32,1999,1,0,0,0,0,0,0,1,0,0,0,0,0,0,0,1,0,0,0,0,0,5.0
37000000.0,en,11.492474,114.0,Released,5.8,556,2011,3,0,0,0,0,0,0,1,0,0,0,0,1,0,0,0,0,0,1,0,0,4.0
36000000.0,en,70.398356,106.0,Released,7.5,1808,1997,1,0,0,0,0,0,0,0,0,0,0,0,0,0,1,1,1,0,1,0,0,5.0
36000000.0,de,1.068453,95.0,Released,4.6,14,2000,1,0,0,0,1,0,0,1,0,0,0,0,0,0,0,0,0,0,0,0,0,2.0
37000000.0,en,6.293217,81.0,Released,5.2,99,2008,3,0,0,1,0,0,0,0,1,0,0,0,0,0,0,0,0,0,0,0,0,2.0
35200000.0,en,3.457194,95.0,Released,5.3,71,2003,2,0,0,0,1,0,0,0,0,0,0,0,0,0,0,0,0,0,0,0,0,3.0
35000000.0,en,82.21166,100.0,Released,7.2,6173,2009,3,0,0,0,1,0,0,0,0,0,0,0,0,0,0,0,0,0,0,0,0,7.0
36000000.0,cn,19.167377,105.0,Released,6.5,379,2015,3,1,0,0,0,0,0,1,0,0,0,1,0,0,0,0,0,0,0,0,0,1.0
33000000.0,en,18.316151,95.0,Released,6.2,1011,1999,3,0,1,0,1,1,0,0,0,0,0,0,0,0,0,0,1,0,0,0,0,8.0
35000000.0,en,44.104469,126.0,Released,7.0,2096,1989,3,1,0,0,0,0,0,0,0,1,0,0,0,0,0,0,0,0,0,0,0,14.0
10000000.0,en,6.668679,112.0,Released,5.9,27,2011,2,0,0,0,0,0,0,1,0,0,0,0,0,0,0,0,0,0,0,0,0,3.0
35000000.0,en,36.172182,118.0,Released,6.4,811,1992,3,1,1,0,1,1,0,0,0,0,0,0,0,0,0,0,0,0,1,0,0,11.0
29000000.0,en,25.767395,129.0,Released,7.2,1597,2009,3,0,0,0,0,0,0,1,0,0,0,0,0,0,0,0,0,0,0,0,0,4.0
35000000.0,en,21.543389,88.0,Released,5.5,867,2001,3,1,1,0,1,0,0,0,1,0,0,0,0,0,0,0,0,0,0,0,0,17.0
35000000.0,en,50.309843,98.0,Released,6.5,2277,2011,3,0,0,0,1,1,0,0,0,0,0,0,0,0,0,0,0,0,0,0,0,4.0
38000000.0,en,49.292384,110.0,Released,7.2,1668,2010,3,0,1,0,0,0,0,1,0,0,0,0,0,0,0,0,0,0,0,0,1,10.0
35000000.0,en,83.893257,109.0,Released,7.0,3088,2006,3,0,0,0,1,0,0,1,0,0,0,0,0,0,0,1,0,0,0,0,0,4.0
35000000.0,en,24.616634,132.0,Released,6.2,530,1979,3,0,1,0,0,0,0,0,0,0,0,0,0,0,1,0,1,0,0,0,0,4.0
35000000.0,en,34.005726,111.0,Released,5.6,1645,2013,3,0,0,0,1,1,0,0,0,0,0,0,0,0,0,0,0,0,0,0,0,4.0
35000000.0,en,27.714043,128.0,Released,7.0,675,1991,3,0,0,0,0,1,0,0,0,0,0,0,0,0,0,0,0,0,1,0,0,21.0
35000000.0,en,45.149948,123.0,Released,6.5,1375,2008,3,0,0,0,0,1,0,1,0,0,0,0,0,0,0,0,0,0,0,0,0,6.0
35000000.0,en,72.774941,125.0,Released,5.9,1181,2015,3,0,0,0,1,0,0,0,0,0,0,0,0,0,0,0,0,0,0,0,0,5.0
35000000.0,en,3.74263,105.0,Released,5.5,225,2005,3,0,0,0,1,0,0,0,0,0,0,0,0,0,0,1,0,0,0,0,0,3.0
27000000.0,en,29.381878,162.0,Released,7.0,542,1996,3,0,0,0,0,0,0,1,0,0,0,0,0,0,0,1,0,0,0,1,0,3.0
35000000.0,en,24.860326,138.0,Released,7.7,1310,1997,3,0,0,0,0,1,0,1,0,0,0,0,0,0,1,0,0,0,1,0,0,7.0
35000000.0,en,11.041659,100.0,Released,5.8,550,2005,3,0,1,0,1,0,0,0,1,0,0,0,0,0,0,0,0,0,0,0,0,4.0
35000000.0,en,11.897925,90.0,Released,6.3,177,1997,3,0,0,0,1,0,0,0,0,0,0,0,0,0,0,1,0,0,0,0,0,7.0
35000000.0,en,23.607071,108.0,Released,5.5,453,1995,3,1,0,0,0,0,0,0,0,0,0,0,1,0,0,0,1,0,0,0,0,7.0
1800000.0,en,38.204158,91.0,Released,7.2,1180,1984,3,0,0,0,0,0,0,0,0,0,0,0,1,0,0,0,0,0,0,0,0,11.0
33000000.0,en,25.413955,107.0,Released,6.0,436,2000,3,0,0,0,0,0,0,0,0,0,0,0,1,0,0,0,1,0,1,0,0,4.0
35000000.0,en,28.98027,132.0,Released,6.3,1018,1998,3,1,1,0,0,0,0,1,0,0,0,0,0,0,0,0,0,0,0,0,0,4.0
35000000.0,en,9.525037,123.0,Released,6.8,103,2010,3,0,0,0,0,0,0,1,0,0,0,0,0,0,0,0,0,0,0,0,0,4.0
34000000.0,en,18.39217,90.0,Released,6.0,345,2007,3,0,1,1,1,0,0,0,1,0,0,0,0,0,0,0,0,0,0,0,0,2.0
32000000.0,en,9.254647,109.0,Released,6.8,141,2003,3,0,0,0,0,0,0,1,0,0,0,0,0,0,0,0,0,0,0,0,0,2.0
35000000.0,en,40.526587,109.0,Released,6.5,2237,2011,3,0,0,0,1,0,0,0,0,0,0,0,0,0,0,1,0,0,0,0,0,3.0
35000000.0,en,50.179171,91.0,Released,5.6,1462,2016,3,0,0,0,1,0,0,0,0,0,0,0,0,0,0,0,0,0,0,0,0,5.0
35000000.0,en,31.957947,125.0,Released,7.3,1226,2013,3,0,0,0,1,0,0,1,0,0,0,1,0,0,0,0,0,0,0,0,0,4.0
34000000.0,en,19.822791,202.0,Released,7.2,370,1992,2,0,0,0,0,0,0,1,0,0,0,1,0,0,0,0,0,0,0,0,0,16.0
35000000.0,en,38.429648,134.0,Released,5.6,896,2012,3,0,0,0,1,0,0,0,0,0,0,0,0,0,0,0,0,0,0,0,0,5.0
35000000.0,en,13.707843,88.0,Released,5.2,210,2009,3,0,0,0,1,0,0,0,1,0,0,0,0,0,0,0,0,0,0,0,0,4.0
35000000.0,en,51.927471,92.0,Released,6.2,1428,2009,3,1,1,0,0,0,0,0,0,1,0,0,0,0,0,0,1,0,1,0,0,1.0
35000000.0,en,14.503568,91.0,Released,5.2,253,2007,3,0,0,0,1,0,0,0,0,0,0,0,0,0,0,0,0,0,0,0,0,4.0
33000000.0,en,6.74556,80.0,Released,5.2,242,2006,3,0,0,0,1,0,0,0,0,0,0,0,0,0,0,0,0,0,0,0,0,9.0
30000000.0,en,11.120167,98.0,Released,5.8,140,2005,3,0,0,0,1,0,0,0,0,0,0,0,0,0,0,1,0,0,0,0,0,1.0
35000000.0,en,40.370442,127.0,Released,7.4,1147,1997,2,0,0,0,0,1,0,1,0,0,0,0,0,0,0,0,0,0,1,0,0,7.0
33000000.0,en,40.715623,100.0,Released,6.4,2065,2002,3,1,0,0,0,0,0,0,0,0,0,0,1,0,0,0,1,0,0,0,0,10.0
10700000.0,en,36.230204,114.0,Released,7.0,794,1982,3,0,0,0,0,0,0,0,0,0,0,0,1,0,0,0,0,0,0,0,0,5.0
35000000.0,en,23.666229,104.0,Released,6.0,415,2004,3,0,0,0,1,1,0,0,0,0,0,0,0,0,0,0,0,0,1,0,0,10.0
35000000.0,en,25.903237,100.0,Released,5.2,613,2008,3,1,0,0,0,0,0,0,0,0,0,0,0,0,0,0,0,0,0,0,0,4.0
40000000.0,en,60.231382,109.0,Released,6.7,3417,2011,3,1,0,0,0,0,0,0,0,0,0,0,0,0,0,0,1,0,1,0,0,5.0
35000000.0,en,18.38292,106.0,Released,5.7,458,2010,3,0,0,0,1,0,0,0,0,0,0,0,0,0,0,1,0,0,0,0,0,1.0
35000000.0,en,14.029012,112.0,Released,5.9,296,2011,3,0,0,0,1,0,0,1,0,0,0,0,0,0,0,1,0,0,0,0,0,4.0
50000000.0,en,15.913783,95.0,Released,5.1,287,2001,1,0,1,0,1,0,0,0,0,1,0,0,0,0,0,0,0,0,0,0,0,2.0
35000000.0,en,6.889633,102.0,Released,6.9,97,1976,2,0,0,0,1,0,0,0,1,0,0,0,0,0,0,0,0,0,0,0,0,3.0
35000000.0,en,19.286099,102.0,Released,4.1,325,1994,3,1,1,0,0,0,0,0,0,0,0,0,0,0,0,0,0,0,1,0,0,1.0
35000000.0,en,50.587541,150.0,Released,8.0,1864,2002,3,0,0,0,0,0,0,1,0,0,0,0,0,0,0,0,0,0,0,1,0,6.0
35000000.0,en,3.721272,101.0,Released,6.4,35,2006,2,0,0,0,0,0,0,1,0,0,0,1,0,0,0,0,0,0,0,0,0,6.0
40000000.0,en,17.157738,113.0,Released,5.5,677,2005,3,0,0,0,0,0,0,0,0,0,0,0,1,0,0,0,0,0,0,0,0,6.0
27000000.0,en,22.636908,104.0,Released,6.7,811,2004,3,0,0,0,0,0,0,1,0,0,0,0,0,0,0,1,0,0,0,0,0,6.0
35000000.0,en,28.069419,137.0,Released,6.0,741,2011,3,0,0,0,0,1,0,1,0,0,0,1,0,0,0,0,0,0,0,0,0,20.0
35000000.0,en,19.774543,110.0,Released,6.0,485,2008,3,0,0,0,0,0,0,0,0,0,0,0,1,0,1,0,0,0,1,0,0,4.0
35000000.0,en,11.644243,101.0,Released,5.4,239,2002,2,0,0,0,0,0,0,1,0,1,0,0,1,0,0,0,0,0,0,0,0,2.0
35000000.0,en,27.934978,108.0,Released,5.9,730,1990,3,1,0,0,0,0,0,0,0,0,0,0,0,0,0,0,1,0,1,0,0,6.0
35000000.0,en,12.677505,101.0,Released,5.9,238,2008,1,0,0,0,0,0,0,1,0,0,0,0,0,0,0,0,0,0,0,0,0,3.0
35000000.0,en,8.737058,112.0,Released,6.3,245,1999,2,0,0,0,1,0,0,0,0,0,0,0,0,0,0,1,0,0,0,0,0,4.0
35000000.0,en,12.343507,111.0,Released,6.1,233,1980,1,0,0,0,0,0,0,0,0,0,0,0,0,0,0,0,1,0,0,0,0,1.0
35000000.0,en,14.699342,102.0,Released,5.8,325,2004,2,0,0,0,1,0,0,0,0,0,0,0,0,0,0,1,0,0,0,0,0,12.0
45000000.0,en,14.513243,101.0,Released,5.1,300,2012,1,1,0,0,0,1,0,0,0,0,0,0,0,0,1,0,0,0,1,0,0,9.0
35000000.0,en,5.525544,155.0,Released,6.3,157,1997,1,0,0,0,0,1,0,1,0,0,0,0,0,0,1,0,0,0,1,0,0,20.0
8900000.0,en,15.079993,93.0,Released,5.6,318,2015,1,1,0,0,0,1,0,0,0,0,0,0,0,0,0,0,0,0,1,0,0,1.0
35000000.0,en,23.835055,109.0,Released,6.0,436,2010,3,0,0,0,1,0,0,0,0,1,0,0,0,0,0,0,0,0,0,0,0,2.0
35000000.0,en,5.926966,140.0,Released,6.1,81,1992,1,0,0,0,0,1,0,0,0,0,0,1,0,0,0,0,0,0,0,0,0,3.0
30000000.0,en,25.454549,104.0,Released,5.5,523,2008,3,0,0,0,0,0,0,1,0,0,0,0,0,0,1,0,1,0,1,0,0,1.0
31000000.0,en,22.71592,96.0,Released,5.9,437,2004,1,0,0,0,1,0,0,0,1,1,0,0,0,0,0,0,0,0,0,0,0,2.0
35000000.0,en,35.120736,123.0,Released,7.0,823,2015,2,0,0,0,0,0,0,1,0,0,0,0,0,0,0,0,0,0,0,0,0,1.0
35000000.0,en,19.893646,106.0,Released,5.6,961,2011,3,1,0,0,0,0,0,0,0,0,0,0,0,0,1,0,0,0,1,0,0,7.0
35000000.0,en,14.051852,76.0,Released,5.2,235,2005,1,0,1,1,0,0,0,0,1,0,0,0,0,0,0,0,0,0,0,0,0,1.0
35000000.0,en,9.011729,111.0,Released,6.9,161,2000,1,0,0,0,1,0,0,1,0,0,0,0,0,0,0,0,0,0,0,0,0,7.0
35000000.0,en,19.088655,85.0,Released,4.9,379,2008,1,1,0,0,1,0,0,0,0,0,0,0,0,0,0,0,1,0,0,0,0,2.0
56000000.0,en,29.490057,109.0,Released,5.7,593,2013,1,0,0,0,0,1,0,1,0,0,0,0,0,0,0,0,0,0,1,0,0,4.0
35000000.0,en,11.195593,97.0,Released,5.1,167,2005,1,0,0,0,1,0,0,0,0,0,0,0,1,0,0,0,0,0,0,0,0,11.0
35000000.0,en,17.709888,91.0,Released,6.2,832,2012,1,1,0,0,0,1,0,0,0,0,0,0,0,0,0,0,0,0,1,0,0,5.0
35000000.0,en,18.262017,87.0,Released,5.4,647,2015,2,1,0,0,1,1,0,0,0,0,0,0,0,0,0,0,0,0,0,0,0,5.0
35000000.0,en,10.10364,132.0,Released,6.5,159,2002,1,0,1,0,0,0,0,1,0,0,0,0,0,0,0,1,0,0,0,1,0,3.0
35000000.0,en,28.670477,118.0,Released,5.7,1455,2013,2,1,0,0,0,1,0,0,0,0,0,0,0,0,0,0,0,0,0,0,0,6.0
31000000.0,en,16.736734,98.0,Released,6.0,293,2004,2,0,0,0,1,0,0,0,0,0,0,0,0,0,0,1,0,0,0,0,0,3.0
35000000.0,en,13.668633,92.0,Released,4.6,149,2010,2,0,0,0,1,0,0,0,0,0,0,0,0,0,0,0,0,0,0,0,0,3.0
30000000.0,en,9.780588,93.0,Released,5.3,191,2012,2,1,0,0,0,0,0,0,0,0,0,0,1,0,0,0,0,0,1,0,0,1.0
27000000.0,en,9.904881,117.0,Released,5.8,129,1983,1,1,1,0,0,0,0,0,0,1,0,0,0,0,0,0,0,0,0,0,0,1.0
35000000.0,en,9.789027,92.0,Released,6.0,216,2007,3,1,1,0,0,0,0,1,0,0,0,1,0,0,0,0,0,0,0,0,0,5.0
35000000.0,en,6.81729,115.0,Released,5.7,31,1991,1,1,1,0,0,0,0,1,0,0,0,0,0,0,0,0,0,0,1,0,0,3.0
35000000.0,en,10.73522,96.0,Released,6.6,212,2007,1,0,0,0,1,0,0,0,0,0,0,0,0,1,0,0,0,0,0,0,0,4.0
38000000.0,en,11.1399,111.0,Released,6.4,108,2001,1,0,0,0,0,0,0,1,0,0,0,0,0,0,0,1,0,0,0,0,0,9.0
35000000.0,en,6.727949,94.0,Released,5.7,55,2001,1,1,0,0,0,0,0,0,0,0,0,0,0,0,0,0,0,0,0,0,1,5.0
35000000.0,en,16.343317,105.0,Released,7.0,322,2009,1,0,0,0,0,0,0,1,0,0,0,1,0,0,0,1,0,0,0,0,0,3.0
40000000.0,en,14.818718,101.0,Released,5.3,220,2009,1,1,0,0,0,1,0,0,0,0,0,0,0,0,1,0,0,0,1,0,0,3.0
32000000.0,en,43.862456,139.0,Released,6.5,987,2011,3,0,0,0,0,0,0,1,0,1,0,0,0,0,0,0,0,0,0,0,0,4.0
33000000.0,en,2.706207,91.0,Released,4.7,64,1998,2,1,1,0,0,0,0,0,0,0,0,0,0,0,0,0,0,0,1,0,0,1.0
35000000.0,en,27.903999,110.0,Released,5.5,555,2014,1,1,0,0,0,1,0,1,0,0,0,0,0,0,0,0,0,0,1,0,0,6.0
35000000.0,en,3.746806,102.0,Released,4.8,91,2003,1,0,0,0,0,0,0,1,0,1,0,0,1,0,1,1,0,0,1,0,0,5.0
20500000.0,en,17.112498,102.0,Released,5.6,294,2008,1,1,0,0,0,1,0,0,0,0,0,0,0,0,0,0,0,0,0,0,0,1.0
35000000.0,en,10.304172,83.0,Released,4.9,135,2006,1,0,0,0,1,0,0,0,1,1,0,0,0,0,0,0,0,0,0,0,0,4.0
35000000.0,en,37.335721,123.0,Released,6.9,1121,2015,3,0,1,0,0,0,0,1,0,0,0,0,0,0,0,0,0,0,1,0,0,13.0
35000000.0,en,0.912395,103.0,Released,4.7,9,1997,1,1,0,0,0,0,0,0,1,1,0,0,0,0,0,0,0,0,0,0,0,4.0
35000000.0,en,16.782471,118.0,Released,6.5,357,2006,2,0,0,0,1,0,0,1,0,0,0,0,0,0,0,1,0,0,0,0,0,16.0
35000000.0,en,3.503408,114.0,Released,6.6,53,1992,1,0,0,0,0,0,0,1,0,0,0,0,0,0,0,0,0,0,0,0,0,11.0
35000000.0,en,9.122828,180.0,Released,7.7,115,1993,1,1,0,0,0,1,0,1,0,0,0,0,0,0,0,0,0,0,1,0,0,6.0
35000000.0,en,5.419181,121.0,Released,6.6,60,1997,1,1,0,0,0,1,0,1,0,0,0,0,0,0,1,0,0,0,1,0,0,2.0
35000000.0,en,9.07278,114.0,Released,6.2,142,2002,1,0,0,0,0,1,0,0,0,0,0,0,0,0,0,1,0,0,1,0,0,12.0
35000000.0,en,2.864979,173.0,Released,7.4,34,1981,1,1,0,0,0,0,0,0,0,0,0,1,0,0,0,0,0,0,0,1,0,1.0
35000000.0,en,2.877488,135.0,Released,6.7,25,1995,1,0,1,0,0,0,0,1,0,0,0,0,0,0,0,1,0,0,0,1,0,2.0
38000000.0,en,5.516207,138.0,Released,6.6,49,1999,1,0,0,0,0,0,0,1,0,0,0,0,0,0,0,1,0,0,0,1,1,8.0
15000000.0,es,13.930763,148.0,Released,7.0,291,2010,3,0,0,0,0,0,0,1,0,0,0,0,0,0,0,0,0,0,0,0,0,6.0
35000000.0,es,20.27704,93.0,Released,5.8,307,2006,1,1,0,0,1,1,0,0,0,0,0,0,0,0,0,0,0,0,0,0,1,1.0
11750000.0,en,0.126738,100.0,Released,0.0,0,2009,2,0,0,0,0,1,0,1,0,0,0,0,0,0,0,0,0,0,0,0,0,3.0
34000000.0,en,131.815575,113.0,Released,7.0,5371,2014,3,1,0,0,0,0,0,0,0,0,0,0,0,0,1,0,1,0,1,0,0,2.0
35000000.0,en,16.832312,91.0,Released,5.0,320,2015,1,0,0,0,1,0,0,0,0,0,0,0,0,0,0,0,0,0,0,0,0,2.0
34000000.0,en,9.133747,139.0,Released,7.0,169,1993,1,0,0,0,0,0,0,1,0,0,0,0,0,0,0,1,0,0,0,0,0,21.0
35000000.0,en,24.606012,96.0,Released,6.8,827,2006,1,0,1,0,0,0,0,1,0,0,0,0,0,0,0,1,1,0,0,0,0,6.0
70000000.0,en,3.276912,101.0,Released,5.3,29,1999,1,1,0,0,1,0,0,0,0,0,0,0,0,0,0,0,0,0,1,0,0,1.0
35000000.0,en,16.830184,96.0,Released,5.1,344,2012,1,1,0,0,0,1,0,1,0,0,0,0,0,0,0,0,0,0,1,0,0,8.0
41677699.0,ja,39.58676,100.0,Released,7.5,926,2008,3,0,0,1,0,0,0,0,1,0,0,0,0,0,0,0,0,0,0,0,0,4.0
34000000.0,en,41.946523,128.0,Released,7.3,1064,2015,3,0,0,0,0,0,0,1,0,0,0,0,0,0,0,1,0,0,0,0,0,4.0
75000000.0,en,20.697556,109.0,Released,5.4,254,1999,1,0,0,0,0,0,0,1,0,0,0,0,0,0,0,0,1,0,1,0,0,1.0
34000000.0,en,1.656695,114.0,Released,5.3,18,2000,1,0,1,0,0,0,0,1,0,0,0,0,0,0,0,1,0,0,0,0,0,2.0
35000000.0,en,17.932561,106.0,Released,5.4,240,2012,1,0,0,0,1,0,0,0,0,0,0,0,0,0,0,1,0,0,0,0,0,4.0
35000000.0,en,15.50957,141.0,Released,6.5,224,2013,1,0,0,0,0,0,0,1,0,0,0,1,0,0,0,0,0,0,0,0,0,2.0
32000000.0,en,4.602185,195.0,Released,7.1,67,1981,2,0,0,0,0,0,0,1,0,0,0,1,0,0,0,0,0,0,0,0,0,3.0
40000000.0,en,40.379966,138.0,Released,7.1,877,1992,3,0,0,0,0,0,0,1,0,0,0,0,0,0,0,0,0,0,0,0,0,11.0
50000000.0,en,12.601306,101.0,Released,5.3,110,2001,2,1,0,0,0,1,0,0,0,0,0,0,0,0,0,0,0,0,1,0,0,5.0
30000000.0,en,24.389194,98.0,Released,5.6,506,2000,3,0,0,0,1,1,0,0,0,0,0,0,0,0,0,0,0,0,0,0,0,6.0
34000000.0,en,12.867326,85.0,Released,6.3,121,2013,3,0,1,1,0,0,0,0,1,1,0,0,0,0,0,0,0,0,0,0,0,1.5
30000000.0,en,23.328823,89.0,Released,4.8,469,2011,3,1,0,0,0,0,0,0,0,0,0,0,1,0,0,0,1,0,1,0,0,1.0
33000000.0,en,29.775441,99.0,Released,6.7,663,2012,3,0,0,0,0,0,0,1,0,0,0,0,0,1,0,1,0,0,0,0,0,1.0
33000000.0,en,19.642328,105.0,Released,5.1,497,2006,3,1,0,0,0,1,0,0,0,0,0,0,1,0,0,0,0,0,1,0,0,5.0
33000000.0,en,7.339908,96.0,Released,4.9,110,2000,2,0,0,0,0,0,0,0,0,0,0,0,0,0,1,0,0,0,1,0,0,1.0
33000000.0,en,35.099611,124.0,Released,6.1,766,2004,3,1,0,0,0,1,0,1,0,0,0,0,0,0,0,0,0,0,0,0,0,1.0
30000000.0,en,16.541791,118.0,Released,6.6,238,2005,1,0,0,0,0,0,0,1,0,0,0,0,0,0,0,0,0,0,0,0,0,2.0
30000000.0,en,31.92695,94.0,Released,6.3,799,2012,2,1,0,0,0,1,0,0,0,0,0,0,0,0,0,0,0,0,1,0,0,3.0
33000000.0,en,9.060642,124.0,Released,5.7,116,1999,1,0,0,0,1,0,0,1,0,0,0,0,0,0,0,0,0,0,0,0,0,7.0
32350000.0,en,46.509071,135.0,Released,7.9,4665,1983,3,1,1,0,0,0,0,0,0,0,0,0,0,0,0,0,1,0,0,0,0,1.0
30000000.0,en,21.538222,108.0,Released,5.8,363,2008,1,1,0,0,0,0,0,0,0,0,0,0,0,0,0,0,1,0,1,0,0,3.0
32000000.0,en,33.923786,124.0,Released,7.2,813,2008,3,0,0,0,0,0,0,1,0,0,0,0,0,0,0,1,0,0,0,0,0,5.0
35000000.0,en,20.908494,98.0,Released,5.3,394,2012,1,0,0,0,1,0,0,0,0,0,0,0,0,0,0,0,0,0,0,0,0,4.0
32000000.0,en,16.901954,97.0,Released,6.4,987,2003,3,0,0,0,1,0,0,0,1,1,0,0,0,0,0,0,0,0,0,0,0,6.0
32000000.0,en,15.039407,123.0,Released,6.2,323,1996,3,0,0,0,0,0,0,1,0,1,0,0,0,0,0,1,1,0,0,0,0,7.0
33000000.0,en,13.655735,99.0,Released,5.3,185,2002,3,0,1,0,1,0,0,0,1,0,0,0,0,0,0,0,0,0,0,0,0,6.0
32000000.0,en,21.620317,101.0,Released,6.7,390,1988,3,0,0,0,1,0,0,1,0,1,0,0,0,0,0,0,0,0,0,0,0,11.0
32000000.0,en,14.642055,92.0,Released,5.6,359,2006,3,0,0,0,1,0,0,0,1,0,0,0,0,0,0,0,0,0,0,0,0,3.0
32500000.0,en,17.107065,125.0,Released,6.5,1661,2011,3,0,0,0,1,0,0,0,0,0,0,0,0,0,0,1,0,0,0,0,0,4.0
32000000.0,en,38.21708,107.0,Released,6.3,2359,2013,3,1,0,0,1,0,0,0,0,0,0,0,0,0,0,0,0,0,0,0,0,2.0
29000000.0,en,14.993169,103.0,Released,6.0,242,1999,3,0,0,0,0,0,0,0,0,0,0,0,1,0,0,0,0,0,0,0,0,1.0
32000000.0,en,24.147269,129.0,Released,7.0,544,2000,2,0,0,0,0,0,0,1,0,0,0,0,0,0,0,0,0,0,0,0,0,4.0
32000000.0,en,18.47242,107.0,Released,6.0,394,2010,3,1,0,0,0,1,0,1,0,0,0,0,0,0,0,0,0,0,1,0,0,2.0
35000000.0,en,18.84332,90.0,Released,5.7,414,2013,1,0,0,0,1,0,0,0,0,0,0,0,0,0,0,0,0,0,0,0,0,1.0
32000000.0,en,15.901137,107.0,Released,5.3,313,2011,3,1,0,0,1,1,0,0,0,0,0,0,0,0,0,0,0,0,0,0,0,5.0
32000000.0,en,59.19888,93.0,Released,7.1,2699,2011,3,0,0,0,0,0,0,0,0,0,0,0,0,0,1,0,1,0,1,0,0,3.0
32000000.0,en,14.48851,120.0,Released,6.7,374,1993,2,1,1,0,0,0,0,1,0,0,0,0,0,0,0,0,0,0,1,0,0,4.0
30000000.0,en,23.197408,101.0,Released,6.3,1018,2007,3,0,0,0,0,0,0,1,0,0,0,0,0,0,1,0,0,0,1,0,0,13.0
33000000.0,en,10.651202,105.0,Released,6.7,232,2013,1,0,1,0,0,0,0,1,1,0,0,0,0,0,0,0,0,0,0,0,0,5.0
35000000.0,en,10.032626,113.0,Released,5.6,143,1979,1,1,0,0,1,0,0,0,0,0,0,0,0,0,0,0,0,0,0,0,0,27.0
25000000.0,en,6.048743,106.0,Released,6.3,67,2005,2,0,0,0,0,0,0,1,1,0,0,0,0,0,0,0,0,0,0,0,0,1.0
32000000.0,en,34.628738,96.0,Released,6.9,832,2005,3,0,0,0,0,1,0,1,0,0,0,0,0,0,0,0,0,0,1,0,0,7.0
32000000.0,en,47.5612,87.0,Released,6.2,1061,2005,3,1,0,0,0,1,0,0,0,0,0,0,0,0,0,0,0,0,1,0,0,6.0
32000000.0,en,16.473355,107.0,Released,6.3,427,1995,1,1,0,0,0,0,0,0,0,0,0,0,0,0,0,0,0,0,0,0,1,11.0
28000000.0,en,6.201404,90.0,Released,5.6,104,2004,2,1,0,0,1,0,0,0,0,0,0,0,0,0,0,1,0,0,1,0,0,4.0
32000000.0,en,15.560918,121.0,Released,6.6,225,1999,1,0,0,0,0,0,0,1,0,0,0,0,0,0,0,0,0,0,0,0,0,21.0
32000000.0,en,25.799697,111.0,Released,6.2,620,2010,1,1,0,0,0,1,0,0,0,0,0,0,0,0,0,0,1,0,1,0,0,1.0
70000000.0,ko,4.822033,90.0,Released,4.0,104,2007,1,1,0,0,0,0,0,1,0,1,0,0,1,0,0,0,1,0,1,0,0,2.0
32000000.0,en,3.379454,110.0,Released,5.4,44,1996,3,0,0,0,1,0,0,0,1,1,0,0,0,0,0,0,0,0,0,0,0,5.0
30000000.0,en,26.9385,100.0,Released,5.3,724,2013,1,0,0,0,1,0,0,0,0,0,0,0,0,0,0,0,0,0,0,0,0,1.0
32000000.0,en,4.098444,75.0,Released,7.1,24,1997,1,0,0,1,1,0,0,0,1,0,0,0,0,1,0,0,0,0,0,0,0,3.0
36000000.0,en,4.901553,132.0,Released,7.2,18,1999,1,0,0,0,0,0,0,1,0,0,0,0,0,0,0,0,0,0,0,0,0,2.0
32000000.0,en,5.347936,108.0,Released,5.9,86,2006,1,0,0,0,0,1,0,1,0,0,0,0,0,0,1,1,0,0,1,1,0,15.0
32000000.0,en,4.120549,93.0,Released,5.0,13,2004,3,0,1,0,0,0,0,0,0,0,0,0,0,0,0,0,0,0,0,0,0,1.0
31500000.0,en,49.973462,153.0,Released,8.0,2055,1979,3,0,0,0,0,0,0,1,0,0,0,0,0,0,0,0,0,0,0,1,0,12.0
32000000.0,en,13.611544,102.0,Released,6.0,262,2010,2,0,0,0,1,0,0,1,0,0,0,0,0,0,0,1,0,0,0,0,0,1.0
31000000.0,en,6.775294,137.0,Released,6.9,113,1995,3,0,0,0,0,0,0,1,1,0,0,0,0,1,0,0,0,0,0,0,0,8.0
31500000.0,en,27.891012,113.0,Released,5.7,557,2016,1,1,0,0,0,0,0,0,0,0,0,0,0,0,0,0,0,0,0,0,0,2.0
31000000.0,en,13.864975,161.0,Released,7.0,279,1985,3,0,0,0,0,0,0,1,0,0,0,0,0,0,0,0,0,0,0,0,0,5.0
31000000.0,en,42.213765,138.0,Released,6.5,2415,2012,3,0,0,0,0,0,0,1,0,0,0,0,0,0,0,0,0,0,0,0,0,13.0
34000000.0,en,29.887404,126.0,Released,5.9,541,1979,3,1,1,0,0,0,0,0,0,0,0,0,0,0,0,0,1,0,1,0,0,3.0
30000000.0,en,74.417456,99.0,Released,8.0,4519,2014,3,0,0,0,1,0,0,1,0,0,0,0,0,0,0,0,0,0,0,0,0,7.0
31000000.0,en,7.06762,101.0,Released,6.4,131,2001,1,0,0,0,0,0,0,1,0,0,0,0,0,0,1,0,0,0,0,0,0,5.0
31000000.0,en,15.895661,103.0,Released,6.2,433,1990,3,0,0,0,1,0,0,0,0,0,0,0,1,0,0,0,0,0,0,0,0,4.0
31000000.0,en,19.258041,118.0,Released,7.0,462,2000,3,0,0,0,0,1,0,1,0,0,0,0,0,0,0,0,1,0,1,0,0,3.0
31000000.0,en,47.753598,99.0,Released,6.2,1195,2015,3,0,0,0,1,0,0,0,0,0,0,0,0,0,0,0,0,0,0,0,0,1.0
30250000.0,en,15.585138,105.0,Released,6.4,302,1995,3,0,0,0,1,1,0,0,0,0,0,0,0,0,0,0,0,0,1,0,0,7.0
45000000.0,en,32.217425,113.0,Released,6.9,677,2002,3,1,0,0,1,1,0,1,0,0,0,0,0,1,0,0,0,0,0,0,0,5.0
34200000.0,en,34.86859,93.0,Released,6.1,875,1999,3,0,0,0,1,0,0,1,0,0,0,0,0,0,0,0,0,0,0,0,0,9.0
30000000.0,en,36.432598,108.0,Released,6.0,1344,2001,3,0,0,0,1,0,0,0,0,0,0,0,0,0,0,1,0,0,0,0,0,2.0
30000000.0,en,73.640445,81.0,Released,7.7,5269,1995,3,0,0,1,1,0,0,0,1,0,0,0,0,0,0,0,0,0,0,0,0,5.0
30000000.0,en,49.526736,116.0,Released,6.8,1783,1994,3,1,1,0,0,1,0,0,0,0,0,0,0,0,0,0,0,0,0,0,0,5.0
30000000.0,en,26.780961,104.0,Released,7.0,1293,2012,3,0,0,0,0,0,0,1,0,0,0,0,0,0,0,1,0,0,0,0,0,1.0
31000000.0,en,6.487344,105.0,Released,6.0,89,2010,1,0,0,0,0,0,0,1,0,0,0,0,0,0,0,0,0,0,0,0,0,2.0
30000000.0,en,25.996219,113.0,Released,7.4,821,2000,3,0,0,0,0,0,0,1,0,0,0,0,0,0,0,0,0,0,0,0,0,3.0
30000000.0,en,46.212155,134.0,Released,7.2,957,1990,3,1,1,0,0,0,0,0,0,0,0,0,0,0,0,0,0,0,1,0,0,10.0
25000000.0,en,32.105328,132.0,Released,7.2,1101,2013,3,0,0,0,0,0,0,1,0,0,0,0,0,0,0,0,0,0,0,0,0,2.0
20000000.0,en,41.156217,92.0,Released,6.2,981,2004,3,0,0,0,1,0,0,0,0,0,0,0,0,0,0,0,0,0,0,0,0,3.0
30000000.0,en,37.179547,99.0,Released,6.7,848,1991,3,0,0,0,1,0,0,0,0,1,0,0,1,0,0,0,0,0,0,0,0,7.0
30000000.0,en,34.391792,90.0,Released,6.1,1099,1995,3,0,1,0,1,1,0,0,0,0,0,0,0,0,0,0,0,0,0,0,0,4.0
37000000.0,en,40.176265,115.0,Released,6.5,1023,2001,3,0,0,0,1,0,0,0,1,0,0,0,0,0,0,1,0,0,0,0,0,8.0
26000000.0,en,10.704596,102.0,Released,6.5,166,1996,3,0,0,0,1,0,0,0,0,0,0,0,0,0,0,0,0,0,0,0,0,4.0
33000000.0,en,79.579532,127.0,Released,8.1,5765,1995,3,0,0,0,0,1,0,0,0,0,0,0,0,0,1,0,0,0,1,0,0,10.0
30000000.0,en,63.13678,112.0,Released,7.3,3382,2009,3,0,0,0,0,0,0,0,0,0,0,0,0,0,0,0,1,0,0,0,0,3.0
30000000.0,en,27.870755,87.0,Released,6.7,574,2004,3,0,0,1,1,0,0,0,1,0,0,0,0,0,0,0,0,0,0,0,0,1.0
25000000.0,en,31.242999,138.0,Released,7.6,1422,2003,3,0,0,0,0,1,0,1,0,0,0,0,0,0,1,0,0,0,1,0,0,20.0
30000000.0,en,70.456012,132.0,Released,7.7,2439,2004,3,0,0,0,0,0,0,1,0,0,0,0,0,0,0,0,0,0,0,0,0,20.0
80000000.0,en,29.415229,103.0,Released,6.4,503,1999,3,0,0,0,1,1,0,0,0,0,0,0,0,0,0,0,0,0,0,0,0,8.0
29000000.0,en,55.109138,123.0,Released,7.7,3067,2004,3,0,0,0,0,0,0,1,0,0,0,0,0,0,0,1,0,0,0,0,0,4.0
30000000.0,en,30.695228,111.0,Released,6.1,978,2008,3,0,0,0,1,0,0,0,0,0,0,0,0,0,0,1,0,0,0,0,0,5.0
35000000.0,en,13.788422,102.0,Released,6.0,449,2009,3,0,0,0,1,0,0,1,1,0,0,0,0,1,0,1,0,0,0,0,0,5.0
30.0,it,4.590277,78.0,Released,6.0,100,2000,3,0,1,1,1,0,0,0,1,0,0,0,0,0,0,0,0,0,0,0,0,1.0
30000000.0,en,3.845231,132.0,Released,5.9,56,1991,3,0,0,0,0,0,0,1,0,0,0,0,0,0,0,1,0,0,0,0,0,3.0
30000000.0,en,26.952727,133.0,Released,7.2,619,1994,3,0,1,0,0,0,0,1,0,0,0,0,0,0,0,1,0,0,0,1,0,7.0
25000000.0,en,33.704181,109.0,Released,6.7,1205,2009,3,0,0,0,0,0,0,1,0,0,0,0,0,0,0,1,0,0,0,0,0,5.0
30000000.0,en,19.925026,125.0,Released,6.7,362,2002,3,0,0,0,1,0,0,1,0,0,0,0,0,0,0,0,0,0,0,0,0,6.0
35000000.0,en,43.742241,97.0,Released,6.4,2652,2013,3,0,0,0,1,0,0,0,0,0,0,0,1,0,0,1,0,0,0,0,0,4.0
30000000.0,en,46.377628,118.0,Released,6.6,4697,2012,2,1,0,0,0,0,0,0,0,0,0,0,0,0,0,0,1,0,1,0,0,2.0
30000000.0,en,9.166658,87.0,Released,4.9,95,2001,3,0,0,0,1,0,0,0,0,1,0,0,0,0,0,1,1,0,0,0,0,7.0
30000000.0,en,34.36645,89.0,Released,6.0,733,1995,3,0,0,0,1,0,0,1,1,1,0,0,0,0,0,0,0,0,0,0,0,2.0
30000000.0,en,12.967137,100.0,Released,5.8,284,2012,3,0,0,0,1,0,0,1,0,0,0,0,0,0,0,1,0,0,0,0,0,4.0
30000000.0,en,50.670253,111.0,Released,6.4,1172,2008,3,0,0,0,1,0,0,1,0,0,0,0,0,0,0,1,0,0,0,0,0,5.0
45000000.0,en,24.694551,109.0,Released,6.7,607,2005,3,1,0,0,0,1,0,0,0,0,0,0,0,0,0,0,0,0,0,0,0,7.0
30000000.0,en,11.409124,99.0,Released,5.8,205,2008,3,0,0,0,1,0,0,0,0,0,0,0,0,0,0,0,0,0,0,0,0,1.0
30000000.0,en,7.922716,114.0,Released,5.8,81,1998,3,0,0,0,0,0,0,1,0,0,0,0,0,0,0,1,0,0,0,0,0,1.0
30000000.0,en,33.385429,89.0,Released,5.9,856,2009,3,0,0,0,1,0,0,0,0,0,0,0,0,0,0,0,0,0,0,0,0,5.0
19000000.0,en,8.584398,95.0,Released,5.3,214,2004,3,1,1,0,1,0,0,0,0,0,0,0,0,0,0,0,0,0,1,0,0,5.0
37000000.0,en,41.569541,98.0,Released,6.3,1204,2004,3,0,0,0,1,0,0,0,0,1,0,0,0,0,0,1,0,0,0,0,0,5.0
30000000.0,en,43.753585,94.0,Released,7.4,1990,2011,3,0,0,0,1,0,0,0,0,1,0,0,0,0,0,1,0,0,0,0,0,22.0
42000000.0,en,18.568021,85.0,Released,5.5,319,2014,3,0,1,1,1,0,0,0,1,0,0,0,0,0,0,0,0,0,0,0,0,1.0
53000000.0,en,28.350529,124.0,Released,7.4,1317,2001,2,0,0,0,0,1,0,1,0,0,0,0,0,0,0,0,0,0,0,0,0,1.0
80000000.0,en,10.81051,131.0,Released,5.8,196,1999,2,0,0,0,0,0,0,1,0,0,0,0,0,0,0,1,0,0,0,0,0,2.0
30000000.0,en,19.578249,107.0,Released,5.6,376,1989,3,1,1,0,0,0,0,0,0,0,0,0,0,0,0,0,1,0,1,0,0,1.0
30000000.0,en,5.73667,99.0,Released,5.7,100,2002,3,0,0,0,1,0,0,1,1,1,0,0,0,0,0,0,0,0,0,0,0,3.0
30000000.0,en,28.624038,83.0,Released,6.3,521,1994,3,0,0,0,1,1,0,0,0,0,0,0,0,0,0,0,0,0,0,0,0,7.0
30000000.0,en,27.230493,131.0,Released,6.0,506,1985,3,1,1,0,0,0,0,0,0,0,0,0,0,0,0,0,0,0,1,0,0,5.0
30000000.0,en,30.380747,85.0,Released,6.8,643,2005,3,0,1,1,1,0,0,0,1,0,0,0,0,0,0,0,0,0,0,0,0,1.5
30000000.0,en,29.489274,126.0,Released,6.9,977,2007,3,0,0,0,0,0,0,1,0,0,0,0,0,0,0,1,0,0,0,0,0,6.0
30000000.0,en,8.058109,102.0,Released,5.1,123,2005,3,0,0,0,1,0,0,0,0,0,0,0,0,0,0,0,0,0,0,0,0,2.0
30000000.0,en,33.369305,123.0,Released,7.4,1049,2007,3,0,0,0,0,0,0,1,0,0,0,0,0,0,0,1,0,0,0,0,0,6.0
30000000.0,en,16.52083,105.0,Released,6.6,796,2010,3,0,0,0,1,0,0,1,0,0,0,0,0,0,0,1,0,0,0,0,0,5.0
30000000.0,en,11.19602,125.0,Released,6.2,243,1989,2,1,0,0,0,1,0,0,0,0,0,0,0,0,0,0,0,0,1,0,0,16.0
30000000.0,en,14.585968,92.0,Released,4.9,140,2012,3,0,0,0,1,0,0,0,0,0,0,0,0,0,0,0,0,0,0,0,0,11.5
40000000.0,en,43.571612,77.0,Released,7.2,1894,2005,3,0,0,1,0,0,0,0,0,1,0,0,0,1,0,1,0,0,0,0,0,7.5
13000000.0,en,8.305085,118.0,Released,7.2,144,2006,3,0,0,0,0,0,0,1,0,0,0,0,0,0,0,0,0,0,0,0,0,1.0
30000000.0,en,55.424027,121.0,Released,7.2,2416,2015,3,1,0,0,0,1,0,1,0,0,0,0,0,0,1,0,0,0,1,0,0,3.0
30000000.0,en,65.364452,123.0,Released,7.3,2067,2015,3,1,0,0,0,0,0,1,0,0,0,0,0,0,0,0,0,0,0,0,0,8.0
30000000.0,en,45.083509,99.0,Released,6.2,966,2009,3,0,0,0,0,0,0,0,0,0,0,0,1,0,0,0,0,0,1,0,0,11.0
25000000.0,en,82.052056,112.0,Released,7.4,1990,2015,3,0,0,0,0,0,0,1,0,1,0,0,0,0,0,1,0,0,0,0,0,2.0
20000000.0,en,15.011624,111.0,Released,6.9,260,2003,3,0,0,0,1,0,0,1,1,0,0,0,0,0,0,0,0,0,0,0,0,2.0
30000000.0,en,25.060342,107.0,Released,6.6,582,2010,3,0,0,0,0,0,0,1,0,0,0,0,0,0,0,1,0,0,0,0,0,5.0
25000000.0,en,11.42943,104.0,Released,5.6,159,2002,3,0,1,0,0,0,0,0,0,0,0,0,0,0,0,0,0,0,0,0,0,4.0
30000000.0,en,32.26789,113.0,Released,7.1,721,2006,3,0,0,0,1,0,0,1,0,1,0,0,0,0,0,1,0,0,0,0,0,8.0
30000000.0,en,33.394082,113.0,Released,6.2,767,2007,3,0,0,0,0,0,0,0,0,0,0,0,1,0,0,0,0,0,1,0,0,3.0
30000000.0,en,73.987775,95.0,Released,6.5,2263,2012,3,0,0,0,0,0,0,0,0,0,0,0,1,0,0,0,0,0,1,0,0,1.0
30000000.0,en,10.608998,84.0,Released,3.7,359,2008,3,0,0,0,1,0,0,0,0,0,0,0,0,0,0,0,0,0,0,0,0,5.0
30000000.0,en,12.821329,126.0,Released,7.2,238,1988,2,0,1,0,1,1,0,0,0,0,0,0,0,0,0,0,0,0,0,0,0,4.0
27000000.0,en,30.131498,101.0,Released,6.4,703,1987,2,1,0,0,0,0,0,0,0,0,0,0,0,0,0,0,1,0,0,0,0,1.0
25000000.0,en,12.113235,94.0,Released,6.6,384,1986,2,0,0,0,1,0,0,0,0,0,0,0,1,1,0,0,0,0,0,0,0,7.0
30000000.0,en,31.191975,111.0,Released,6.5,1263,2011,3,1,1,0,0,0,0,0,0,0,0,0,0,0,0,0,0,0,1,0,0,6.0
30000000.0,en,11.916389,95.0,Released,3.8,221,1997,3,1,0,0,0,0,0,0,0,1,0,0,0,0,0,0,1,0,0,0,0,2.0
30000000.0,en,20.355458,98.0,Released,5.7,359,2011,2,0,0,0,1,0,0,1,0,0,0,0,0,0,0,1,0,0,0,0,0,2.0
30000000.0,en,63.848541,100.0,Released,5.8,1463,2013,3,0,0,0,0,0,0,1,0,0,0,0,1,0,0,0,0,0,0,0,0,3.0
30000000.0,en,8.999675,108.0,Released,6.6,162,2006,2,0,0,0,0,0,0,0,0,0,0,0,0,1,0,0,0,0,0,0,0,1.0
30000000.0,en,9.278361,125.0,Released,6.5,206,2006,2,1,1,0,0,1,0,1,0,0,0,0,0,0,0,0,0,0,0,0,0,2.0
45000000.0,en,7.185212,94.0,Released,5.1,66,2001,1,1,0,0,1,0,0,0,0,0,0,0,0,0,0,0,0,0,0,0,0,4.0
30000000.0,en,55.806402,79.0,Released,6.6,1262,2009,3,1,1,1,0,0,0,0,0,0,0,0,0,0,0,0,1,0,1,0,0,1.0
30000000.0,en,48.237797,106.0,Released,6.4,1323,2013,3,0,0,0,0,1,0,1,0,0,0,0,0,0,0,0,0,0,1,0,0,15.0
22000000.0,en,17.943945,111.0,Released,5.9,278,2004,3,0,0,0,1,0,0,0,0,0,0,0,0,0,0,1,0,0,0,0,0,1.0
30000000.0,en,19.143721,63.0,Released,6.8,258,2011,1,0,0,1,0,0,0,0,1,0,0,0,0,0,0,0,0,0,0,0,0,1.5
19000000.0,en,15.67747,85.0,Released,4.1,210,2003,3,0,0,0,1,0,0,0,0,0,0,0,0,0,0,0,0,0,0,0,0,1.0
30000000.0,en,4.52363,108.0,Released,6.3,66,1998,1,0,0,0,1,0,0,1,0,0,0,0,0,0,0,0,0,0,0,0,0,3.0
30000000.0,en,13.064264,139.0,Released,6.4,158,2014,2,0,0,0,0,0,0,1,0,0,0,0,0,1,0,0,0,0,0,0,0,2.0
22500000.0,en,2.644427,127.0,Released,6.2,27,1998,2,0,0,0,0,0,0,1,0,0,0,0,0,0,0,1,0,0,0,0,0,3.0
30000000.0,en,5.301589,106.0,Released,5.4,163,1995,1,1,0,0,0,1,0,0,0,0,0,0,0,0,0,0,1,0,1,0,0,2.0
45000000.0,en,20.252143,95.0,Released,4.8,442,2006,2,1,0,0,1,1,0,1,0,1,0,0,0,0,0,0,1,0,0,0,0,8.0
30000000.0,en,29.359201,118.0,Released,5.9,690,2014,3,0,0,0,0,1,0,0,0,0,0,0,1,0,0,0,0,0,1,0,0,4.0
30000000.0,en,20.063165,108.0,Released,5.8,339,2011,3,1,0,0,0,0,0,0,0,0,0,0,0,0,0,0,0,0,1,0,0,1.0
35000000.0,en,6.246199,111.0,Released,5.2,112,2004,1,0,0,0,1,0,0,1,0,0,0,0,0,0,0,1,0,0,0,0,0,1.0
30000000.0,en,27.71063,124.0,Released,5.7,457,2012,3,0,0,0,1,0,0,0,0,0,0,0,0,0,0,0,0,0,0,0,0,5.0
30000000.0,en,2.850896,104.0,Released,5.0,66,2004,1,0,0,0,1,0,0,1,0,0,0,0,0,0,0,0,0,0,0,0,0,2.0
30000000.0,en,34.421696,133.0,Released,6.9,905,2010,3,0,0,0,0,1,0,1,0,0,0,0,0,0,0,1,0,0,1,0,0,3.0
30000000.0,en,15.89534,87.0,Released,4.8,458,2006,2,1,0,0,0,0,0,0,0,0,0,0,0,0,0,0,1,0,1,0,0,2.0
30000000.0,en,18.706504,109.0,Released,6.0,311,2005,2,0,0,0,0,0,0,0,0,0,0,0,0,0,0,0,0,0,1,0,0,1.0
30000000.0,en,9.607391,87.0,Released,6.0,127,1998,1,1,0,0,0,1,0,1,0,0,0,0,0,0,0,0,0,0,1,0,0,8.0
25000000.0,en,2.77255,98.0,Released,5.2,47,1996,1,1,0,0,1,0,0,0,0,0,0,0,0,0,0,0,0,0,1,0,0,1.0
30000000.0,en,17.834976,99.0,Released,5.4,295,2002,2,1,0,0,1,0,0,0,0,0,0,0,1,0,0,0,0,0,1,0,0,1.0
30000000.0,en,20.236951,112.0,Released,6.6,1233,2010,3,0,0,0,1,0,0,1,0,0,0,0,0,0,0,1,0,0,0,0,0,7.0
30000000.0,en,16.883429,108.0,Released,5.7,313,2007,1,0,0,0,0,1,0,0,0,0,0,0,0,0,1,0,0,0,1,0,0,3.0
35000000.0,en,12.779201,126.0,Released,6.8,125,2005,1,0,0,0,0,0,0,1,0,0,0,0,0,0,0,0,0,0,0,0,0,3.0
40000000.0,en,14.729386,98.0,Released,5.5,278,2004,1,0,0,0,1,1,0,0,0,0,0,0,0,0,0,0,0,0,1,0,0,3.0
26000000.0,en,23.227877,104.0,Released,5.5,671,2009,2,0,0,0,0,0,0,0,0,0,0,0,1,0,0,0,1,0,1,0,0,5.0
37000000.0,en,11.374306,110.0,Released,5.1,221,1986,2,0,0,0,1,0,0,0,0,1,0,0,0,0,0,0,1,0,0,0,0,1.0
30000000.0,en,10.703602,130.0,Released,6.3,240,2008,2,0,0,0,0,1,0,1,0,0,0,0,0,0,0,0,0,0,1,0,0,5.0
30000000.0,en,10.756266,97.0,Released,5.1,202,2005,1,1,1,0,0,0,0,0,0,0,0,0,1,0,0,0,0,0,1,0,0,1.0
30000000.0,en,4.352422,96.0,Released,5.0,68,2003,1,0,0,0,1,0,0,0,0,0,0,0,0,0,0,1,0,0,0,0,0,11.0
30000000.0,en,9.301562,114.0,Released,6.7,157,2004,1,0,0,0,0,0,0,1,0,0,0,0,0,0,1,1,0,0,1,0,0,3.0
17000000.0,en,18.27083,106.0,Released,6.0,603,2011,2,0,0,0,1,0,0,0,0,0,0,0,1,0,0,0,0,0,0,0,0,4.0
30000000.0,en,19.106154,135.0,Released,6.4,330,2005,2,0,0,0,0,0,0,1,0,0,0,1,0,0,0,1,0,0,0,0,0,4.0
30000000.0,en,5.259585,100.0,Released,4.0,72,1999,1,1,0,0,0,0,0,0,0,0,0,0,0,0,0,0,1,0,0,0,0,1.0
30000000.0,en,3.226243,100.0,Released,5.4,44,1999,1,0,0,0,0,0,0,1,0,0,0,0,0,0,0,0,0,0,1,0,0,8.0
100000000.0,en,21.677732,85.0,Released,2.9,462,2009,1,1,1,0,0,0,0,0,0,1,0,0,0,0,0,0,1,0,1,0,0,4.0
30000000.0,en,43.882857,107.0,Released,5.7,1266,2013,3,1,0,0,0,1,0,0,0,0,0,0,0,0,0,0,0,0,1,0,0,2.0
25000000.0,en,12.10235,102.0,Released,4.7,114,2004,2,0,0,0,0,0,0,1,0,0,0,0,1,0,0,0,1,0,1,0,0,1.0
23000000.0,en,3.362045,111.0,Released,6.1,152,2004,1,0,0,0,1,0,0,0,0,0,0,0,0,0,0,1,0,0,0,0,0,1.0
30000000.0,en,10.694417,86.0,Released,4.8,131,2011,1,0,0,1,1,0,0,0,1,0,0,0,0,0,0,0,0,0,0,0,0,1.0
30000000.0,en,6.353971,108.0,Released,6.7,161,2005,1,0,0,0,0,0,0,1,0,0,0,0,0,0,0,0,0,0,0,0,0,9.0
30000000.0,en,37.181019,123.0,Released,6.3,869,2009,3,0,1,0,0,0,0,0,0,1,0,0,0,0,1,0,0,0,0,0,0,7.0
30000000.0,en,4.952735,134.0,Released,7.2,129,2010,1,0,0,0,1,0,0,1,0,0,0,0,0,0,0,0,0,0,0,0,0,1.0
30000000.0,en,22.975918,91.0,Released,5.5,543,2013,3,0,0,0,0,1,0,1,0,0,0,0,0,0,0,0,0,0,1,0,0,3.0
30000000.0,en,8.359599,108.0,Released,5.8,153,2001,1,1,0,0,0,1,0,1,0,0,0,0,0,0,0,0,0,0,0,0,0,4.0
18000000.0,en,16.102271,122.0,Released,7.4,383,1989,2,0,0,0,0,0,0,0,0,0,0,0,0,0,0,0,0,0,0,1,0,7.0
30000000.0,en,49.336397,229.0,Released,8.2,1069,1984,1,0,0,0,0,1,0,1,0,0,0,0,0,0,0,0,0,0,0,0,0,4.0
30000000.0,en,29.647844,118.0,Released,5.9,638,2013,1,1,0,0,0,1,0,1,0,0,0,0,0,0,0,0,0,0,1,0,0,1.0
30000000.0,en,12.467267,138.0,Released,6.7,144,2004,1,0,0,0,0,0,0,1,0,0,0,0,0,0,0,1,0,0,0,0,0,2.0
30000000.0,en,2.774811,108.0,Released,6.0,31,2003,1,0,0,0,0,1,0,1,0,0,0,0,0,0,0,0,0,0,1,0,0,8.0
16000000.0,en,3.71305,80.0,Released,5.4,29,2005,1,1,1,0,0,0,0,1,0,0,0,0,0,0,0,1,0,0,0,0,0,2.0
30000000.0,en,8.386432,92.0,Released,6.3,141,2006,2,0,0,0,0,0,0,1,1,0,0,0,0,0,0,1,0,0,0,0,0,2.0
25000000.0,zh,3.866026,98.0,Released,5.0,29,2005,2,1,0,0,0,0,0,1,0,1,0,0,0,0,0,1,0,0,1,0,0,1.0
21000000.0,en,12.790408,87.0,Released,5.0,205,2006,1,1,1,0,0,0,0,0,0,0,0,0,0,0,0,0,0,0,1,0,0,2.0
30000000.0,en,35.53352,160.0,Released,7.0,776,2007,1,1,0,0,0,0,0,1,0,0,0,0,0,0,0,0,0,0,0,0,1,2.0
30000000.0,zh,4.065212,125.0,Released,5.0,41,2011,1,1,1,0,0,0,0,1,0,0,0,1,0,0,0,0,0,0,0,1,0,1.0
22700000.0,fr,20.362025,91.0,Released,5.9,306,2009,3,0,0,0,1,0,0,0,0,0,0,0,0,0,0,0,0,0,0,0,0,2.0
30000000.0,en,48.0343,92.0,Released,5.4,656,2015,1,0,0,0,0,1,0,1,0,0,0,0,0,0,0,0,0,0,1,0,0,8.0
30000000.0,en,13.268936,129.0,Released,6.4,286,2011,1,1,0,0,0,1,0,0,0,0,0,0,0,0,0,0,0,0,1,0,0,8.0
130000000.0,de,8.010046,93.0,Released,5.5,90,2010,3,0,0,1,1,0,0,0,1,0,0,0,0,0,0,0,0,0,0,0,0,1.0
30000000.0,en,12.257654,140.0,Released,7.0,38,2007,1,0,0,0,0,0,0,1,0,0,0,1,0,0,0,0,0,0,0,0,0,2.0
27000000.0,en,6.036684,110.0,Released,3.0,16,2014,1,0,0,0,0,0,0,1,0,0,0,0,0,0,0,0,0,0,0,0,0,2.0
30000000.0,en,10.958697,103.0,Released,5.8,195,2014,1,0,0,0,0,0,0,1,0,0,0,0,0,0,0,1,0,0,0,0,0,1.0
30000000.0,ru,2.625594,85.0,Released,6.4,7,2015,3,0,1,1,0,0,0,0,0,1,0,0,0,0,0,0,0,0,0,0,0,1.0
30000000.0,en,2.981047,110.0,Released,6.6,69,2002,1,0,0,0,0,1,0,0,0,0,0,0,0,0,0,0,0,0,1,0,0,1.0
19000000.0,en,66.242737,83.0,Released,5.6,2238,2016,3,0,1,1,1,0,0,0,0,1,0,0,0,0,0,0,0,0,0,0,0,3.0
29000000.0,en,71.496894,115.0,Released,6.8,1940,2015,3,0,0,0,1,0,0,0,0,0,0,0,0,1,0,0,0,0,0,0,0,2.0
28000000.0,en,35.580032,136.0,Released,7.3,718,2005,3,0,0,0,0,0,0,1,0,0,0,0,0,1,0,1,0,0,0,0,0,8.0
30000000.0,en,8.085872,127.0,Released,5.9,159,2000,2,0,0,0,1,0,0,0,0,0,0,0,0,0,0,0,0,0,0,0,0,1.0
29000000.0,en,10.364582,86.0,Released,5.8,135,1997,1,1,1,0,1,0,0,0,1,1,0,0,0,0,0,0,0,0,0,0,0,4.0
25000000.0,en,16.87784,122.0,Released,7.2,328,2008,2,0,0,0,0,0,0,1,0,0,0,1,0,0,0,0,0,0,0,0,0,13.0
30000000.0,en,18.165957,113.0,Released,6.6,275,2002,2,0,0,0,1,1,0,1,0,0,0,0,0,0,0,1,0,0,1,0,0,5.0
29000000.0,en,8.93941,100.0,Released,5.0,85,2002,1,0,0,0,1,0,0,0,0,0,0,0,0,0,0,1,0,0,0,0,0,3.0
29000000.0,en,20.55509,91.0,Released,5.5,431,2016,3,0,0,0,1,0,0,0,0,0,0,0,0,0,0,0,0,0,0,0,0,2.0
29000000.0,en,3.735723,157.0,Released,6.9,51,1987,1,0,0,0,0,0,0,1,0,0,0,0,0,0,0,0,0,0,0,0,0,4.0
14000000.0,en,4.310168,112.0,Released,6.3,26,1999,2,0,0,0,1,0,0,1,0,0,0,0,0,0,0,1,0,0,0,0,0,5.0
12000000.0,en,12.653831,87.0,Released,4.9,287,2004,3,0,0,0,1,0,0,1,0,0,0,0,1,0,0,0,0,0,0,0,0,1.0
29000000.0,en,24.240361,103.0,Released,6.8,455,2005,1,0,0,0,0,0,0,1,0,1,0,0,0,0,1,0,0,0,1,0,0,1.0
28000000.0,en,92.982009,90.0,Released,7.4,3416,1992,3,0,1,1,1,0,0,0,1,1,0,0,0,0,0,1,0,0,0,0,0,3.0
28000000.0,en,61.76233,147.0,Released,7.7,1355,2015,3,0,0,0,0,0,0,1,0,0,0,0,0,1,0,0,0,0,0,0,0,8.0
28000000.0,en,66.976776,118.0,Released,7.1,2781,1984,3,1,1,0,0,0,0,0,0,0,0,0,0,0,0,0,0,0,0,0,0,27.0
30000000.0,en,7.981116,79.0,Released,5.7,147,1998,3,0,0,1,0,0,0,0,1,0,0,0,0,0,0,0,0,0,0,0,0,1.5
60000000.0,en,21.252797,104.0,Released,6.1,400,2001,3,1,0,0,0,1,0,0,0,0,0,0,0,0,1,0,0,0,1,0,0,5.0
29000000.0,en,19.237254,110.0,Released,6.6,392,2016,3,0,0,0,1,0,0,1,0,0,0,0,0,0,0,0,0,0,0,0,0,10.0
29000000.0,en,27.555646,102.0,Released,6.2,594,2003,3,1,0,0,0,0,0,0,0,0,0,0,0,0,0,0,0,0,0,0,0,17.0
28000000.0,en,66.169628,131.0,Released,7.5,3948,1988,3,1,0,0,0,0,0,0,0,0,0,0,0,0,0,0,0,0,1,0,0,10.0
28000000.0,en,24.917665,99.0,Released,6.4,564,2008,3,0,0,0,1,0,0,0,0,0,0,0,0,0,0,0,0,0,0,0,0,4.0
28000000.0,en,57.518472,130.0,Released,7.3,2607,2015,3,0,0,0,1,0,0,1,0,0,0,0,0,0,0,0,0,0,0,0,0,6.0
30000000.0,en,11.870161,120.0,Released,6.2,127,2009,1,0,0,0,1,0,0,1,0,0,0,0,0,1,0,0,0,0,0,0,0,8.0
28000000.0,en,7.534003,135.0,Released,7.0,159,2004,3,0,0,0,0,0,0,1,0,0,0,1,0,0,0,0,0,0,0,0,0,5.0
28000000.0,en,44.529429,101.0,Released,6.8,1016,2004,3,1,0,0,0,0,0,0,0,1,0,0,1,0,0,0,0,0,0,0,0,7.0
35000000.0,en,14.949395,103.0,Released,5.5,427,2001,3,0,0,0,1,0,0,0,0,0,0,0,0,0,0,0,0,0,0,0,0,8.0
30000000.0,ja,14.726338,115.0,Released,6.5,356,2013,1,0,0,1,0,0,0,0,0,0,0,0,0,0,0,0,1,0,0,0,0,1.0
21000000.0,en,24.13081,110.0,Released,7.4,1286,2001,3,0,0,0,1,0,0,1,0,0,0,0,0,0,0,0,0,0,0,0,0,7.0
30000000.0,en,45.915165,90.0,Released,7.1,1061,2003,3,0,0,0,0,0,0,0,0,0,0,0,0,0,1,0,0,0,1,0,0,8.0
28000000.0,en,28.043508,105.0,Released,6.4,799,2013,3,0,0,0,1,0,0,0,0,0,0,0,0,0,0,0,0,0,0,0,0,7.0
28000000.0,en,26.090746,127.0,Released,6.3,490,1981,3,1,1,0,0,0,0,0,0,0,0,0,0,0,0,0,0,0,1,0,0,5.0
28000000.0,en,14.530803,90.0,Released,6.6,521,2001,3,0,0,0,1,0,0,0,0,0,0,0,0,0,0,1,0,0,0,0,0,5.0
27000000.0,en,13.308127,99.0,Released,5.5,282,1994,3,1,0,0,0,1,0,0,0,0,0,0,0,0,0,0,1,0,1,0,0,6.0
28000000.0,en,38.0958,89.0,Released,6.1,1337,2001,3,0,0,0,1,0,0,0,0,0,0,0,0,0,0,0,0,0,0,0,0,5.0
28000000.0,en,37.729059,115.0,Released,6.9,823,2013,3,0,0,0,0,0,0,0,0,0,0,0,0,0,0,1,0,0,0,0,0,9.0
28000000.0,en,18.650748,96.0,Released,6.4,471,1993,2,0,0,0,1,0,0,0,1,1,0,0,0,0,0,0,0,0,0,0,0,5.0
28000000.0,en,15.794946,104.0,Released,6.1,327,2007,3,0,0,0,1,0,0,0,0,0,0,0,0,0,0,0,0,0,0,0,0,5.0
28000000.0,en,45.054936,117.0,Released,7.1,4645,2010,3,1,0,0,0,1,0,0,0,0,0,0,0,0,0,0,0,0,0,0,0,4.0
28000000.0,en,25.039383,83.0,Released,5.6,531,2011,2,1,1,0,1,0,0,0,0,0,0,0,0,0,0,0,0,0,0,0,0,3.0
28000000.0,en,6.756771,99.0,Released,4.6,148,2000,2,0,0,0,0,0,0,0,0,0,0,0,1,0,0,0,0,0,1,0,0,4.0
28000000.0,en,22.14595,81.0,Released,6.1,493,2014,3,0,0,0,1,0,0,0,1,0,0,0,0,0,0,0,0,0,0,0,0,5.0
28000000.0,en,36.58383,135.0,Released,7.7,1358,2005,3,0,0,0,0,0,0,1,0,0,0,0,0,0,0,1,0,0,0,0,0,6.0
28000000.0,en,94.056131,117.0,Released,7.9,3509,1982,2,0,0,0,0,0,0,1,0,0,0,0,0,0,0,0,1,0,1,0,0,16.0
28000000.0,en,10.703456,139.0,Released,6.5,148,1995,2,0,1,0,0,0,0,0,0,0,0,0,0,0,0,0,0,0,0,0,0,4.0
28000000.0,en,41.638961,113.0,Released,6.0,883,2014,3,1,0,0,0,1,0,1,0,0,0,0,0,0,0,0,0,0,1,0,0,6.0
21000000.0,en,14.518708,117.0,Released,6.5,323,2007,3,0,0,0,0,1,0,1,0,0,0,0,0,0,0,0,0,0,1,0,0,4.0
50000000.0,en,3.312385,97.0,Released,4.5,38,2000,1,0,0,0,0,0,0,0,0,0,0,0,1,0,0,0,0,0,1,0,0,1.0
35866397.0,fr,3.75074,98.0,Released,7.0,49,2001,1,0,0,0,0,0,1,0,0,0,0,0,0,0,0,0,0,0,0,0,0,2.0
28000000.0,en,22.074306,103.0,Released,5.8,491,2006,2,0,0,0,1,0,0,1,1,1,0,0,0,0,0,1,0,0,0,0,0,8.0
28000000.0,en,4.436792,119.0,Released,6.0,69,1999,1,0,0,0,1,0,0,1,0,0,0,0,0,0,0,0,0,0,0,0,0,8.0
28000000.0,en,14.639324,94.0,Released,5.5,345,2010,3,1,0,0,1,0,0,0,1,0,0,0,0,0,0,0,0,0,0,0,0,6.0
28000000.0,en,1.767479,86.0,Released,5.5,46,1997,1,0,1,0,1,0,0,0,1,1,0,0,0,0,0,0,0,0,0,0,0,3.0
28000000.0,en,13.145205,98.0,Released,4.8,296,2001,1,1,0,0,0,0,0,0,0,0,0,0,1,0,0,0,1,0,0,0,0,10.0
28000000.0,en,12.921594,108.0,Released,5.8,195,2015,1,0,0,0,1,0,0,1,0,0,0,0,0,0,0,0,0,0,0,0,0,8.0
28000000.0,en,28.397048,108.0,Released,5.5,640,2016,1,0,0,0,1,0,0,0,0,0,0,0,1,0,0,1,0,0,1,0,0,4.0
28000000.0,en,7.039189,134.0,Released,6.8,91,1997,1,0,0,0,0,0,0,1,0,0,0,0,0,0,0,0,0,0,0,0,0,21.0
27000000.0,en,16.785866,110.0,Released,6.2,244,2008,1,0,0,0,1,0,0,1,0,0,0,0,0,0,0,1,0,0,0,0,0,1.0
28000000.0,en,40.28635,103.0,Released,6.3,2224,2013,3,1,1,0,0,1,0,0,0,0,0,0,0,0,0,0,0,0,0,0,0,3.0
24000000.0,es,6.009644,145.0,Released,5.6,61,2006,1,1,0,0,0,0,0,0,0,0,0,0,0,0,0,0,0,0,0,0,0,1.0
28000000.0,en,25.520976,90.0,Released,5.7,615,2014,3,1,0,0,0,1,0,1,0,0,0,0,0,0,0,0,0,0,0,0,0,2.0
27500000.0,en,25.633663,131.0,Released,6.2,527,1983,3,1,1,0,0,0,0,0,0,0,0,0,0,0,0,0,0,0,1,0,0,5.0
30000000.0,en,22.527211,129.0,Released,6.2,1214,2007,3,0,0,0,1,0,0,1,0,0,0,0,0,0,0,1,0,0,0,0,0,5.0
30000000.0,en,24.09152,109.0,Released,7.1,598,2009,3,0,0,0,0,0,0,1,0,0,0,0,0,0,0,0,0,0,0,0,0,4.0
35000000.0,en,6.248273,114.0,Released,5.7,57,2008,2,0,0,0,1,0,0,1,0,0,0,0,0,0,0,0,0,0,0,0,0,7.0
8000000.0,en,9.548391,163.0,Released,6.9,67,1984,3,0,1,0,0,0,0,1,0,0,0,1,0,0,0,0,0,0,0,0,0,4.0
15000000.0,en,12.576381,92.0,Released,6.9,235,2006,3,0,0,0,0,0,0,1,0,0,0,0,0,0,0,1,0,0,0,0,0,2.0
27500000.0,en,12.741073,120.0,Released,6.2,205,2007,1,0,0,0,0,0,0,1,0,0,0,0,0,0,0,0,0,0,1,0,0,4.0
27000000.0,en,16.188572,113.0,Released,6.7,413,1991,3,1,1,0,0,0,0,0,0,0,0,0,0,0,0,0,1,0,1,0,0,2.0
27000000.0,en,5.576937,116.0,Released,5.6,65,2002,3,0,0,0,1,0,0,1,0,0,0,0,0,0,0,1,0,0,0,0,0,2.0
27000000.0,en,18.913,115.0,Released,6.2,345,1997,3,0,0,0,0,1,0,1,0,0,0,0,0,0,1,0,0,0,1,0,0,6.0
27000000.0,en,44.714264,133.0,Released,7.5,1065,1980,3,1,0,0,1,1,0,0,0,0,0,0,0,1,0,0,0,0,0,0,0,6.0
27000000.0,en,11.870301,117.0,Released,6.0,238,2008,3,0,1,0,1,0,0,1,1,0,0,0,0,0,0,0,0,0,0,0,0,2.0
25000000.0,en,5.753705,117.0,Released,6.7,33,2012,2,0,0,0,1,0,0,0,0,0,0,0,0,1,0,0,0,0,0,0,0,2.0
27000000.0,en,28.227984,101.0,Released,6.6,607,2002,3,0,0,0,1,0,0,1,0,0,0,0,0,0,0,1,0,0,0,0,0,7.0
27000000.0,en,11.678561,82.0,Released,5.5,247,1999,3,1,0,0,1,0,0,0,0,0,0,0,1,0,0,0,1,0,1,0,0,5.0
27000000.0,en,36.921445,110.0,Released,7.4,1323,2006,3,0,0,0,0,1,0,1,0,0,0,0,0,0,1,0,0,0,1,0,0,3.0
27000000.0,en,17.567332,193.0,Released,7.3,235,1983,1,0,0,0,0,0,0,1,0,0,0,1,0,0,0,0,0,0,0,0,0,2.0
30000000.0,en,16.698316,130.0,Released,6.3,288,2011,1,0,0,0,0,0,0,1,0,0,0,1,0,0,0,0,0,0,1,0,0,8.0
27000000.0,en,47.862016,102.0,Released,7.0,1002,1984,1,0,1,0,0,0,0,1,1,1,0,0,0,0,0,0,0,0,0,0,0,7.0
27000000.0,en,39.324831,100.0,Released,7.2,828,1998,2,0,0,0,0,0,0,0,0,0,0,0,0,0,1,0,1,0,0,0,0,5.0
17759769.0,en,18.591657,110.0,Released,6.7,396,2008,3,0,0,0,0,0,0,1,0,0,0,1,0,0,0,1,0,0,0,0,0,1.0
25000000.0,en,5.650125,109.0,Released,6.7,120,1985,1,0,1,0,0,0,0,0,1,1,0,0,0,0,0,0,0,0,0,0,0,1.0
27000000.0,en,3.123583,113.0,Released,5.9,44,1998,3,1,0,0,0,1,0,1,0,0,0,0,0,0,0,0,0,0,0,0,0,11.0
27000000.0,en,23.917982,109.0,Released,6.1,563,2009,2,0,0,0,0,0,0,0,0,0,0,0,1,0,1,0,0,0,1,0,0,2.0
27000000.0,en,8.715822,99.0,Released,5.5,98,2004,1,0,0,0,0,1,0,0,0,0,0,0,0,0,0,0,0,0,1,0,0,2.0
27000000.0,en,5.737161,106.0,Released,6.8,79,2007,1,0,0,0,0,0,0,1,0,0,0,0,0,0,0,0,0,0,0,0,0,1.0
27000000.0,en,14.788073,89.0,Released,4.4,222,2011,3,1,0,0,1,0,0,0,1,0,0,0,0,0,0,0,0,0,0,0,0,17.0
27000000.0,en,38.279458,98.0,Released,6.5,1068,2016,3,0,0,0,0,0,0,0,0,0,0,0,0,0,0,0,0,0,1,0,0,3.0
28.0,en,9.670031,93.0,Released,5.9,173,2001,1,1,0,0,1,1,0,0,0,0,0,0,0,0,0,0,0,0,1,0,0,4.0
15000000.0,en,5.271559,112.0,Released,5.9,56,1999,1,0,0,0,1,0,0,1,0,0,0,0,0,0,0,0,0,0,0,0,0,13.0
27000000.0,en,17.193659,106.0,Released,6.3,333,2004,1,0,0,0,0,1,0,0,0,0,0,0,0,0,1,0,0,0,1,0,0,15.0
25000000.0,en,8.31653,104.0,Released,5.2,127,2008,1,0,0,0,1,0,0,1,0,0,0,0,0,0,0,0,0,0,0,0,0,13.0
18500000.0,en,2.653988,120.0,Released,5.9,23,2003,1,0,0,0,0,0,0,1,0,0,0,0,0,0,0,0,0,0,1,0,0,5.0
20000000.0,en,0.548435,133.0,Released,6.9,6,2006,3,0,0,0,1,0,0,1,0,0,0,0,0,1,0,0,0,0,0,0,0,7.0
26000000.0,en,31.250383,91.0,Released,5.2,788,2009,3,1,1,0,1,0,0,0,1,0,0,0,0,0,0,0,0,0,0,0,0,5.0
26000000.0,en,24.345651,97.0,Released,6.0,879,2003,3,0,0,0,1,0,0,0,0,0,0,0,0,0,0,0,0,0,0,0,0,6.0
26000000.0,en,38.473732,116.0,Released,6.2,1983,2005,3,0,0,0,1,0,0,0,0,0,0,0,0,0,0,1,0,0,0,0,0,5.0
25000000.0,en,31.792964,122.0,Released,6.8,796,1998,3,0,0,0,0,0,0,0,0,0,0,1,0,0,0,1,0,0,0,0,0,5.0
28000000.0,en,61.309619,113.0,Released,6.2,1131,2014,3,0,0,0,0,1,0,1,0,0,0,0,0,0,1,0,0,0,1,0,0,1.0
15000000.0,en,5.411154,111.0,Released,5.8,628,1990,3,0,0,0,1,0,0,0,0,0,0,0,0,0,0,0,0,0,0,0,0,8.0
27000000.0,en,41.832392,111.0,Released,6.6,1148,2008,3,1,0,0,1,0,0,0,0,0,0,0,0,0,0,0,0,0,0,0,0,8.0
26000000.0,en,21.988861,121.0,Released,6.8,399,1998,3,0,0,0,1,0,0,1,0,0,0,0,0,0,0,1,0,0,0,0,0,6.0
22000000.0,en,19.068175,139.0,Released,7.0,262,2003,3,0,0,0,0,0,0,0,0,0,0,0,0,0,0,0,0,0,0,0,1,3.0
26000000.0,en,24.114459,115.0,Released,6.3,404,1990,3,0,0,0,0,0,0,1,0,0,0,0,1,0,0,0,1,0,1,0,0,13.0
22000000.0,en,20.256571,175.0,Released,6.9,207,1977,3,0,0,0,0,0,0,1,0,0,0,1,0,0,0,0,0,0,0,1,0,4.0
26000000.0,en,8.802626,85.0,Released,6.2,455,2005,3,0,0,0,0,0,0,0,0,0,0,0,1,0,0,0,0,0,1,0,0,11.0
26000000.0,en,37.355826,90.0,Released,5.9,1023,2003,3,0,0,0,0,0,0,0,0,0,0,0,1,0,1,0,0,0,0,0,0,5.0
26000000.0,en,39.742009,106.0,Released,7.3,1112,2000,3,1,1,0,1,0,0,0,0,0,0,0,0,0,0,0,0,0,0,0,0,12.0
26000000.0,en,30.981604,100.0,Released,5.2,629,2010,3,0,0,0,0,0,0,0,0,0,0,0,1,0,0,0,0,0,0,0,0,2.0
25000000.0,en,31.893932,130.0,Released,6.1,1573,2013,3,1,0,0,0,1,0,0,0,0,0,0,0,0,0,0,0,0,1,0,0,12.0
25000000.0,en,15.376391,109.0,Released,5.9,194,2004,3,0,0,0,1,0,0,1,0,0,0,0,0,0,0,1,0,0,0,0,0,8.0
26000000.0,en,5.894163,94.0,Released,4.9,89,2002,2,0,1,0,0,0,0,0,1,0,0,0,0,0,0,0,1,0,1,0,0,4.0
26000000.0,en,10.981038,127.0,Released,7.1,146,1985,2,1,0,0,0,1,0,1,0,0,0,0,0,0,0,0,0,0,0,0,1,5.0
26000000.0,en,22.07638,104.0,Released,6.8,633,2009,3,0,0,0,0,0,0,1,0,0,0,0,0,0,0,0,0,0,1,1,0,3.0
26000000.0,en,10.925618,100.0,Released,5.2,144,2004,2,0,0,0,1,0,0,0,0,0,0,0,0,0,0,0,0,0,0,0,0,2.0
56000000.0,en,21.219292,118.0,Released,5.7,718,2011,3,0,0,0,1,0,0,0,0,0,0,0,0,0,0,1,0,0,0,0,0,8.0
42000000.0,en,14.831402,118.0,Released,5.8,198,2001,1,0,0,0,0,0,0,1,0,0,0,0,0,0,1,1,0,0,1,0,0,1.0
26000000.0,en,22.520842,111.0,Released,6.1,426,2012,2,0,0,0,0,1,0,0,0,0,0,0,0,0,1,0,0,0,1,0,0,5.0
30000000.0,en,3.314094,110.0,Released,4.8,54,2004,1,0,0,0,1,0,0,0,0,0,0,0,0,0,0,0,0,0,0,0,0,8.0
26000000.0,en,7.964451,99.0,Released,4.5,110,1994,2,1,0,0,0,0,0,0,0,1,0,0,0,0,0,0,1,0,0,0,0,1.0
26000000.0,en,1.492056,101.0,Released,5.5,34,1996,1,0,0,0,0,1,0,1,0,0,0,0,0,0,0,0,0,0,1,0,0,2.0
26000000.0,en,4.810621,100.0,Released,6.0,62,1997,1,0,0,0,0,0,0,0,0,1,0,0,1,0,0,0,0,0,0,0,0,1.0
33000000.0,en,9.317265,103.0,Released,6.5,165,2001,1,0,0,0,1,1,0,0,0,0,0,0,0,0,1,1,0,0,1,0,0,22.0
26000000.0,en,5.644844,100.0,Released,3.9,95,2015,1,0,0,0,1,0,0,0,0,0,0,0,0,0,0,1,0,0,0,0,0,4.5
25530000.0,en,4.475007,95.0,Released,5.3,84,1996,1,0,1,0,0,0,0,0,1,0,0,0,0,0,0,0,0,0,0,0,0,1.0
26000000.0,en,66.097437,116.0,Released,6.3,1091,2015,2,0,0,0,0,0,0,0,0,0,0,0,0,0,1,0,1,0,1,0,0,4.0
25000000.0,en,20.679652,129.0,Released,6.8,417,2005,3,0,0,0,0,0,0,1,0,0,0,0,0,0,1,0,0,0,1,0,0,3.0
30000000.0,en,38.171417,127.0,Released,6.9,864,2004,3,0,0,0,0,0,0,1,0,0,0,0,0,0,0,0,0,0,0,0,0,3.0
25000000.0,en,30.884535,125.0,Released,7.0,1591,1993,3,0,0,0,1,0,0,1,1,0,0,0,0,0,0,0,0,0,0,0,0,11.0
25000000.0,en,49.510658,133.0,Released,7.6,1709,1988,3,0,0,0,0,0,0,1,0,0,0,0,0,0,0,0,0,0,0,0,0,13.0
33000000.0,en,50.7453,116.0,Released,7.8,3086,2008,3,0,0,0,0,0,0,1,0,0,0,0,0,0,0,0,0,0,0,0,0,20.0
25100000.0,en,10.445391,131.0,Released,6.1,143,2008,2,0,0,0,0,0,0,1,0,0,0,1,0,0,0,0,0,0,0,0,0,14.0
25000000.0,en,80.879032,93.0,Released,7.2,4369,2008,3,1,0,0,0,0,0,0,0,0,0,0,0,0,0,0,0,0,1,0,0,4.0
26000000.0,en,33.93914,117.0,Released,7.2,765,2014,2,0,0,0,0,0,0,1,0,0,0,0,0,0,0,1,0,0,0,0,0,3.0
25000000.0,en,26.576385,129.0,Released,6.1,661,1992,3,1,0,0,0,0,0,1,0,0,0,0,0,1,0,1,0,0,1,0,0,2.0
22000000.0,en,104.469351,195.0,Released,8.3,4329,1993,3,0,0,0,0,0,0,1,0,0,0,1,0,0,0,0,0,0,0,1,0,27.0
25000000.0,en,42.191509,146.0,Released,7.8,1910,2011,3,0,0,0,0,0,0,1,0,0,0,0,0,0,0,0,0,0,0,0,0,2.0
28000000.0,en,20.267062,128.0,Released,5.7,364,2013,1,0,0,0,0,0,0,1,0,0,0,0,0,0,0,0,0,0,1,0,0,5.0
80000000.0,en,22.644275,93.0,Released,5.4,500,2004,3,0,1,0,1,0,0,0,0,1,0,0,0,0,1,0,0,0,0,0,0,6.0
26000000.0,ru,7.182761,127.0,Released,4.9,71,2014,2,0,1,0,0,0,0,0,0,1,0,0,0,0,1,0,0,0,1,0,0,1.0
30000000.0,en,26.69592,97.0,Released,5.8,594,2003,3,0,0,0,0,0,0,0,0,0,0,0,1,0,0,0,0,0,0,0,0,4.0
16500000.0,en,7.336256,100.0,Released,4.7,64,2014,3,0,0,0,0,0,0,1,0,0,0,0,0,0,0,0,0,0,1,0,0,6.0
25000000.0,en,12.739721,83.0,Released,5.6,231,2001,3,1,1,1,1,0,0,0,1,1,0,0,0,0,0,0,1,0,0,0,0,2.0
25000000.0,en,46.942396,85.0,Released,6.4,2251,2008,3,1,0,0,0,0,0,0,0,0,0,0,0,0,0,0,1,0,1,0,0,4.0
25000000.0,en,15.505137,88.0,Released,5.8,286,1991,3,1,1,0,1,0,0,0,1,0,0,0,0,0,0,0,1,0,0,0,0,1.0
25000000.0,en,38.272889,119.0,Released,7.6,1384,1987,3,0,0,0,0,1,0,1,0,0,0,1,0,0,0,0,0,0,1,0,0,12.0
25000000.0,en,53.645267,122.0,Released,7.7,3003,2007,3,0,0,0,0,1,0,1,0,0,0,0,0,0,0,0,0,0,1,0,0,10.0
25000000.0,en,28.468,99.0,Released,6.1,853,2014,3,1,0,0,1,0,0,0,0,0,0,0,0,0,0,0,0,0,0,0,0,7.0
25000000.0,en,35.310712,97.0,Released,6.5,1356,2001,3,0,0,0,1,0,0,1,0,0,0,0,0,0,0,1,0,0,0,0,0,1.0
25000000.0,en,28.727731,121.0,Released,6.8,951,2000,3,0,0,0,1,0,0,1,0,0,0,0,0,0,0,1,0,0,0,0,0,9.0
45000000.0,en,4.340616,95.0,Released,5.1,377,2003,3,0,0,0,1,0,0,0,0,0,0,0,0,0,0,0,0,0,0,0,0,3.0
25000000.0,en,14.604911,104.0,Released,5.7,210,2012,3,0,0,0,1,0,0,0,0,0,0,0,0,0,0,0,0,0,0,0,0,6.0
25000000.0,en,38.688822,107.0,Released,6.1,1331,2011,3,0,0,0,1,0,0,0,0,0,0,0,0,0,0,1,0,0,0,0,0,8.0
25000000.0,en,30.537845,130.0,Released,7.4,626,1993,3,1,1,0,0,0,0,1,0,0,0,1,0,0,0,0,0,0,0,0,1,3.0
25000000.0,en,19.750059,115.0,Released,6.0,330,2000,3,1,0,0,0,1,0,0,0,0,0,0,0,0,0,0,0,0,1,0,0,5.0
2800000.0,en,25.939385,111.0,Released,7.2,476,1976,3,0,0,0,0,0,0,0,0,0,0,0,1,0,0,0,0,0,1,0,0,11.0
25000000.0,en,31.64341,93.0,Released,5.8,974,2006,3,0,0,0,0,0,0,0,0,0,0,0,1,0,1,0,0,0,0,0,0,4.0
25000000.0,en,26.811541,101.0,Released,6.8,946,2012,3,0,0,0,0,0,0,1,0,0,0,0,0,0,0,1,0,0,0,0,0,5.0
60000000.0,en,40.646102,96.0,Released,7.0,1113,2007,3,0,1,0,0,0,0,1,1,0,0,0,0,0,0,0,0,0,0,0,0,1.0
25000000.0,en,34.160448,106.0,Released,7.2,1223,2004,3,0,0,0,0,0,0,1,0,0,0,0,0,0,0,0,0,0,0,0,0,8.0
25000000.0,en,5.377155,100.0,Released,7.0,35,2013,3,0,0,0,1,0,0,1,0,0,0,0,0,0,0,0,0,0,0,0,0,9.0
25000000.0,en,48.552871,117.0,Released,6.4,1451,2012,3,1,0,0,0,0,0,1,0,0,0,0,0,0,0,0,0,0,1,0,0,3.0
25000000.0,en,18.228538,101.0,Released,6.1,440,2005,3,0,0,0,0,0,0,0,0,0,0,0,1,0,1,0,0,0,1,0,0,2.0
26000000.0,en,29.342744,94.0,Released,6.7,1493,2004,3,0,0,0,1,0,0,0,0,0,0,0,0,0,0,0,0,0,0,0,0,6.0
25000000.0,en,63.654244,145.0,Released,8.2,3128,1990,3,0,0,0,0,1,0,1,0,0,0,0,0,0,0,0,0,0,0,0,0,21.0
28000000.0,en,11.859396,102.0,Released,5.0,284,2003,3,1,0,0,0,0,0,0,0,0,0,0,0,0,0,0,0,0,0,0,0,2.0
25000000.0,en,24.356483,97.0,Released,6.4,711,2005,3,0,0,0,1,0,0,0,1,1,0,0,0,0,0,0,0,0,0,0,0,5.0
25000000.0,en,70.105981,170.0,Released,8.0,2948,1983,3,1,0,0,0,1,0,1,0,0,0,0,0,0,0,0,0,0,1,0,0,12.0
25000000.0,en,8.618208,97.0,Released,6.3,174,1997,3,1,1,0,1,0,0,0,0,0,0,0,0,0,0,0,0,0,0,0,0,4.0
23000000.0,en,21.189028,163.0,Released,7.4,355,1987,3,0,0,0,0,0,0,1,0,0,0,1,0,0,0,0,0,0,0,0,0,2.0
25000000.0,en,31.364901,109.0,Released,6.1,770,2012,3,1,0,0,0,1,0,1,0,0,0,0,0,0,0,0,0,0,1,0,0,3.0
25000000.0,en,7.615653,97.0,Released,5.9,87,1997,3,1,1,0,1,0,0,0,0,0,0,0,0,0,0,0,0,0,0,0,0,10.0
25000000.0,en,37.817905,158.0,Released,7.9,1537,2007,3,0,0,0,0,0,0,1,0,0,0,0,0,0,0,0,0,0,0,0,0,6.0
35000000.0,en,5.784661,85.0,Released,5.8,44,2002,3,0,1,1,0,0,0,0,1,0,0,0,0,0,0,0,0,0,0,0,0,1.0
25000000.0,en,8.255708,84.0,Released,5.6,61,2003,3,0,0,1,0,0,0,0,1,0,0,0,0,0,0,0,0,0,0,0,0,1.5
25000000.0,en,6.086083,86.0,Released,5.5,112,2002,3,1,0,0,1,0,0,0,0,0,0,0,0,0,0,0,0,0,0,0,0,7.0
25000000.0,en,17.17372,119.0,Released,6.3,386,2005,2,0,0,0,1,0,0,1,0,0,0,0,0,0,0,0,0,0,0,0,0,4.0
25000000.0,en,16.936576,98.0,Released,6.4,298,2001,3,1,0,0,0,1,0,0,0,0,0,0,0,0,0,0,0,0,1,0,0,1.0
25000000.0,en,25.838073,97.0,Released,5.6,529,2008,3,0,0,0,1,0,0,0,0,0,0,0,0,0,0,1,0,0,0,0,0,2.0
25000000.0,en,5.625632,105.0,Released,5.4,115,2005,2,0,0,0,1,0,0,0,0,0,0,0,0,0,0,1,0,0,0,0,0,4.0
25000000.0,en,17.312433,124.0,Released,6.6,259,2014,2,0,0,0,0,0,0,1,0,0,0,0,0,0,0,0,0,0,0,0,0,4.0
25000000.0,en,53.811461,94.0,Released,6.4,1798,2014,3,0,0,0,0,0,0,1,0,0,0,0,0,0,0,0,1,0,0,0,0,9.0
20000000.0,en,7.057765,105.0,Released,5.8,368,2003,3,0,0,0,1,0,0,0,0,0,0,0,0,0,0,0,0,0,0,0,0,4.0
17000000.0,en,19.045146,104.0,Released,5.5,299,2003,3,0,0,0,0,0,0,0,0,0,0,0,1,0,0,0,0,0,1,0,0,3.0
25000000.0,en,21.729434,101.0,Released,5.5,444,2007,3,0,0,0,1,0,0,1,0,0,0,0,0,0,0,1,0,0,0,0,0,1.0
25000000.0,en,12.837116,101.0,Released,5.8,236,2003,3,1,0,0,0,1,0,1,0,0,0,0,0,0,0,0,0,0,0,0,0,5.0
25000000.0,en,20.953265,114.0,Released,7.0,451,2002,3,0,0,0,0,0,0,1,0,0,0,0,0,0,0,0,0,0,0,0,0,5.0
20000000.0,en,10.81439,105.0,Released,6.4,671,2006,3,0,0,0,1,0,0,1,1,0,0,0,0,0,0,1,0,0,0,0,0,6.0
25000000.0,en,27.683874,90.0,Released,6.1,663,2007,3,0,0,0,1,0,0,0,1,0,0,0,0,0,0,0,0,0,0,0,0,1.0
20000000.0,en,9.855474,97.0,Released,4.9,199,2004,3,1,1,0,0,0,0,0,0,0,0,0,1,0,0,0,1,0,1,0,0,2.0
25500000.0,en,12.756344,128.0,Released,6.0,171,2013,1,0,0,0,0,1,0,1,0,0,0,0,0,0,0,0,0,0,1,0,0,2.0
25000000.0,en,29.533437,114.0,Released,7.1,797,2007,3,0,0,0,0,0,0,1,0,0,0,0,0,0,0,0,0,0,0,0,0,1.0
30000000.0,en,14.179538,124.0,Released,7.1,334,1998,3,0,0,0,0,0,0,1,0,0,0,1,0,0,0,0,0,0,0,0,0,3.0
25000000.0,en,14.340095,89.0,Released,5.5,350,1998,3,0,0,0,1,0,0,0,0,0,0,0,1,0,0,0,0,0,0,0,0,4.0
25485000.0,en,9.795985,144.0,Released,6.9,147,1970,2,1,1,0,0,0,0,1,0,0,0,1,0,0,0,0,0,0,0,1,0,2.0
25000000.0,en,6.889437,93.0,Released,4.7,123,1997,3,0,1,0,1,0,0,1,0,1,0,0,0,1,0,0,0,0,0,0,0,1.0
25000000.0,en,19.428994,81.0,Released,5.4,325,2011,2,0,0,0,1,0,0,0,0,0,0,0,0,0,0,0,0,0,0,0,0,8.0
25000000.0,en,7.326034,83.0,Released,4.7,71,2009,2,1,0,0,1,0,0,0,0,0,0,0,0,1,0,0,0,0,0,0,0,1.0
25000000.0,en,136.747729,142.0,Released,8.5,8205,1994,2,0,0,0,0,1,0,1,0,0,0,0,0,0,0,0,0,0,0,0,0,4.0
21150000.0,en,6.081772,92.0,Released,4.7,146,2001,3,0,1,0,1,0,0,0,0,0,0,0,0,0,0,0,0,0,0,0,0,4.0
27000000.0,en,17.329269,113.0,Released,6.7,244,1996,1,0,0,0,1,0,0,0,0,0,0,0,0,0,0,0,0,0,0,0,0,11.5
25000000.0,en,22.622453,111.0,Released,5.7,543,2014,2,0,0,0,0,1,0,1,0,0,0,0,0,0,0,0,0,0,1,0,0,2.0
25000000.0,en,20.561682,121.0,Released,6.9,483,2013,3,0,0,0,1,0,0,1,0,0,0,0,0,0,0,0,0,0,0,0,0,2.0
25000000.0,en,13.288177,98.0,Released,5.9,185,2005,2,0,0,0,1,0,0,1,1,0,0,0,0,0,0,0,0,0,0,0,0,1.0
30000000.0,en,19.212552,107.0,Released,6.5,318,2005,2,0,0,0,1,0,0,0,0,0,0,0,0,0,0,0,0,0,0,0,0,2.0
23000000.0,en,29.365851,106.0,Released,7.2,661,2016,3,0,0,0,1,0,0,1,0,0,0,1,0,0,0,0,0,0,0,0,0,1.0
25000000.0,en,10.232599,136.0,Released,6.7,134,1998,1,0,0,0,0,0,0,1,0,0,0,0,0,0,0,0,0,0,0,0,0,16.0
25000000.0,en,8.870614,97.0,Released,6.2,183,1994,1,0,0,0,1,0,0,1,0,0,0,0,0,0,0,1,0,0,0,0,0,1.0
25000000.0,en,19.402816,115.0,Released,6.6,1262,2010,3,0,0,0,0,0,0,1,0,0,0,0,0,0,0,1,0,0,0,1,0,9.0
25000000.0,en,24.903418,97.0,Released,6.2,515,2010,1,1,1,0,0,1,0,0,0,0,0,0,0,0,1,0,0,0,1,0,0,2.0
25000000.0,en,14.562197,99.0,Released,5.4,341,2010,2,0,0,0,0,0,0,0,0,1,0,0,1,0,0,0,0,0,1,0,0,1.0
25000000.0,en,18.896239,103.0,Released,6.0,414,2007,3,1,0,0,0,1,0,0,0,0,0,0,0,0,0,0,0,0,1,0,0,1.0
25000000.0,en,15.960916,95.0,Released,6.9,530,2002,1,0,0,0,1,0,0,1,0,0,0,0,0,0,0,1,0,0,0,0,0,6.0
25000000.0,en,25.848003,93.0,Released,6.5,656,2004,1,0,0,0,1,0,0,0,0,0,0,0,0,0,0,0,0,0,0,0,0,1.0
13000000.0,en,6.337063,98.0,Released,4.6,82,2002,2,1,0,0,0,1,0,0,0,0,0,0,0,0,0,0,0,0,1,0,0,3.0
26000000.0,en,10.006282,90.0,Released,5.4,66,2006,1,0,0,0,1,0,0,0,1,0,0,0,0,0,0,0,0,0,0,0,0,4.0
25000000.0,en,2.753501,107.0,Released,4.7,28,1988,1,0,0,0,0,0,0,1,0,0,0,0,0,0,0,0,0,0,0,0,0,1.0
25000000.0,en,6.718497,90.0,Released,5.0,54,1996,1,0,0,1,0,0,0,0,1,1,0,0,0,0,0,0,0,0,0,0,0,1.0
25000000.0,en,7.538513,120.0,Released,6.9,110,2005,1,0,0,0,0,0,0,1,1,0,0,0,0,0,0,0,0,0,0,0,0,2.0
30000000.0,en,21.606001,115.0,Released,5.4,597,2009,2,0,0,0,0,0,0,0,0,0,0,0,0,0,0,0,1,0,1,0,0,3.0
8000000.0,en,13.715715,91.0,Released,5.6,265,2008,3,0,0,0,0,0,0,1,0,0,0,0,1,0,0,0,0,0,0,0,0,1.0
25000000.0,en,3.707511,108.0,Released,4.3,29,2000,1,0,0,0,1,0,0,0,0,0,0,0,0,0,0,0,0,0,0,0,0,3.0
25000000.0,en,7.001176,107.0,Released,5.2,147,2010,1,0,0,0,0,0,0,1,0,0,0,0,1,0,1,0,0,0,1,0,0,11.0
25000000.0,en,39.784026,108.0,Released,6.3,824,2004,2,0,0,0,1,0,0,0,0,0,0,0,0,0,0,0,0,0,0,0,0,4.0
25000000.0,en,10.115011,100.0,Released,5.2,101,1996,3,1,1,0,0,0,0,0,0,0,0,0,0,0,0,0,0,0,1,0,0,1.0
25000000.0,en,7.321181,85.0,Released,4.4,46,2002,1,1,0,0,1,0,0,1,0,0,0,0,0,0,0,0,0,0,0,0,0,2.0
25000000.0,en,32.854557,131.0,Released,6.7,973,2015,3,0,0,0,0,1,0,0,0,0,0,0,0,0,0,0,0,0,1,0,0,5.0
25000000.0,en,6.309587,88.0,Released,6.3,313,2007,1,1,0,0,1,0,0,0,0,0,0,0,0,0,0,0,0,0,0,0,0,2.0
28000000.0,en,8.363702,91.0,Released,4.9,132,2011,1,0,0,0,0,0,0,0,0,0,0,0,1,0,0,0,0,0,1,0,0,5.0
25.0,en,4.88794,145.0,Released,7.0,59,1999,1,0,0,0,0,0,0,1,0,0,0,0,0,0,0,0,0,0,0,0,0,3.0
25000000.0,en,14.17009,109.0,Released,6.5,304,2014,2,0,0,0,0,0,0,1,0,0,0,0,0,0,0,0,0,0,0,0,0,8.0
25000000.0,en,12.18362,116.0,Released,6.2,135,1985,1,0,0,0,0,0,0,0,0,1,0,0,1,0,0,0,1,0,1,0,0,5.0
25000000.0,en,9.169271,122.0,Released,6.2,137,2010,1,0,0,0,0,1,0,1,0,0,0,1,0,0,0,0,0,0,0,0,0,5.0
25000000.0,en,8.127728,107.0,Released,7.0,210,2005,1,0,0,0,0,0,0,1,0,0,0,0,0,0,0,0,0,0,0,0,0,6.0
25000000.0,en,10.699952,120.0,Released,6.0,378,2015,1,0,0,0,0,0,0,1,0,0,0,1,0,0,0,0,0,0,0,0,0,3.0
25000000.0,en,29.796394,99.0,Released,7.1,705,1986,1,1,1,0,1,0,0,0,0,1,0,0,0,0,0,0,0,0,0,0,0,10.0
18500000.0,fr,11.60921,104.0,Released,5.6,194,2012,3,0,0,0,1,0,0,0,0,0,0,0,0,0,0,1,0,0,0,0,0,1.0
25000000.0,en,51.915025,140.0,Released,7.7,1272,2011,1,1,0,0,0,0,0,1,0,0,0,0,0,0,0,0,0,0,0,0,0,5.0
28000000.0,en,8.314624,132.0,Released,6.7,97,1996,1,0,0,0,0,0,0,1,0,0,0,0,0,0,0,0,0,0,1,0,0,8.0
20000000.0,en,5.529035,254.0,Released,6.6,90,1993,2,0,0,0,0,0,0,1,0,0,0,1,0,0,0,0,0,0,0,1,0,2.0
25000000.0,en,4.002579,113.0,Released,6.1,82,2008,1,0,0,0,0,0,0,1,0,0,0,0,0,0,0,0,0,0,0,1,0,3.0
25000000.0,en,3.888776,99.0,Released,4.6,45,2002,1,0,0,0,0,0,0,1,0,0,0,0,0,0,1,0,0,0,1,0,0,2.0
25000000.0,en,7.296459,100.0,Released,6.2,111,1999,1,0,0,0,0,0,0,1,0,0,0,0,0,0,0,0,0,0,1,0,0,1.0
14000000.0,en,21.680424,92.0,Released,5.8,498,2012,3,0,0,0,0,0,0,0,0,0,0,0,1,0,0,0,0,0,1,0,0,1.0
25000000.0,en,7.946769,105.0,Released,5.3,25,1996,1,0,0,0,1,0,0,1,0,0,0,0,0,0,0,1,0,0,0,0,0,3.0
25000000.0,en,7.473455,110.0,Released,5.5,144,2011,1,0,0,0,0,0,0,1,0,0,0,0,0,0,0,0,0,0,1,0,0,5.0
25000000.0,en,5.073536,116.0,Released,6.4,60,2006,1,0,0,0,1,0,0,1,0,0,0,0,0,0,0,0,0,0,0,0,0,9.0
25000000.0,en,3.623002,92.0,Released,5.7,34,1991,1,1,0,0,0,1,0,0,0,0,0,0,0,0,0,0,0,0,1,0,0,2.0
32000000.0,en,41.075532,111.0,Released,6.8,1087,2009,1,0,1,0,0,0,0,1,0,0,0,0,0,0,0,0,0,0,0,0,0,3.0
25000000.0,en,4.020194,117.0,Released,5.0,22,1984,1,1,1,0,1,0,0,0,0,1,0,0,0,0,0,0,1,0,0,0,0,1.0
45000000.0,en,2.083856,95.0,Released,5.5,28,2005,2,1,0,0,1,0,0,0,0,0,0,0,0,0,0,0,0,0,0,0,0,1.0
25000000.0,en,2.909346,95.0,Released,4.8,47,2001,1,0,0,0,1,0,0,0,0,0,0,0,0,0,0,1,0,0,0,0,0,2.0
25000000.0,en,8.450513,127.0,Released,7.3,166,2005,1,0,0,0,0,0,0,1,0,0,0,0,0,0,0,0,0,0,0,0,0,7.0
25000000.0,en,8.186936,98.0,Released,5.5,138,1995,1,1,0,0,1,0,0,0,0,1,0,0,0,0,0,0,1,0,0,0,0,2.0
15000000.0,en,5.079017,95.0,Released,5.1,14,2005,1,0,0,0,1,1,0,0,0,0,0,0,0,0,0,0,0,0,0,0,0,1.0
25000000.0,en,17.603823,121.0,Released,6.4,387,2008,1,0,0,0,0,0,0,1,0,0,0,0,0,0,1,0,1,0,1,0,0,3.0
25000000.0,en,7.008216,95.0,Released,3.5,118,2005,1,1,1,0,0,0,0,0,0,1,0,0,1,0,0,0,0,0,0,0,0,5.0
25000000.0,en,20.011435,80.0,Released,7.0,738,2011,2,0,0,0,1,0,0,1,0,0,0,0,0,0,0,0,0,0,0,0,0,6.0
25000000.0,en,4.051221,107.0,Released,5.9,66,2005,1,0,0,0,0,0,0,1,0,0,0,0,0,0,1,0,0,0,1,0,0,6.0
70000000.0,en,5.987486,91.0,Released,6.1,58,2012,1,0,0,0,0,0,0,0,1,1,0,0,0,0,0,0,0,0,0,0,0,5.0
25000000.0,en,3.849873,117.0,Released,6.2,19,1998,1,0,0,0,0,0,0,1,0,0,0,0,0,0,0,0,0,0,0,0,0,1.0
25000000.0,en,3.593165,114.0,Released,6.6,49,2009,1,0,0,0,1,0,0,1,0,0,0,0,0,0,0,1,0,0,0,0,0,11.0
13500000.0,en,30.058263,124.0,Released,7.7,704,2013,2,0,0,0,0,1,0,1,0,0,0,0,0,0,1,1,0,0,0,0,0,1.0
25000000.0,en,17.339852,122.0,Released,6.0,326,2009,1,0,0,0,0,1,0,1,0,0,0,0,0,0,0,0,0,0,0,0,0,2.0
130000000.0,en,15.805449,88.0,Released,5.6,151,2010,1,0,0,1,0,0,0,0,1,0,0,0,0,0,0,0,0,0,0,0,0,2.0
25000000.0,fr,15.279021,154.0,Released,7.1,380,2010,3,0,0,0,1,0,0,1,0,0,0,0,0,0,0,0,0,0,0,0,0,2.0
15000000.0,en,5.000126,117.0,Released,6.0,21,2010,2,0,0,0,0,0,0,1,0,0,0,0,0,0,0,0,0,0,0,0,0,6.0
100000000.0,fr,1.684948,82.0,Released,3.8,7,2009,2,0,1,1,0,0,0,0,1,0,0,0,0,0,0,0,0,0,0,0,0,1.0
25000000.0,ru,5.753564,85.0,Released,6.3,10,2010,1,0,0,1,0,0,0,0,1,0,0,0,0,0,0,0,0,0,0,0,0,1.0
25000000.0,en,35.022029,117.0,Released,5.0,712,2013,3,0,0,0,0,1,0,1,0,0,0,0,0,0,0,0,0,0,1,0,0,16.0
25000000.0,en,12.31708,121.0,Released,6.2,227,2011,1,1,1,0,0,0,0,0,0,0,0,1,0,0,0,1,0,0,0,0,0,1.0
25000000.0,en,1.894749,128.0,Released,7.0,31,1970,1,1,0,0,0,0,0,1,0,0,0,1,0,0,0,0,0,0,0,0,0,1.0
25000000.0,cn,6.895866,100.0,Released,6.5,114,2014,1,1,0,0,0,1,0,0,0,0,0,0,0,0,0,0,0,0,1,0,0,2.0
25000000.0,en,3.344158,100.0,Released,4.1,26,2014,3,1,0,0,0,0,0,0,0,0,0,0,0,0,0,0,0,0,1,0,0,2.0
14000000.0,en,14.480628,119.0,Released,7.0,257,1988,3,0,0,0,0,0,0,1,0,0,0,0,0,0,0,1,0,0,0,0,0,10.0
25000000.0,en,14.613152,137.0,Released,5.5,301,2012,1,0,1,0,0,0,0,1,0,0,0,0,0,0,0,0,0,0,0,0,0,4.0
24000000.0,en,22.258428,119.0,Released,6.9,477,1986,3,0,1,0,0,0,0,0,0,0,0,0,0,0,0,0,1,0,0,0,0,3.0
24000000.0,en,30.445257,102.0,Released,6.5,835,2006,3,0,0,0,0,0,0,1,0,0,0,0,0,0,0,0,0,0,0,0,0,2.0
24000000.0,en,35.244037,120.0,Released,6.1,840,1997,3,0,0,0,0,0,0,0,0,0,0,0,1,0,1,0,0,0,0,0,0,11.0
25000000.0,en,15.333575,98.0,Released,5.4,285,2016,1,1,0,0,0,0,0,1,0,0,0,0,0,0,0,0,0,0,0,0,1,5.0
24000000.0,en,15.237142,105.0,Released,6.4,225,2014,3,0,0,0,1,0,0,0,0,0,0,0,0,0,0,1,0,0,0,0,0,7.0
41300000.0,en,23.441135,98.0,Released,6.2,531,2000,3,0,0,0,1,1,0,0,0,0,0,0,0,0,0,0,0,0,0,0,0,4.0
8200000.0,en,25.03414,107.0,Released,6.4,505,1984,3,0,0,0,0,0,0,1,1,0,0,0,0,1,0,1,0,0,0,0,0,1.0
24000000.0,en,24.70166,91.0,Released,6.6,541,2003,3,0,0,0,1,0,0,0,0,0,0,0,0,0,0,0,0,0,0,0,0,7.0
24000000.0,en,16.146572,137.0,Released,7.2,341,1991,3,0,0,0,1,0,0,1,0,0,0,0,0,0,0,0,0,0,0,0,0,7.0
65000000.0,en,20.793026,100.0,Released,5.1,374,1998,1,0,0,0,0,0,0,0,0,0,0,0,1,0,1,0,0,0,1,0,0,2.0
24000000.0,en,5.771479,115.0,Released,6.1,67,2000,2,0,0,0,1,0,0,1,0,0,0,0,0,0,0,1,0,0,0,0,0,1.0
24000000.0,en,27.326466,102.0,Released,6.1,721,2008,3,0,0,0,1,0,0,0,0,0,0,0,0,0,0,0,0,0,0,0,0,12.0
24000000.0,en,3.572339,108.0,Released,5.9,111,2000,2,0,0,0,1,1,0,0,0,0,0,0,0,0,0,0,0,0,1,0,0,3.0
24000000.0,en,20.69219,93.0,Released,5.9,742,2009,3,0,0,0,1,0,0,0,0,0,0,0,0,0,0,0,0,0,0,1,0,1.0
24000000.0,en,1.903405,88.0,Released,5.5,24,2001,2,1,1,0,1,0,0,1,0,0,0,0,0,0,0,1,0,0,0,0,0,2.0
40000000.0,en,10.713521,127.0,Released,7.6,721,1999,2,0,0,0,0,0,0,1,0,0,0,0,0,0,0,0,0,0,0,0,0,8.0
17000000.0,en,7.701041,95.0,Released,5.5,160,2004,1,0,0,0,1,0,0,0,0,0,0,0,0,0,0,1,0,0,0,0,0,6.0
24000000.0,en,6.589193,87.0,Released,5.8,92,1999,1,0,0,0,1,0,0,0,1,1,0,0,0,0,0,0,1,0,0,0,0,5.0
24000000.0,en,2.753313,134.0,Released,5.9,58,1978,1,0,1,0,0,0,0,0,1,1,0,0,0,1,0,0,0,0,0,0,0,6.0
24000000.0,en,3.113009,107.0,Released,4.7,49,2000,1,1,0,0,1,0,0,1,0,0,0,0,0,0,0,0,0,0,0,0,0,6.0
24000000.0,en,5.566203,124.0,Released,5.7,53,1999,1,0,0,0,1,0,0,1,0,0,0,0,0,0,0,0,0,0,0,0,0,4.0
24000000.0,en,8.630825,89.0,Released,5.0,141,2011,2,0,0,0,1,0,0,0,0,0,0,0,0,0,0,1,0,0,0,0,0,3.0
24000000.0,en,23.343839,88.0,Released,5.3,581,2010,3,0,0,0,1,0,0,0,0,0,0,0,1,0,0,0,0,0,0,0,0,4.0
23000000.0,en,6.138213,118.0,Released,6.5,55,2004,1,0,0,0,0,0,0,1,0,0,0,0,0,1,0,0,0,0,0,0,0,2.0
24000000.0,en,2.353441,93.0,Released,4.1,19,1998,1,0,0,1,1,0,0,0,1,0,0,0,0,0,0,0,0,0,0,0,0,2.0
28000000.0,en,2.439184,72.0,Released,6.8,26,1993,1,0,1,1,0,0,0,0,1,1,0,0,0,0,0,0,1,0,0,0,0,1.0
24000000.0,en,0.515677,120.0,Released,5.4,15,2004,1,0,0,0,0,0,0,1,0,0,0,0,0,0,0,1,0,0,0,0,0,1.0
24000000.0,en,26.324874,98.0,Released,6.1,568,2010,1,1,0,0,0,1,0,1,0,0,0,0,0,0,0,0,0,0,1,0,0,4.0
24000000.0,ja,49.549984,119.0,Released,8.2,1991,2004,3,0,1,1,0,0,0,0,0,1,0,0,0,0,0,0,0,0,0,0,0,4.0
23600000.0,en,57.300674,88.0,Released,7.2,3550,2009,3,0,0,0,1,0,0,0,0,0,0,0,1,0,0,0,0,0,0,0,0,3.0
23000000.0,en,23.839127,90.0,Released,5.9,512,1998,3,0,0,0,1,0,0,0,0,0,0,0,0,0,0,0,0,0,0,0,0,7.0
18000000.0,en,78.51783,124.0,Released,8.2,5879,1980,3,1,1,0,0,0,0,0,0,0,0,0,0,0,0,0,1,0,0,0,0,2.0
19000000.0,en,33.872182,118.0,Released,6.5,1699,1995,3,1,0,0,1,1,0,0,0,0,0,0,0,0,0,0,0,0,1,0,0,12.0
23000000.0,en,27.33256,85.0,Released,6.6,546,1991,3,0,0,0,1,1,0,0,0,0,0,0,0,0,0,0,0,0,0,0,0,6.0
23000000.0,en,38.799596,98.0,Released,6.4,1378,2000,3,0,0,0,0,0,0,0,0,0,0,0,1,0,0,0,0,0,0,0,0,4.0
12500000.0,en,20.317469,101.0,Released,6.5,910,2011,3,0,0,0,0,0,0,1,0,0,0,0,0,0,0,0,0,0,0,0,0,5.0
23000000.0,en,18.493202,108.0,Released,6.7,1789,2000,3,1,0,0,0,0,0,0,0,0,0,0,0,0,0,0,1,0,1,0,0,4.0
23000000.0,en,7.901891,97.0,Released,6.0,118,2001,3,0,0,0,1,0,0,0,0,0,0,0,0,0,0,1,0,0,0,0,0,2.0
23000000.0,en,53.682367,126.0,Released,7.9,4097,2013,3,0,0,0,0,0,0,1,0,0,0,0,0,0,0,1,1,0,0,0,0,4.0
23000000.0,en,11.183197,97.0,Released,6.3,325,2001,2,0,0,0,0,0,0,1,0,0,0,0,0,0,1,0,0,0,1,0,0,4.0
25000000.0,en,8.842722,99.0,Released,5.1,73,2013,1,0,1,0,0,0,0,0,1,1,0,0,0,0,0,0,0,0,0,0,0,1.0
23000000.0,en,8.976738,114.0,Released,5.9,66,1999,1,0,0,0,1,0,0,1,0,0,0,0,0,0,0,1,0,0,0,0,0,5.0
35000000.0,en,2.634119,88.0,Released,6.4,11,2000,1,1,0,0,1,0,0,0,0,0,0,0,0,0,0,0,0,0,0,0,0,1.0
23000000.0,en,26.257951,93.0,Released,5.6,505,2011,2,1,0,0,0,0,0,0,0,0,0,0,0,0,0,0,0,0,1,0,0,15.0
23000000.0,en,12.777008,89.0,Released,3.5,224,1987,3,0,1,0,0,0,0,0,0,0,0,0,0,0,0,0,0,0,1,0,0,1.0
23000000.0,en,6.130231,98.0,Released,6.6,124,1996,1,0,0,0,0,0,0,1,0,0,0,0,0,0,0,0,0,0,0,0,0,1.0
23000000.0,en,4.030724,94.0,Released,6.5,11,2008,1,0,0,0,0,0,0,1,1,0,0,0,0,0,0,0,0,0,0,0,0,1.0
23000000.0,en,6.921263,102.0,Released,6.6,55,1999,1,0,0,0,0,0,0,1,0,0,0,0,0,0,0,0,0,0,0,0,0,8.0
23000000.0,en,12.869436,98.0,Released,6.1,82,1991,1,1,0,0,0,0,0,0,0,0,0,0,0,0,0,0,0,0,1,0,0,4.0
23000000.0,en,15.676123,124.0,Released,6.6,261,2007,2,0,0,0,0,1,0,1,0,0,0,1,0,0,1,0,0,0,1,0,0,3.0
11750000.0,fr,8.426589,110.0,Released,6.6,246,2009,2,0,0,0,0,0,0,1,0,0,0,1,0,0,0,0,0,0,0,0,0,2.0
11000000.0,en,11.071522,90.0,Released,5.8,101,2015,3,0,0,0,0,0,0,1,0,0,0,0,0,0,0,0,0,0,0,0,1,1.0
23000000.0,en,5.494047,86.0,Released,5.9,56,2009,1,0,0,0,1,0,0,1,0,0,0,0,0,0,0,1,0,0,0,0,0,10.0
23000000.0,en,6.618149,141.0,Released,5.5,73,2004,1,0,0,0,0,0,0,1,0,0,0,0,0,0,0,1,0,0,0,0,0,5.0
23000000.0,cn,7.876883,139.0,Released,6.5,57,2009,1,1,0,0,0,0,0,1,0,0,0,1,0,0,0,0,0,0,0,0,0,2.0
25000000.0,en,35.169779,104.0,Released,6.5,1343,2007,3,0,0,0,0,0,0,0,0,0,0,0,1,0,0,0,0,0,1,0,0,4.0
22700000.0,en,39.890798,96.0,Released,6.7,902,1987,3,0,0,0,1,0,0,0,0,0,0,0,0,0,0,0,1,0,0,0,0,6.0
22500000.0,en,22.096286,112.0,Released,6.8,431,2014,1,0,0,0,0,0,0,1,0,0,0,0,0,0,0,0,0,0,0,1,0,1.0
22000000.0,en,41.967005,127.0,Released,6.9,1339,1990,3,0,0,0,0,0,0,1,0,1,0,0,0,0,1,1,0,0,1,0,0,4.0
23000000.0,en,57.110486,119.0,Released,6.5,1590,1998,3,0,0,0,1,0,0,0,0,0,0,0,0,0,0,1,0,0,0,0,0,11.5
22000000.0,en,16.234053,97.0,Released,6.3,489,1994,3,0,0,0,1,0,0,1,1,1,0,0,0,0,0,0,0,0,0,0,0,3.0
20000000.0,en,11.263361,127.0,Released,6.5,110,2002,3,0,0,0,0,0,0,1,1,0,0,0,0,0,0,0,0,0,0,0,0,4.0
22000000.0,en,20.699212,110.0,Released,6.0,428,2007,3,0,0,0,1,0,0,0,1,0,0,0,0,0,0,0,0,0,0,0,0,6.0
24000000.0,en,17.606087,135.0,Released,7.3,385,1995,3,0,0,0,0,0,0,1,0,0,0,0,0,0,0,1,0,0,0,0,0,20.0
22000000.0,en,13.786075,84.0,Released,4.6,304,2001,3,1,0,0,1,0,0,0,0,0,0,0,0,0,0,0,0,0,0,0,0,4.0
22000000.0,en,35.227212,191.0,Released,7.4,716,1982,3,0,0,0,0,0,0,1,0,0,0,1,0,0,0,0,0,0,0,0,0,4.0
22000000.0,en,27.898438,122.0,Released,7.3,508,2014,3,0,0,0,0,0,0,1,0,0,0,0,0,0,0,0,0,0,0,0,0,9.0
22000000.0,en,23.218144,114.0,Released,5.6,354,1995,3,1,0,0,0,1,0,1,0,0,0,0,0,0,1,0,0,0,1,0,0,4.0
22000000.0,en,26.071644,132.0,Released,7.2,530,2001,3,0,0,0,0,0,0,1,0,0,0,0,0,0,0,0,0,0,0,0,0,2.0
22000000.0,en,9.175762,138.0,Released,5.9,83,2014,3,0,0,0,0,0,0,1,0,0,0,0,0,0,0,0,0,0,0,0,0,1.0
22000000.0,en,81.829237,121.0,Released,6.6,2512,2003,3,1,0,0,0,0,0,0,0,1,0,0,0,0,0,0,0,0,1,0,0,3.0
22000000.0,en,17.7091,108.0,Released,6.1,319,2005,3,0,0,0,0,0,0,1,0,0,0,0,0,0,0,0,0,0,1,0,0,4.0
22000000.0,en,17.772518,108.0,Released,6.0,301,2009,3,0,0,0,1,1,0,1,0,0,0,0,0,0,0,0,0,0,0,0,0,15.0
22000000.0,en,5.609755,131.0,Released,6.8,61,1993,2,0,0,0,0,0,0,1,0,0,0,0,0,0,0,1,0,0,0,0,0,4.0
22000000.0,en,10.259461,83.0,Released,4.7,225,2005,2,0,0,0,1,0,0,0,0,0,0,0,0,0,0,0,0,0,0,0,0,1.0
26000000.0,en,30.114383,105.0,Released,6.2,551,2013,3,0,0,0,1,0,0,0,0,0,0,0,0,0,0,0,0,0,0,0,0,2.0
4000000.0,en,10.547959,108.0,Released,6.0,160,2016,3,0,0,0,0,0,0,0,0,0,0,0,0,0,0,0,0,0,1,0,0,2.0
22000000.0,en,12.887673,90.0,Released,5.4,154,2001,1,0,0,0,1,1,0,0,0,0,0,0,0,0,0,1,0,0,0,0,0,9.0
22000000.0,en,13.410919,94.0,Released,6.0,223,2012,3,0,0,0,1,0,0,0,1,0,0,0,0,0,0,0,0,0,0,0,0,4.0
22000000.0,en,3.70789,142.0,Released,6.3,112,1999,1,0,0,0,0,1,0,1,0,0,0,0,0,0,0,1,0,0,1,0,0,16.0
22000000.0,en,21.865021,104.0,Released,6.4,480,2001,2,0,0,0,1,0,0,0,0,0,0,0,0,0,0,0,0,0,0,0,0,12.0
30000000.0,en,9.448517,106.0,Released,5.4,201,2001,1,0,0,0,0,0,0,1,0,0,0,0,0,0,0,0,0,0,1,0,0,1.0
22000000.0,en,39.006187,106.0,Released,5.7,1309,2016,3,0,0,0,1,0,0,1,0,0,0,0,0,0,1,0,0,0,0,0,0,10.0
22000000.0,en,6.404571,98.0,Released,5.3,72,2001,1,0,0,0,1,0,0,0,0,0,0,0,0,1,0,0,0,0,0,0,0,2.0
22000000.0,en,35.737655,100.0,Released,6.4,875,2013,3,1,0,0,0,0,0,0,0,0,0,0,0,0,0,0,0,0,1,0,0,6.0
22000000.0,en,4.365196,95.0,Released,6.1,77,2000,1,0,0,0,0,0,0,0,1,0,0,0,1,0,0,0,0,0,0,0,0,2.0
22000000.0,en,14.925633,106.0,Released,6.2,239,2004,1,0,0,0,1,0,0,0,0,0,0,0,0,0,0,1,0,0,0,0,0,8.0
22000000.0,en,14.725467,104.0,Released,4.2,305,1993,1,1,1,0,0,1,0,0,0,0,0,0,0,0,0,0,1,0,1,0,0,1.0
22000000.0,en,0.809588,104.0,Released,3.6,8,2001,1,1,0,0,0,0,0,0,0,0,0,0,0,0,0,0,1,0,1,0,0,2.0
25000000.0,en,0.816883,107.0,Released,4.9,8,1970,1,0,0,0,1,0,0,1,0,0,0,0,0,1,0,1,0,0,1,0,0,2.0
70000000.0,en,8.792054,77.0,Released,3.8,48,1999,1,0,0,0,1,0,0,0,1,0,0,0,0,0,0,1,0,0,0,0,0,4.0
25000000.0,en,25.002715,96.0,Released,5.2,559,2015,3,1,0,0,0,1,0,0,0,0,0,0,0,0,0,0,0,0,1,0,0,2.0
11000000.0,en,7.588597,114.0,Released,5.9,128,2004,1,0,0,0,0,0,0,1,0,0,0,0,0,0,0,1,0,0,0,0,0,1.0
21000000.0,nl,13.906611,145.0,Released,7.2,277,2006,2,0,0,0,0,0,0,1,0,0,0,0,0,0,0,0,0,0,1,1,0,5.0
22000000.0,fr,13.960945,116.0,Released,7.2,212,2005,1,0,0,0,0,0,0,1,0,0,0,1,0,1,0,1,0,0,0,1,0,1.0
2000000.0,en,16.668854,100.0,Released,5.5,224,2012,3,1,0,0,1,0,0,0,0,0,0,0,0,0,0,1,0,0,0,0,0,1.0
36500000.0,en,6.847133,104.0,Released,5.9,140,2008,3,1,0,0,1,1,0,0,0,0,0,0,0,0,0,0,0,0,0,0,0,2.0
22000000.0,en,48.784734,92.0,Released,6.2,659,2014,1,0,0,0,0,0,0,0,0,0,0,0,0,0,1,0,0,0,1,0,0,2.0
22000000.0,en,9.088209,121.0,Released,7.4,98,1977,1,1,1,0,0,0,0,0,0,0,0,0,0,0,0,0,0,0,1,0,0,6.0
22000000.0,en,12.445176,105.0,Released,5.2,192,2010,1,0,0,0,0,0,0,1,0,0,0,0,0,0,0,0,0,0,0,0,0,2.0
10000000.0,fr,4.61335,115.0,Released,6.7,45,2007,3,0,0,0,1,0,0,1,0,0,0,0,0,0,0,1,0,0,0,0,0,2.0
22000000.0,en,29.230298,116.0,Released,6.5,720,2013,1,0,0,0,0,1,0,1,0,0,0,0,0,0,0,0,0,0,1,0,0,3.0
25000000.0,en,18.961323,119.0,Released,6.5,501,2007,3,0,0,0,0,1,0,1,0,0,0,0,0,0,1,0,0,0,0,0,0,3.0
21500000.0,en,2.809378,101.0,Released,6.3,46,1996,2,0,0,0,1,0,0,1,0,0,0,0,0,0,0,0,0,0,0,0,0,7.0
21500000.0,en,12.819447,117.0,Released,7.0,239,1999,3,0,0,0,0,0,0,1,0,0,0,0,0,0,1,0,0,0,1,0,0,3.0
22000000.0,es,14.866351,106.0,Released,6.0,122,2013,2,0,1,1,0,0,0,0,0,0,0,0,0,0,0,1,0,0,0,0,0,2.0
17000000.0,en,15.013386,111.0,Released,5.6,546,2012,3,0,0,0,1,0,0,0,0,0,0,0,0,0,0,1,0,0,0,0,0,22.0
18000000.0,en,8.700565,136.0,Released,5.5,139,1982,3,1,1,0,0,0,0,0,0,0,0,0,0,0,0,0,1,0,1,0,0,20.0
21000000.0,en,27.197799,81.0,Released,7.1,893,1999,3,0,0,1,1,0,0,0,0,0,0,0,0,1,0,0,0,0,0,0,0,3.0
9000000.0,en,20.410354,90.0,Released,6.9,497,2007,1,0,0,0,1,0,0,1,0,0,0,0,0,0,0,0,0,0,0,0,0,7.0
21000000.0,en,10.207065,96.0,Released,5.1,184,1993,3,1,1,0,1,0,0,0,1,1,0,0,0,0,0,0,1,0,0,0,0,2.0
32000000.0,en,5.683281,106.0,Released,6.3,123,2001,2,0,0,0,1,0,0,0,0,0,0,0,0,0,0,1,0,0,0,0,0,6.0
21000000.0,en,63.599973,122.0,Released,6.9,4742,2012,3,0,0,0,1,0,0,1,0,0,0,0,0,0,0,1,0,0,0,0,0,8.0
21000000.0,en,17.746981,123.0,Released,7.5,356,2007,3,0,0,0,0,1,0,1,0,0,0,0,0,0,0,0,0,0,0,0,0,6.0
21000000.0,en,1.934524,134.0,Released,7.0,22,2010,3,0,0,0,0,0,0,1,0,0,0,0,0,0,0,0,0,0,0,0,0,9.0
21000000.0,en,34.433521,92.0,Released,6.6,1692,2002,3,1,0,0,0,1,0,0,0,0,0,0,0,0,0,0,0,0,1,0,0,4.0
20000000.0,en,26.21425,115.0,Released,6.4,497,2008,3,1,0,0,0,0,0,1,0,0,0,0,0,0,0,0,0,0,0,0,0,3.0
21000000.0,en,4.781538,104.0,Released,5.1,76,1999,1,0,0,0,0,0,0,0,0,0,0,0,1,0,0,0,1,0,1,0,0,1.0
17000000.0,en,10.13559,98.0,Released,6.7,189,2009,1,0,0,0,1,0,0,1,0,0,0,0,0,0,0,1,0,0,0,0,0,7.0
21000000.0,en,5.815881,120.0,Released,5.8,65,2008,1,0,0,0,1,0,0,1,0,0,0,0,0,0,0,0,0,0,0,0,0,1.0
21000000.0,en,8.982335,117.0,Released,6.5,52,2002,1,0,0,0,0,0,0,1,0,0,0,0,0,0,0,1,0,0,0,0,0,4.0
30000000.0,en,33.649652,127.0,Released,6.6,840,2011,3,0,0,0,0,0,0,1,0,0,0,0,0,0,1,0,0,0,1,0,0,1.0
21000000.0,en,2.636193,102.0,Released,5.5,14,1999,1,0,0,0,1,0,0,1,0,0,0,0,0,0,0,1,0,0,0,0,0,1.0
21000000.0,en,13.847872,91.0,Released,6.3,276,2011,1,0,0,0,0,0,0,1,0,0,0,0,0,0,0,0,0,0,0,0,0,3.0
35000000.0,en,4.189378,114.0,Released,5.9,41,1982,3,0,0,0,1,0,0,0,0,0,0,0,0,0,0,0,0,0,0,0,0,1.0
15000000.0,en,21.928025,97.0,Released,6.7,475,1999,1,1,0,0,0,0,0,0,0,0,0,0,1,0,0,0,1,0,1,0,0,7.0
18000000.0,en,68.159596,115.0,Released,7.7,3854,1981,3,1,1,0,0,0,0,0,0,0,0,0,0,0,0,0,0,0,0,0,0,27.0
18000000.0,en,81.487685,120.0,Released,6.3,2395,1992,3,0,1,0,1,1,0,0,1,0,0,0,0,0,0,0,0,0,0,0,0,11.0
20000000.0,en,52.456505,135.0,Released,7.2,1098,1977,3,0,0,0,0,0,0,1,0,0,0,0,0,0,0,0,1,0,0,0,0,27.0
38000000.0,en,9.662715,90.0,Released,5.0,150,2006,1,0,0,0,0,0,0,0,0,0,0,0,1,0,0,0,0,0,1,0,0,1.0
20000000.0,en,25.28436,100.0,Released,6.1,613,1987,3,1,0,0,1,1,0,0,0,0,0,0,0,0,0,0,0,0,0,0,0,12.0
20000000.0,en,8.351385,105.0,Released,5.4,183,2003,3,0,0,0,1,0,0,0,0,0,0,0,0,0,0,0,0,0,0,0,0,8.0
19000000.0,en,18.174804,119.0,Released,8.1,4443,1991,3,0,0,0,0,1,0,1,0,0,0,0,0,0,0,0,0,0,1,0,0,5.0
20000000.0,en,21.815122,94.0,Released,6.5,728,1992,3,0,0,0,1,0,0,0,0,0,0,0,0,1,0,0,0,0,0,0,0,1.0
20000000.0,en,20.99174,94.0,Released,6.4,428,2010,3,1,0,0,1,0,1,0,0,0,0,0,0,0,0,0,0,0,0,0,0,4.0
20000000.0,en,19.636044,116.0,Released,5.9,406,1978,3,0,0,0,0,0,0,0,0,0,0,0,1,0,0,0,0,0,1,0,0,2.0
20000000.0,en,12.25264,91.0,Released,4.9,209,2008,3,0,1,0,1,0,0,0,1,0,0,0,0,0,0,0,0,0,0,0,0,6.0
13000000.0,en,49.975409,112.0,Released,7.4,3092,2013,3,0,0,0,0,0,0,0,0,0,0,0,1,0,0,0,0,0,1,0,0,7.0
32000000.0,en,13.590677,95.0,Released,5.2,221,2005,3,0,1,0,1,0,0,0,1,0,0,0,0,0,0,1,0,0,0,0,0,6.0
20000000.0,en,21.657563,97.0,Released,5.0,500,2014,3,0,0,0,1,0,0,0,0,0,0,0,0,0,0,0,0,0,0,0,0,2.0
35000000.0,en,43.057323,108.0,Released,6.7,1414,2003,3,0,0,0,1,0,0,0,0,0,0,0,0,1,0,0,0,0,0,0,0,11.0
18000000.0,en,16.470895,101.0,Released,5.4,442,1995,3,1,0,0,0,0,0,0,0,1,0,0,0,0,0,0,0,0,0,0,0,10.0
37000000.0,en,28.703007,109.0,Released,6.3,679,2004,3,0,0,0,1,0,0,0,0,0,0,0,0,0,0,0,0,0,0,0,0,4.0
20000000.0,en,40.903931,115.0,Released,6.7,934,2011,3,0,0,0,1,0,0,1,0,0,0,0,0,0,0,0,0,0,0,0,0,6.0
20000000.0,en,22.001408,117.0,Released,6.7,383,2003,3,0,1,0,1,0,0,1,1,0,0,0,0,0,0,0,0,0,0,0,0,4.0
20000000.0,en,23.139971,107.0,Released,6.9,923,2010,3,0,0,0,0,0,0,1,1,0,0,0,0,0,0,1,0,0,0,0,0,2.0
20000000.0,en,95.9229,134.0,Released,7.9,3674,2013,3,0,0,0,0,0,0,1,0,0,0,1,0,0,0,0,0,0,0,0,0,2.0
20000000.0,en,4.748929,118.0,Released,6.2,116,2002,3,0,0,0,1,0,0,1,0,0,0,0,0,1,0,1,0,0,0,0,0,2.0
20000000.0,en,2.986286,121.0,Released,6.1,29,2010,3,0,0,0,1,0,0,0,0,0,0,0,0,0,0,1,0,0,0,0,0,9.0
20000000.0,en,47.51363,105.0,Released,7.5,3601,1990,3,0,0,0,0,0,0,1,0,1,0,0,0,0,0,1,0,0,0,0,0,14.0
20000000.0,en,53.161905,110.0,Released,7.6,2562,2016,3,0,0,0,0,0,0,1,0,0,0,0,0,0,0,1,0,0,0,0,0,1.0
20000000.0,en,7.050951,114.0,Released,5.9,52,2012,3,0,0,0,1,1,0,1,0,0,0,0,0,0,0,0,0,0,0,0,0,9.0
1800000.0,en,15.978136,104.0,Released,7.4,422,1971,3,1,0,0,0,1,0,0,0,0,0,0,0,0,0,0,0,0,1,0,0,6.0
20000000.0,en,42.512296,100.0,Released,6.3,1252,2016,3,0,0,0,1,0,0,0,0,0,0,0,0,0,0,0,0,0,0,0,0,2.0
20000000.0,en,10.098722,83.0,Released,3.6,222,2006,3,0,0,0,1,0,0,0,0,0,0,0,0,0,0,0,0,0,0,0,0,5.0
20000000.0,en,15.341196,72.0,Released,6.1,290,2002,3,0,1,1,0,0,0,0,1,1,0,0,0,0,0,0,0,0,0,0,0,1.0
20000000.0,en,29.023184,127.0,Released,7.4,817,2014,3,0,0,0,0,0,0,1,0,0,0,1,0,0,0,0,0,0,0,0,0,2.0
20000000.0,en,19.819893,72.0,Released,5.6,269,2003,3,0,1,1,0,0,0,0,1,0,0,0,0,0,0,0,0,0,0,0,0,1.0
20000000.0,en,11.62423,89.0,Released,4.6,191,2005,3,0,0,0,0,0,0,1,0,0,0,0,1,0,1,0,0,0,1,0,0,3.0
20000000.0,en,22.049787,96.0,Released,5.8,381,2007,3,0,0,0,0,0,0,1,0,0,0,0,0,0,1,0,0,0,1,0,0,1.0
30000000.0,en,9.829859,77.0,Released,6.3,143,2000,2,0,0,1,0,0,0,0,1,0,0,0,0,0,0,0,0,0,0,0,0,1.0
20000000.0,en,29.295801,123.0,Released,6.7,1261,2009,3,0,0,0,0,0,0,0,0,0,0,0,1,0,1,0,0,0,1,0,0,6.0
20000000.0,en,14.136476,111.0,Released,6.8,276,2015,3,0,1,0,0,0,0,1,1,0,0,0,0,0,0,0,0,0,0,0,0,3.0
20000000.0,en,6.064638,86.0,Released,3.2,326,2007,3,1,1,0,1,0,0,0,0,0,0,0,0,0,0,0,0,0,0,0,0,5.0
20000000.0,en,41.503588,128.0,Released,7.8,2686,2015,3,0,0,0,0,0,0,1,0,0,0,1,0,0,0,0,0,0,1,0,0,2.0
20000000.0,en,20.495749,110.0,Released,5.9,292,2008,2,0,0,0,0,1,0,1,0,0,0,0,0,0,0,0,0,0,1,0,0,3.0
20000000.0,en,13.906944,102.0,Released,5.2,283,2006,3,0,0,0,0,0,0,0,0,0,0,0,1,0,0,0,0,0,1,0,0,2.0
20000000.0,en,2.003047,124.0,Released,6.0,24,1998,3,0,0,0,1,0,0,1,0,0,0,0,0,0,0,1,0,0,0,0,0,3.0
20000000.0,en,11.349664,98.0,Released,5.9,308,1991,3,0,1,0,1,0,0,0,1,1,0,0,0,0,0,0,1,0,0,0,0,4.0
20000000.0,en,11.203335,115.0,Released,5.8,129,2006,3,0,0,0,1,0,0,1,0,0,0,0,0,0,0,1,0,0,1,0,0,13.0
20000000.0,en,8.265317,98.0,Released,6.1,131,1979,3,1,1,0,0,0,0,0,1,0,0,0,0,0,0,0,1,0,0,0,0,1.0
20000000.0,en,18.632156,104.0,Released,5.8,481,2010,3,0,0,0,0,1,0,1,0,0,0,0,0,0,0,0,0,0,1,0,0,3.0
20000000.0,en,6.92592,127.0,Released,7.0,114,1997,3,0,0,0,0,0,0,1,0,0,0,0,0,0,0,0,0,0,0,0,0,1.0
20000000.0,en,17.165039,82.0,Released,4.2,315,2010,3,0,0,0,1,0,0,0,0,0,0,0,1,0,0,0,0,0,0,0,0,5.0
25000000.0,en,25.785925,143.0,Released,6.9,1055,2006,3,0,0,0,0,0,0,1,0,0,0,0,0,0,0,0,0,0,0,0,0,6.0
19800000.0,en,20.311684,103.0,Released,6.5,505,2014,3,0,0,0,1,0,0,1,0,0,0,0,0,0,0,0,0,0,0,0,0,11.0
20000000.0,en,20.975165,104.0,Released,7.0,435,2008,3,0,0,0,0,0,0,1,0,0,0,0,0,0,1,0,0,0,0,0,0,1.0
32000000.0,en,26.509175,98.0,Released,6.6,660,2004,2,1,1,1,1,0,0,0,0,0,0,0,0,1,0,0,0,0,0,0,0,3.0
20000000.0,en,26.497025,92.0,Released,5.3,465,2013,3,0,0,0,0,0,0,0,0,0,0,0,1,0,0,0,0,0,1,0,0,2.0
20000000.0,en,14.211699,124.0,Released,6.4,194,1995,3,0,0,0,0,0,0,1,0,0,0,0,0,0,0,0,0,0,1,0,0,4.0
20000000.0,en,36.819044,86.0,Released,4.6,793,2013,3,0,0,0,1,0,0,0,0,0,0,0,0,0,0,0,0,0,0,0,0,7.0
20000000.0,en,7.902536,158.0,Released,6.2,63,1969,2,1,0,0,1,0,0,1,0,0,0,0,0,1,0,0,0,0,0,0,1,1.0
20000000.0,en,30.909699,128.0,Released,7.1,612,2008,3,0,0,0,0,0,0,1,0,0,0,1,0,0,0,0,0,0,0,0,0,8.0
20000000.0,en,16.663797,107.0,Released,5.7,295,2016,3,1,0,0,0,0,0,0,0,0,0,0,0,0,0,0,0,0,0,0,0,5.0
35000000.0,en,27.724913,91.0,Released,5.3,531,2002,3,0,0,0,0,0,0,0,0,0,0,0,1,0,1,0,0,0,1,0,0,2.0
19000000.0,en,17.971883,108.0,Released,6.0,328,2011,3,0,0,0,1,0,0,0,0,0,0,0,0,0,0,0,0,0,0,0,0,1.0
20000000.0,en,25.041992,108.0,Released,6.3,444,1998,3,0,0,0,0,1,0,1,0,0,0,0,0,0,1,0,0,0,0,0,0,1.0
20000000.0,en,7.924428,101.0,Released,5.4,167,2009,2,0,0,0,0,0,0,0,0,0,0,0,1,0,1,0,0,0,1,0,0,2.0
20000000.0,en,14.857884,113.0,Released,6.3,257,2010,3,0,0,0,0,0,0,1,0,0,0,0,0,0,0,0,0,0,1,0,0,5.0
30000000.0,en,23.982956,113.0,Released,7.0,628,2000,2,0,0,0,1,0,0,1,0,0,0,0,0,1,0,1,0,0,0,0,0,10.0
20000000.0,en,12.458131,87.0,Released,4.7,171,2008,3,0,0,0,0,0,0,0,0,0,0,0,1,0,1,0,0,0,1,0,0,2.0
20000000.0,en,3.996392,101.0,Released,5.8,63,1996,2,0,0,0,0,0,0,1,0,0,0,0,0,0,0,0,0,0,1,0,0,3.0
20000000.0,en,30.387754,112.0,Released,6.6,697,2008,3,0,0,0,0,1,0,1,0,0,0,0,0,0,0,0,0,0,1,0,0,7.0
20000000.0,en,56.481487,108.0,Released,7.9,3652,2004,3,0,0,0,0,0,0,1,0,0,0,0,0,0,0,1,1,0,0,0,0,4.0
20000000.0,en,19.962713,105.0,Released,6.0,368,2010,3,0,0,0,1,0,0,0,0,0,0,0,0,0,0,1,0,0,0,0,0,6.0
20000000.0,en,18.666876,109.0,Released,6.3,363,2008,3,1,0,0,0,1,0,1,0,0,0,0,0,0,0,0,0,0,1,0,0,6.0
20000000.0,en,55.964605,109.0,Released,6.7,1778,2013,3,1,0,0,1,0,0,0,0,0,0,0,0,0,0,0,1,0,0,0,0,5.0
20000000.0,en,5.0348,99.0,Released,5.8,143,2007,2,1,1,0,0,1,0,0,1,0,0,0,0,0,1,0,0,0,1,0,0,4.0
20000000.0,en,28.019226,98.0,Released,6.0,634,2009,3,1,0,0,0,0,0,0,0,1,0,0,1,0,0,0,1,0,1,0,0,1.0
20000000.0,en,16.176976,104.0,Released,5.9,525,2010,3,0,0,0,1,0,0,0,0,0,0,0,0,0,0,1,0,0,0,0,0,1.0
20000000.0,en,17.237143,109.0,Released,6.0,593,2011,1,0,1,0,1,0,0,0,0,0,0,0,0,0,0,1,0,0,0,0,0,2.0
9000000.0,en,4.34503,100.0,Released,5.3,155,2006,3,0,0,0,0,0,0,0,0,0,0,0,1,0,0,0,0,0,1,0,0,3.0
14000000.0,en,11.360997,119.0,Released,6.5,119,1990,2,1,1,0,0,0,0,1,0,0,0,0,0,0,0,1,0,0,0,0,1,4.0
20000000.0,en,12.300789,88.0,Released,5.3,124,2010,3,0,0,1,0,0,0,0,1,0,0,0,0,0,0,0,0,0,0,0,0,1.0
20000000.0,en,15.804814,97.0,Released,5.2,288,2006,3,1,1,0,0,0,0,0,0,1,0,0,1,0,0,0,1,0,1,0,0,15.0
20000000.0,en,9.750557,105.0,Released,6.3,148,2006,3,0,0,0,1,0,0,1,0,0,0,0,0,0,0,0,0,0,0,0,0,1.0
40000000.0,en,4.100942,89.0,Released,5.1,44,2009,1,0,0,0,1,0,0,0,1,0,0,0,0,0,0,0,0,0,0,0,0,17.0
20000000.0,en,12.309715,106.0,Released,6.7,175,1995,2,0,0,0,1,0,0,1,0,1,0,0,0,0,0,0,0,0,1,0,0,8.0
20000000.0,en,62.933899,96.0,Released,7.1,2181,2016,3,0,1,0,0,1,0,0,0,0,0,0,0,0,1,0,0,0,0,0,0,3.0
20000000.0,en,16.074397,115.0,Released,6.3,299,2008,2,0,0,0,0,1,0,1,0,0,0,0,0,0,0,0,0,0,0,0,1,2.0
20000000.0,en,17.016284,108.0,Released,5.8,255,1998,2,1,0,0,0,0,0,1,0,1,0,0,1,0,0,0,0,0,1,0,0,10.0
806948.0,en,93.067866,109.0,Released,8.2,2320,1960,3,0,0,0,0,0,0,1,0,0,0,0,1,0,0,0,0,0,1,0,0,8.0
20000000.0,en,17.145287,101.0,Released,5.4,220,2008,3,0,0,0,1,0,0,0,0,0,0,0,0,0,0,1,0,0,0,0,0,3.0
20000000.0,en,27.256849,103.0,Released,6.7,542,2014,3,0,0,0,0,0,0,1,0,0,0,0,0,0,0,1,0,0,0,0,0,3.0
20000000.0,en,7.878177,113.0,Released,5.6,130,2007,2,0,0,0,1,0,0,1,0,0,0,0,0,0,0,1,0,0,0,0,0,8.0
20000000.0,en,0.173964,98.0,Released,4.9,7,1981,1,0,0,0,1,0,0,0,0,0,0,0,0,0,0,0,0,0,0,0,0,2.0
20000000.0,en,14.370111,121.0,Released,6.8,260,1985,1,0,1,0,0,0,0,1,0,1,0,0,0,0,0,1,0,0,0,0,0,11.0
20000000.0,en,11.090254,114.0,Released,6.5,52,1998,1,0,0,0,1,0,0,1,1,0,0,0,0,0,0,0,0,0,0,0,0,2.0
20000000.0,en,20.82778,124.0,Released,7.1,334,2007,2,0,0,0,0,0,0,1,0,0,0,0,0,0,0,0,0,0,0,0,0,3.0
15000000.0,en,43.644978,148.0,Released,7.8,3045,2007,3,0,1,0,0,0,0,1,0,0,0,0,0,0,0,0,0,0,0,0,0,2.0
20000000.0,en,8.244324,100.0,Released,5.6,111,2006,1,0,0,0,1,0,0,1,0,0,0,0,0,0,0,1,0,0,0,0,0,7.0
20000000.0,en,23.292761,94.0,Released,5.0,432,2012,3,0,0,0,0,0,0,0,0,0,0,0,1,0,1,0,0,0,1,0,0,1.0
19000000.0,en,64.181668,108.0,Released,6.9,1603,1996,2,1,0,0,0,1,0,0,0,0,0,0,1,0,0,0,0,0,1,0,0,17.0
20000000.0,en,9.03154,68.0,Released,6.4,88,2005,3,0,0,1,0,0,0,0,1,0,0,0,0,0,0,0,0,0,0,0,0,1.0
20000000.0,en,4.031585,103.0,Released,6.3,39,1995,1,0,0,0,1,0,0,1,0,0,0,0,0,0,0,1,0,0,0,0,0,3.0
20000000.0,cn,13.658985,99.0,Released,7.2,831,2004,3,1,0,0,1,1,0,0,0,1,0,0,0,0,0,0,0,0,0,0,0,3.0
35000000.0,en,6.908351,88.0,Released,4.3,20,2002,1,0,1,0,1,0,0,0,1,0,0,0,0,0,0,0,0,0,0,0,0,1.0
20000000.0,en,10.446722,128.0,Released,7.3,394,2007,3,0,0,0,0,0,0,1,0,0,0,0,0,0,0,0,0,0,0,0,0,8.0
20000000.0,en,32.243357,124.0,Released,7.2,918,2003,3,0,0,0,0,1,0,1,0,0,0,0,0,0,0,0,0,0,1,0,0,6.0
20000000.0,en,9.149089,84.0,Released,5.8,52,2004,1,1,0,0,0,0,0,1,0,0,0,0,0,0,0,0,0,0,1,0,0,1.0
20000000.0,en,5.596835,101.0,Released,5.3,83,2003,1,0,0,0,1,0,0,0,0,0,0,0,0,0,0,1,0,0,0,0,0,2.0
22000000.0,en,5.214408,98.0,Released,5.0,120,2000,1,0,0,0,1,0,0,1,1,0,0,0,0,0,0,1,0,0,0,0,0,4.0
20000000.0,en,10.50098,120.0,Released,7.0,167,2009,1,0,0,0,0,0,1,0,0,0,0,0,0,0,0,0,0,0,0,0,0,6.0
20000000.0,en,3.011205,199.0,Released,6.5,41,1965,1,0,0,0,0,0,0,1,0,0,0,1,0,0,0,0,0,0,0,0,0,1.0
19500000.0,en,15.012237,111.0,Released,6.2,336,2015,3,0,0,0,0,1,0,1,0,0,0,0,0,0,1,0,0,0,0,0,0,2.0
25000000.0,en,16.238961,87.0,Released,3.0,240,2008,1,1,0,0,1,0,0,0,0,0,0,0,0,0,0,0,0,0,0,0,0,5.0
20000000.0,en,15.21229,88.0,Released,5.5,208,2009,2,1,0,0,0,1,0,1,0,0,0,0,0,0,0,0,0,0,1,0,0,3.0
20000000.0,en,6.397042,97.0,Released,6.5,125,1997,1,1,0,0,1,1,0,0,0,0,0,0,0,0,0,0,0,0,1,0,0,4.0
20000000.0,en,19.220789,106.0,Released,6.2,671,2011,2,0,0,0,1,0,0,0,0,0,0,0,0,0,0,1,0,0,0,0,0,1.0
20000000.0,en,35.232278,95.0,Released,5.8,715,2012,3,1,0,0,0,0,0,0,0,0,0,0,0,0,0,0,1,0,1,0,0,1.0
40000000.0,en,9.842771,99.0,Released,4.8,139,2004,1,0,0,0,1,0,0,0,0,0,0,0,0,0,0,0,0,0,0,0,0,13.0
20000000.0,en,35.542809,96.0,Released,5.9,861,2009,3,1,0,0,0,1,0,0,0,0,0,0,0,0,0,0,0,0,1,0,0,4.5
20000000.0,en,7.829295,98.0,Released,7.0,130,1994,3,1,0,0,1,0,0,0,0,0,0,0,0,0,0,0,0,0,1,0,0,22.0
20000000.0,en,3.476925,123.0,Released,6.1,12,2006,1,0,0,0,0,0,0,1,0,0,0,0,0,0,0,0,0,0,0,0,0,2.0
30000000.0,en,5.133744,101.0,Released,6.4,81,2002,1,1,0,0,0,0,0,1,0,0,0,0,0,0,0,1,0,0,1,0,0,9.0
20000000.0,en,14.031377,101.0,Released,6.0,289,2005,1,0,0,0,1,0,0,1,0,0,0,0,0,0,0,0,0,0,0,0,0,7.0
20000000.0,en,17.227376,96.0,Released,6.1,139,2002,1,1,1,0,0,0,0,1,0,0,0,0,0,0,0,0,0,0,1,0,0,4.0
20000000.0,en,17.98817,102.0,Released,6.4,286,2008,2,0,0,0,1,0,0,0,0,1,0,0,0,0,0,1,0,0,0,0,0,5.0
20000000.0,en,15.66135,108.0,Released,5.7,220,2009,1,1,1,0,0,0,0,1,0,0,0,0,0,0,0,0,0,0,1,0,0,15.0
20000000.0,en,19.705311,116.0,Released,6.7,641,2010,2,0,0,0,0,0,0,1,0,0,0,0,1,0,1,0,0,0,0,0,0,4.0
20000000.0,en,2.645722,93.0,Released,4.5,48,1994,1,1,1,0,1,0,0,0,1,0,0,0,0,0,0,0,0,0,0,0,0,1.0
20000000.0,en,17.662683,102.0,Released,6.2,424,2008,2,0,0,0,1,0,0,1,0,0,0,0,0,0,0,0,0,0,0,0,0,4.0
20000000.0,en,2.894154,103.0,Released,6.4,62,2005,2,0,0,0,1,0,0,1,0,0,0,0,0,0,0,0,0,0,0,0,0,10.0
20000000.0,en,29.371987,115.0,Released,5.6,797,2016,1,1,0,0,0,0,0,0,0,0,0,0,0,0,0,0,0,0,1,0,0,3.0
20000000.0,en,11.352693,96.0,Released,7.3,187,1997,1,0,0,0,1,0,0,1,0,0,0,0,0,0,0,0,0,0,0,0,0,22.0
20000000.0,en,7.553773,98.0,Released,5.4,62,1999,1,0,0,0,1,0,0,0,0,0,0,0,0,0,0,1,0,0,0,0,0,1.0
20000000.0,en,30.477114,100.0,Released,6.3,950,2015,3,0,0,0,0,0,0,1,0,0,0,0,0,0,0,0,0,0,0,0,0,2.0
20000000.0,en,9.927018,106.0,Released,5.6,105,1989,2,0,0,0,1,1,0,1,0,0,0,0,0,0,0,0,0,0,0,0,0,8.0
20000000.0,en,12.379781,101.0,Released,6.5,147,1996,1,0,0,0,1,0,0,0,0,0,0,0,0,1,0,1,0,0,0,0,0,22.0
20000000.0,en,12.643703,105.0,Released,6.5,297,2007,1,1,0,0,0,1,0,1,0,0,0,0,0,0,0,0,0,0,1,0,0,7.0
21000000.0,en,15.440465,99.0,Released,6.5,284,2009,1,0,0,0,0,0,0,1,0,0,0,0,0,0,0,0,0,0,0,0,0,5.0
25000000.0,en,5.886228,88.0,Released,1.9,35,2004,1,0,0,0,1,0,0,0,1,0,0,0,0,0,0,0,0,0,0,0,0,4.0
33000000.0,en,6.925645,83.0,Released,5.4,133,2005,1,1,0,0,1,1,0,0,0,0,0,0,0,0,0,0,0,0,0,0,0,5.0
20000000.0,en,9.36146,84.0,Released,4.7,78,2007,1,1,0,0,1,1,0,0,0,0,0,0,0,0,0,0,0,0,0,0,0,5.0
20000000.0,en,6.102663,98.0,Released,6.4,24,2004,1,0,0,0,1,0,0,0,0,0,0,0,0,0,0,0,0,0,0,0,0,2.0
8000000.0,en,0.709143,149.0,Released,6.5,15,1969,3,0,0,0,1,0,0,1,0,0,0,0,0,1,0,1,0,0,0,0,0,2.0
20000000.0,en,45.742217,148.0,Released,6.5,833,2014,1,0,0,0,1,1,0,1,0,0,0,0,0,0,1,1,0,0,0,0,0,6.0
20000000.0,en,1.682839,85.0,Released,3.2,18,2006,2,0,0,0,0,0,0,0,1,0,0,0,0,0,0,0,0,0,0,0,0,1.0
20000000.0,en,8.237336,110.0,Released,5.9,88,2013,1,0,0,0,0,0,0,1,0,0,0,0,0,1,0,0,0,0,0,0,0,1.0
20000000.0,en,2.605374,83.0,Released,4.1,20,2008,1,0,0,0,1,0,0,0,0,1,0,0,0,0,0,0,0,0,0,0,0,6.0
12000000.0,en,29.072964,107.0,Released,5.3,631,2013,2,1,0,0,0,1,0,0,0,0,0,0,0,0,0,0,0,0,1,0,0,17.0
22000000.0,en,1.322528,100.0,Released,5.8,82,2003,1,0,0,0,0,0,0,0,0,0,0,0,1,0,0,0,0,0,0,0,0,2.0
20000000.0,en,4.961306,87.0,Released,4.7,69,2008,1,0,0,0,1,0,0,0,0,0,0,0,0,0,0,0,0,0,0,0,0,2.0
10500000.0,en,8.628519,160.0,Released,6.7,41,1999,1,0,0,0,1,0,0,1,0,0,0,0,0,1,0,0,0,0,0,0,0,5.0
20000000.0,en,12.232048,106.0,Released,7.0,185,2015,1,0,0,0,1,0,0,1,0,0,0,0,0,0,0,0,0,0,0,1,0,2.0
15000000.0,en,27.133277,99.0,Released,6.2,571,2011,3,0,0,0,0,0,0,1,0,0,0,0,0,0,0,0,0,0,1,0,0,7.0
8700000.0,en,26.093043,100.0,Released,6.8,532,2006,1,0,0,1,0,0,0,0,0,0,0,0,0,0,0,0,1,0,1,0,0,11.0
13000000.0,en,13.621201,117.0,Released,7.0,216,2012,1,0,0,0,0,0,0,1,0,0,0,0,0,0,0,0,0,0,0,0,0,6.5
20000000.0,en,9.292987,96.0,Released,3.1,173,2005,1,1,0,0,0,0,0,0,0,1,0,0,1,0,0,0,0,0,1,0,0,5.0
20000000.0,en,7.716606,111.0,Released,5.4,126,2009,1,0,0,0,1,0,0,1,1,0,0,0,0,1,0,0,0,0,0,0,0,2.0
20000000.0,en,7.698075,100.0,Released,5.9,179,2004,2,0,0,0,0,0,0,1,0,0,0,0,0,0,1,0,0,0,1,0,0,3.0
20000000.0,en,37.629309,125.0,Released,6.5,546,2014,1,0,0,0,0,1,0,1,0,0,0,0,0,0,0,0,0,0,1,0,0,3.0
20000000.0,en,2.405911,114.0,Released,6.3,26,2008,2,0,0,0,0,0,0,1,0,0,0,1,0,0,0,1,0,0,0,1,0,2.0
20000000.0,en,3.350297,119.0,Released,6.3,59,2008,2,0,0,0,0,0,0,1,0,0,0,0,0,0,0,0,0,0,0,0,0,1.0
20000000.0,en,13.032308,135.0,Released,6.6,195,2007,1,0,0,0,0,0,0,1,0,0,0,0,0,1,0,0,0,0,0,0,0,3.0
20000000.0,en,15.131867,93.0,Released,4.8,271,2012,1,1,0,0,0,0,0,0,0,0,0,0,0,0,0,0,0,0,1,0,0,1.0
20000000.0,en,10.218307,114.0,Released,6.8,203,2008,1,0,1,0,1,0,0,1,0,0,0,0,0,0,0,1,0,0,0,0,0,2.0
21000000.0,en,12.761176,124.0,Released,7.4,278,2008,1,0,0,0,0,0,0,1,0,0,0,0,0,0,0,0,0,0,0,0,0,2.0
26500000.0,ja,60.732738,134.0,Released,8.2,1983,1997,3,0,1,1,0,0,0,0,0,1,0,0,0,0,0,0,0,0,0,0,0,4.0
20000000.0,fr,0.49446,114.0,Released,5.7,20,2003,3,0,0,0,1,0,0,1,0,0,1,0,0,0,0,0,0,0,0,0,0,2.0
5750000.0,en,6.574285,124.0,Released,4.9,9,1980,3,0,0,0,1,0,0,0,0,0,0,0,0,1,0,0,0,0,0,0,0,1.0
2000000.0,en,14.617944,104.0,Released,7.1,218,2005,3,1,1,0,0,1,0,1,0,0,0,0,0,0,0,0,0,0,1,0,1,3.0
20000000.0,en,3.102987,118.0,Released,6.8,36,2015,3,0,0,0,0,0,0,1,0,0,0,0,0,0,0,0,0,0,0,0,0,1.0
20000000.0,en,5.65327,84.0,Released,3.3,12,2003,1,0,0,0,1,0,0,0,0,0,0,0,0,0,0,0,0,0,0,0,0,3.0
20000000.0,en,44.566609,107.0,Released,6.9,1552,2002,1,1,0,0,0,0,0,0,0,0,0,0,0,0,0,0,1,0,1,0,0,2.0
40000000.0,zh,8.978408,125.0,Released,6.5,52,2008,1,0,0,0,0,0,0,1,0,0,0,0,0,0,0,0,0,0,0,1,0,4.0
24000000.0,en,10.150993,115.0,Released,6.0,97,2000,1,1,0,0,0,1,0,1,0,0,0,0,0,0,0,0,0,0,1,0,0,4.0
20000000.0,en,0.28576,88.0,Released,2.2,8,2012,1,0,0,0,0,0,0,0,1,0,0,0,0,0,0,0,0,0,0,0,0,1.0
10000000.0,en,11.267676,122.0,Released,5.4,156,2015,1,0,0,0,0,0,0,1,0,0,0,0,0,0,0,1,0,0,0,0,0,3.0
20000000.0,ja,9.129808,126.0,Released,6.4,102,2004,1,0,0,1,0,0,0,0,0,1,0,0,0,0,0,0,1,0,0,0,0,2.0
25000000.0,en,2.013405,101.0,Released,5.8,14,2005,2,0,0,0,0,0,0,1,0,0,0,0,0,0,0,0,0,0,0,0,0,1.0
15000000.0,en,20.086645,101.0,Released,5.9,286,2010,1,0,0,0,0,1,0,1,0,0,0,0,0,0,1,1,0,0,1,0,0,1.0
20000000.0,en,3.581906,107.0,Released,6.2,33,1994,1,0,1,0,0,0,0,0,0,0,0,0,0,0,0,0,0,0,0,0,0,5.0
20000000.0,cn,12.373248,86.0,Released,6.1,107,2008,3,0,0,0,1,0,0,1,1,1,0,0,0,0,0,0,1,0,0,0,0,3.0
23030000.0,fr,12.283025,118.0,Released,5.8,221,1998,3,0,0,0,1,0,0,0,0,1,0,0,0,0,0,0,0,0,0,0,0,3.0
20000000.0,en,10.617236,107.0,Released,4.5,139,2011,1,1,0,0,1,0,0,0,0,0,0,0,1,0,1,0,1,0,1,0,0,2.0
20000000.0,en,6.377308,100.0,Released,5.5,48,2002,1,0,0,0,0,0,0,1,0,0,0,0,0,0,0,0,0,0,1,0,0,1.0
20000000.0,en,3.620537,110.0,Released,6.0,31,2010,1,0,0,0,0,0,0,1,0,1,0,0,0,0,0,0,0,0,0,0,0,3.0
20000000.0,en,27.215666,106.0,Released,5.3,585,2015,1,0,0,0,0,0,0,0,0,0,0,0,1,0,1,0,0,0,1,0,0,4.0
36500000.0,en,4.127155,102.0,Released,6.6,35,2008,3,1,0,0,0,0,0,1,0,0,0,1,0,0,0,0,0,0,0,0,0,2.0
20000000.0,en,13.118983,95.0,Released,6.3,130,2007,3,0,0,0,0,1,0,1,0,0,0,0,0,0,0,0,0,0,1,0,0,1.0
20000000.0,en,14.182301,83.0,Released,5.3,68,2012,3,0,1,1,1,0,0,0,1,0,0,0,0,0,0,0,0,0,0,0,0,1.0
11500000.0,ta,0.416179,170.0,Released,5.0,3,2014,3,0,0,0,0,0,0,1,0,0,0,1,0,0,0,0,0,0,0,0,0,1.0
81500000.0,en,0.485405,98.0,Released,0.5,1,2014,3,0,0,1,0,0,0,0,0,0,0,0,0,0,0,0,0,0,0,0,0,1.0
20000000.0,en,7.444189,105.0,Released,6.1,109,2016,1,0,0,0,0,0,0,1,0,0,0,0,0,0,0,0,0,0,0,0,0,1.0
20000000.0,en,33.625477,96.0,Released,5.4,404,2015,3,0,0,0,0,0,0,0,0,0,0,0,0,0,0,0,0,0,1,0,0,5.0
27220000.0,en,28.060472,105.0,Released,6.1,465,2013,1,0,0,0,0,1,0,0,0,0,0,0,0,0,0,0,0,0,1,0,0,1.0
19400000.0,en,20.746932,125.0,Released,7.1,312,2006,2,0,0,0,0,0,0,1,0,0,0,0,0,0,0,1,0,0,0,0,0,2.0
27000000.0,de,7.727035,150.0,Released,7.1,157,2008,1,1,0,0,0,1,0,1,0,0,0,1,0,0,0,0,0,0,1,0,0,2.0
22000000.0,en,45.707835,181.0,Released,7.6,1046,1990,3,0,1,0,0,0,0,1,0,0,0,0,0,0,0,0,0,0,0,0,1,3.0
20000000.0,en,28.497242,92.0,Released,5.4,1584,2011,3,0,0,0,1,0,0,0,0,0,0,0,0,0,0,0,0,0,0,0,0,4.0
19000000.0,en,11.47316,113.0,Released,6.7,141,1989,3,0,0,0,0,1,0,1,0,0,0,0,0,0,1,0,0,0,0,0,0,4.0
19000000.0,en,25.28132,95.0,Released,6.1,713,2004,3,0,0,0,1,0,0,0,0,0,0,0,0,0,0,0,0,0,0,0,0,2.0
14000000.0,en,45.99611,111.0,Released,7.0,1476,1996,3,0,0,0,0,1,0,0,0,0,0,0,1,0,1,0,0,0,0,0,0,11.0
42000000.0,en,20.392858,91.0,Released,5.4,440,2001,3,0,0,0,0,0,0,0,0,0,0,0,1,0,0,0,0,0,1,0,0,2.0
19000000.0,en,78.699993,144.0,Released,8.1,3757,1980,3,0,0,0,0,0,0,0,0,0,0,0,1,0,0,0,0,0,1,0,0,6.0
19000000.0,en,76.603233,116.0,Released,8.0,6079,1985,3,0,1,0,1,0,0,0,1,0,0,0,0,0,0,0,1,0,0,0,0,13.0
19000000.0,en,13.664614,93.0,Released,5.5,209,1999,3,0,0,0,0,0,0,0,0,0,0,0,1,0,1,0,0,0,1,0,0,2.0
19000000.0,en,2.242809,113.0,Released,6.0,40,2009,3,0,0,0,1,0,0,1,0,0,0,0,0,0,0,0,0,0,0,0,0,9.0
27000000.0,en,1.224105,90.0,Released,3.9,8,2016,3,1,0,0,0,0,0,1,0,0,0,0,0,0,0,0,0,0,0,0,0,1.0
19000000.0,en,27.494037,101.0,Released,5.9,583,2010,3,0,0,0,1,0,0,1,0,0,0,0,0,0,0,1,0,0,0,0,0,2.0
18000000.0,en,18.47518,95.0,Released,5.3,404,2003,3,0,0,0,1,0,0,0,0,0,0,0,0,0,0,0,0,0,0,0,0,11.0
19100000.0,en,10.559414,109.0,Released,6.5,208,2011,1,1,0,0,0,1,0,1,0,0,0,0,0,0,0,0,0,0,1,1,0,5.0
19000000.0,en,1.916351,85.0,Released,4.6,8,2000,2,0,0,1,0,0,0,1,1,0,0,0,0,0,0,0,1,0,0,0,0,1.0
20000000.0,en,28.867568,101.0,Released,6.2,633,2010,3,1,0,0,0,0,0,0,0,0,0,0,1,0,1,0,0,0,0,0,0,3.0
15000000.0,ja,118.968562,125.0,Released,8.3,3840,2001,3,0,1,1,0,0,0,0,1,1,0,0,0,0,0,0,0,0,0,0,0,4.0
50000000.0,zh,3.376967,110.0,Released,5.9,43,2013,3,1,0,0,0,1,0,0,0,0,0,0,0,0,0,0,0,0,0,0,0,1.0
25000000.0,en,7.436491,132.0,Released,6.5,108,1984,1,1,0,0,0,0,0,1,0,0,0,1,0,0,0,0,0,0,0,0,0,7.0
19000000.0,en,57.84156,131.0,Released,7.4,1486,2013,3,0,0,0,0,0,0,1,0,0,0,0,0,0,0,0,0,0,0,0,0,1.0
19000000.0,en,17.952817,109.0,Released,6.0,342,2008,1,0,1,0,1,0,0,0,0,0,0,0,0,0,0,1,0,0,0,0,0,4.0
19000000.0,en,21.959742,100.0,Released,6.4,465,2010,2,0,0,0,1,0,0,0,0,0,0,0,0,0,0,1,0,0,0,0,0,3.0
19000000.0,en,4.229942,188.0,Released,6.0,33,1964,1,0,0,0,0,0,0,1,0,0,0,1,0,0,0,0,0,0,0,0,0,2.0
19000000.0,en,11.766564,97.0,Released,6.2,208,2011,1,0,0,0,1,0,0,1,0,0,0,0,0,0,0,1,0,0,0,0,0,2.0
13000000.0,en,2.366251,121.0,Released,5.8,40,2012,1,0,0,0,0,0,0,1,0,0,0,0,0,0,0,0,0,0,0,0,0,2.0
19000000.0,en,0.068228,93.0,Released,5.6,5,1993,1,0,0,0,0,0,0,0,1,1,0,0,0,1,0,0,0,0,0,0,0,1.0
18000000.0,en,5.380733,116.0,Released,6.1,12,1996,3,0,0,0,0,1,0,1,0,0,0,0,0,1,0,0,0,0,1,0,0,3.0
11000000.0,en,5.625989,110.0,Released,6.8,69,2016,1,0,0,0,0,0,0,1,0,0,0,0,0,0,0,0,0,0,0,0,0,1.0
19000000.0,en,30.205943,90.0,Released,6.0,588,2005,3,0,0,0,0,0,0,1,0,0,0,0,1,0,0,0,0,0,1,0,0,1.0
19000000.0,en,26.441669,114.0,Released,7.3,638,2002,3,0,0,0,1,1,0,1,0,0,0,0,0,0,0,0,0,0,0,0,0,4.0
15000000.0,en,15.262492,93.0,Released,6.0,381,2005,3,0,0,0,0,0,0,0,0,0,0,0,1,0,0,0,0,0,0,0,0,7.0
50000000.0,cn,1.583918,107.0,Released,5.8,11,2013,3,1,0,0,0,0,0,0,0,0,0,0,0,0,0,0,0,0,0,0,0,2.0
18500000.0,en,44.511363,118.0,Released,7.2,1301,1998,1,0,1,0,1,0,0,1,0,0,0,0,0,0,0,0,0,0,0,0,0,7.0
18500000.0,en,16.665841,100.0,Released,6.0,518,2009,3,0,0,0,1,0,0,0,0,1,0,0,0,0,0,1,0,0,0,0,0,1.0
18000000.0,en,36.471231,96.0,Released,6.2,2713,2014,3,0,0,0,1,0,0,0,0,0,0,0,0,0,0,0,0,0,0,0,0,5.0
23000000.0,en,85.30318,101.0,Released,6.6,2472,1994,3,0,0,0,1,1,0,0,0,1,0,0,0,0,0,1,0,0,0,0,0,6.0
18000000.0,en,20.716023,104.0,Released,6.9,993,1988,3,0,0,0,1,0,0,1,1,1,0,0,0,0,0,1,0,0,0,0,0,4.0
18000000.0,en,29.487784,82.0,Released,6.5,1579,2006,3,0,0,0,1,0,0,0,0,0,0,0,0,0,0,0,0,0,0,0,0,5.0
18000000.0,en,25.43954,96.0,Released,6.1,882,2001,3,0,0,0,1,0,0,0,0,0,0,0,0,0,0,0,0,0,0,0,0,6.0
18000000.0,en,15.314027,105.0,Released,6.4,434,1984,3,1,1,0,0,0,0,0,0,0,0,0,0,0,0,0,1,0,1,0,0,3.0
19000000.0,en,32.602868,122.0,Released,6.3,659,2005,3,0,0,0,0,1,0,1,0,0,0,0,1,0,0,0,0,0,1,0,0,4.0
17000000.0,en,9.832326,88.0,Released,5.5,308,1999,3,0,0,0,1,0,0,0,0,0,0,0,0,0,0,0,0,0,0,0,0,4.0
16000000.0,en,33.452469,110.0,Released,3.7,392,2014,2,1,0,0,0,0,0,0,0,0,0,0,0,0,0,0,1,0,1,0,0,1.0
19000000.0,en,14.190837,103.0,Released,6.2,249,2005,3,0,0,0,1,0,0,1,0,0,0,0,0,0,0,1,0,0,0,0,0,2.0
18000000.0,en,6.501815,106.0,Released,5.6,74,2004,3,0,0,0,1,0,0,1,0,0,0,0,0,0,0,0,0,0,0,0,0,3.0
23000000.0,en,26.58873,91.0,Released,6.5,656,2003,3,0,0,0,1,1,0,1,0,0,0,0,0,0,0,0,0,0,0,0,0,2.0
16500000.0,en,36.15716,94.0,Released,6.5,1013,1997,3,0,0,0,1,1,0,0,0,0,0,0,0,0,0,0,1,0,0,0,0,8.0
18000000.0,en,16.027955,94.0,Released,5.5,322,2016,3,0,0,0,1,0,0,0,1,0,0,0,0,0,0,1,0,0,0,0,0,5.0
21000000.0,en,14.329891,99.0,Released,6.3,238,2011,3,0,0,0,1,0,0,0,1,0,0,0,0,0,0,0,0,0,0,0,0,4.0
18000000.0,en,50.009408,107.0,Released,7.3,2093,1987,3,1,1,0,0,0,0,0,0,0,0,0,0,0,0,0,1,0,1,0,0,10.0
18000000.0,en,31.82675,160.0,Released,7.8,1076,1984,3,0,0,0,0,0,0,1,0,0,0,1,0,1,0,0,0,0,0,0,0,3.0
20000000.0,en,9.642041,88.0,Released,4.8,167,2008,1,0,0,0,0,1,0,0,0,0,0,0,1,0,0,0,0,0,0,0,0,2.0
17000000.0,en,36.423717,97.0,Released,6.9,2320,2004,3,0,0,0,1,0,0,0,0,0,0,0,0,0,0,0,0,0,0,0,0,6.0
18000000.0,en,12.309718,113.0,Released,6.4,172,2003,3,0,0,0,1,0,0,1,0,0,0,0,0,0,0,1,0,0,0,0,0,1.0
19800000.0,en,11.693272,137.0,Released,6.8,246,2001,3,0,0,0,0,0,0,1,0,0,0,0,0,0,1,0,0,0,1,0,0,3.0
18000000.0,en,12.243887,103.0,Released,5.9,136,1986,3,0,0,0,1,0,0,1,0,1,0,0,0,0,0,1,0,0,0,0,0,12.0
18000000.0,en,89.811154,119.0,Released,7.4,4535,2014,3,0,0,0,1,0,0,1,0,0,0,0,0,0,0,0,0,0,0,0,0,6.0
18000000.0,en,34.694216,98.0,Released,7.0,1098,2013,3,0,0,0,1,0,0,1,0,0,0,0,0,0,0,0,0,0,0,0,0,22.0
15000000.0,en,17.50138,111.0,Released,6.9,367,2006,3,1,0,0,0,1,0,1,0,0,0,1,0,0,0,0,0,0,1,0,0,7.0
18000000.0,en,18.492655,94.0,Released,6.0,303,2003,3,0,0,0,0,0,0,0,1,0,0,0,0,1,0,1,0,0,0,0,0,4.0
18000000.0,en,11.238522,81.0,Released,4.9,147,1996,2,1,0,0,1,0,0,0,0,0,0,0,0,0,0,0,0,0,0,0,0,1.0
1000000.0,en,14.518598,89.0,Released,6.4,311,1980,3,0,0,0,0,0,0,0,0,0,0,0,1,0,0,0,0,0,0,0,0,10.0
18000000.0,en,19.234672,106.0,Released,6.9,342,2011,3,1,0,0,0,0,0,1,0,0,0,0,0,0,0,0,0,0,0,0,0,2.0
18000000.0,en,4.504377,121.0,Released,6.7,72,1970,2,0,0,0,1,0,0,1,0,0,0,0,0,0,0,0,0,0,0,1,0,6.0
18000000.0,en,10.529143,86.0,Released,5.6,225,2009,2,0,0,0,1,1,0,1,0,0,0,0,0,0,0,0,0,0,0,0,0,1.0
18000000.0,en,18.379124,103.0,Released,5.8,383,1984,3,1,1,0,0,0,0,0,0,1,0,0,0,0,0,0,0,0,0,0,0,4.0
18000000.0,en,35.524457,129.0,Released,7.7,938,1980,2,0,0,0,0,0,0,1,0,0,0,0,0,0,0,0,0,0,0,0,0,21.0
18000000.0,en,13.472365,109.0,Released,5.6,180,2009,3,0,0,0,0,0,0,1,0,0,0,0,0,0,0,1,0,0,0,0,0,1.0
18000000.0,en,8.321586,109.0,Released,6.7,167,1985,3,1,1,0,0,1,0,1,1,0,0,0,0,0,1,0,0,0,1,0,0,13.0
18000000.0,en,7.668063,107.0,Released,5.5,135,2009,3,0,0,0,1,0,0,1,0,0,0,0,0,1,0,1,0,0,0,0,0,2.0
18000000.0,en,52.464877,94.0,Released,7.0,2606,2010,3,0,1,0,0,0,0,1,0,0,0,0,0,0,0,0,0,0,1,0,0,8.0
25000000.0,en,11.423533,94.0,Released,6.4,155,2000,2,1,0,0,1,1,0,0,0,0,0,0,0,0,0,0,0,0,0,0,0,22.0
18000000.0,en,6.961736,115.0,Released,6.8,90,2000,1,0,0,0,0,0,0,1,0,0,0,0,0,1,0,0,0,0,0,0,0,3.0
17000000.0,en,9.191187,107.0,Released,5.4,167,2015,2,0,0,0,1,0,0,0,1,0,0,0,0,0,0,0,0,0,0,0,0,2.0
18000000.0,en,4.492859,92.0,Released,4.9,76,2004,1,1,1,0,0,0,0,0,1,0,0,0,0,0,0,0,0,0,0,0,0,1.3333333333333333
18000000.0,en,5.706767,125.0,Released,7.2,120,2001,2,0,0,0,0,0,0,1,0,0,0,0,0,0,0,0,0,0,0,0,0,4.0
30000000.0,en,53.670525,122.0,Released,6.8,1573,2015,2,0,0,0,0,0,0,1,0,0,0,1,0,0,0,0,0,0,0,0,0,8.0
18000000.0,en,14.15192,102.0,Released,5.1,197,2009,1,0,0,0,1,0,0,0,0,0,0,0,0,0,0,1,0,0,0,0,0,11.0
18000000.0,en,13.462544,87.0,Released,5.9,319,2009,2,0,0,0,1,0,0,1,0,0,0,0,0,0,0,1,0,0,0,0,0,5.0
18000000.0,en,11.725805,98.0,Released,3.7,14,1981,1,1,1,0,0,0,0,0,0,0,0,0,0,0,0,1,0,0,0,0,1,1.0
21000000.0,en,7.047975,109.0,Released,6.2,92,2001,2,0,0,0,0,0,0,1,0,0,0,0,0,0,0,0,0,0,1,0,0,3.0
18000000.0,en,13.628601,108.0,Released,7.3,236,1981,1,0,0,0,0,0,0,1,0,0,0,0,0,0,1,0,0,0,1,0,0,12.0
18000000.0,en,16.520516,90.0,Released,4.9,246,2013,1,1,0,0,0,1,0,0,0,0,0,0,0,0,0,0,0,0,0,0,0,2.0
18000000.0,en,14.916264,112.0,Released,6.9,176,1997,1,0,0,0,0,0,0,1,0,0,0,0,0,0,0,0,0,0,0,0,0,8.0
18000000.0,en,9.633711,94.0,Released,5.7,164,2014,2,0,0,0,1,0,0,1,0,0,0,0,0,0,0,1,0,0,0,0,0,11.0
18000000.0,en,3.455018,105.0,Released,5.6,56,1989,1,0,1,0,1,0,0,0,1,0,0,0,0,0,0,0,0,0,0,0,0,1.0
18000000.0,en,1.946634,104.0,Released,6.4,23,2004,1,0,0,0,1,0,0,1,0,0,0,0,0,0,0,1,0,0,0,0,0,1.0
17000000.0,en,12.313143,117.0,Released,5.8,177,1986,1,0,0,0,0,0,0,1,0,0,0,0,0,0,0,1,0,0,0,0,0,4.0
18000000.0,en,3.258422,108.0,Released,6.5,67,1981,1,0,0,0,0,0,0,0,0,1,0,0,0,0,0,0,0,0,0,0,0,1.0
11750000.0,en,3.659292,112.0,Released,6.7,55,2009,2,0,0,0,0,0,0,1,0,0,0,0,0,0,0,1,0,0,0,0,0,3.0
18000000.0,en,24.548633,127.0,Released,7.3,630,1994,1,0,0,0,1,0,0,1,0,0,0,1,0,0,0,0,0,0,0,0,0,14.0
18000000.0,en,17.683563,111.0,Released,6.7,299,2013,2,0,0,0,0,0,0,1,0,0,0,0,0,0,0,0,0,0,0,0,0,5.0
18000000.0,ru,10.1449,120.0,Released,6.5,158,2007,2,0,0,0,0,0,0,0,0,0,0,1,0,0,0,0,0,0,0,0,0,2.0
18000000.0,en,31.887978,114.0,Released,6.9,836,2008,2,1,0,0,0,1,0,0,0,0,0,0,0,0,0,0,0,0,1,0,0,7.0
20000000.0,en,1.110179,99.0,Released,3.5,15,1982,1,1,1,0,0,0,0,0,0,0,0,0,0,0,0,0,1,0,0,0,0,1.0
18000000.0,en,9.814785,242.0,Released,7.3,117,1996,1,0,0,0,0,0,0,1,0,0,0,0,0,0,0,0,0,0,0,0,0,7.0
25000000.0,en,1.876811,117.0,Released,6.8,28,2009,1,0,0,0,0,0,0,1,0,0,0,0,0,0,0,1,0,0,0,0,0,4.0
18000000.0,en,32.717853,112.0,Released,6.2,694,2016,1,0,1,0,0,0,0,1,0,0,0,0,0,0,0,0,1,0,0,0,0,4.0
18000000.0,en,8.945081,108.0,Released,6.2,149,2003,1,0,0,0,1,0,0,0,0,0,0,0,0,0,0,1,0,0,0,0,0,22.0
18000000.0,en,13.916583,116.0,Released,6.7,273,2013,2,0,0,0,0,0,0,1,0,0,0,1,0,0,0,0,0,0,0,0,0,1.0
15238800.0,de,17.94739,144.0,Released,7.2,255,2009,1,0,0,0,0,1,0,1,0,0,0,0,0,0,1,0,0,0,0,0,0,3.0
10000000.0,en,2.525569,90.0,Released,5.3,11,2016,3,0,0,0,0,0,0,0,0,0,0,0,1,0,0,0,0,0,0,0,0,1.0
2700000.0,en,10.47644,93.0,Released,5.9,108,1986,2,1,0,0,0,1,0,0,0,0,0,0,1,0,0,1,1,0,0,0,0,1.0
18000000.0,en,10.991281,103.0,Released,7.0,104,2002,1,0,0,0,0,0,0,1,0,0,0,0,0,0,1,0,0,0,1,0,0,4.0
18000000.0,en,7.871686,93.0,Released,6.7,83,2013,1,0,0,0,0,0,0,0,0,0,0,0,0,1,0,0,0,0,0,0,0,3.0
18000000.0,en,6.333869,98.0,Released,4.4,60,2008,1,0,0,0,0,0,0,1,0,0,0,0,0,0,0,0,0,0,0,0,0,2.0
18000000.0,en,1.138383,338.0,Released,6.7,50,2010,1,0,0,0,0,1,0,1,0,0,0,1,0,0,0,0,0,0,1,0,0,3.0
18000000.0,en,8.266124,114.0,Released,5.6,20,2009,2,0,0,0,0,0,0,1,0,0,0,0,0,0,0,0,0,0,1,0,0,1.0
5250000.0,en,0.910529,121.0,Released,9.3,2,1999,3,1,0,0,0,0,0,1,0,0,0,1,0,0,0,0,0,0,0,0,1,1.0
3500000.0,en,18.025206,96.0,Released,6.9,270,1985,3,0,0,0,0,0,0,0,0,0,0,0,1,0,0,0,1,0,0,0,0,7.0
18000000.0,en,10.144222,92.0,Released,4.5,179,2016,3,1,0,0,0,1,0,1,0,0,0,0,0,0,0,0,0,0,1,0,0,6.0
18000000.0,fr,9.244181,105.0,Released,6.7,77,2006,1,1,0,1,0,0,0,0,0,0,0,0,0,0,0,0,1,0,0,0,0,1.0
17900000.0,en,12.752463,89.0,Released,5.0,206,1985,1,1,1,0,0,0,0,0,0,1,0,0,0,0,0,0,0,0,0,0,0,4.0
14000000.0,en,22.748174,119.0,Released,6.0,376,2012,1,0,0,0,0,0,0,0,0,0,0,0,0,0,0,0,0,0,1,0,0,2.0
20000000.0,en,33.436092,113.0,Released,7.0,2100,2007,3,0,0,0,1,0,0,0,0,0,0,0,0,0,0,0,0,0,0,0,0,3.0
17500000.0,en,3.107371,103.0,Released,6.4,52,2009,3,0,0,0,1,1,0,1,0,0,0,0,0,0,0,0,0,0,0,0,0,9.0
18000000.0,en,7.922639,90.0,Released,5.7,82,2014,3,1,0,0,0,0,0,0,0,0,0,0,1,0,0,0,0,0,0,0,0,1.0
23000000.0,en,28.973074,98.0,Released,6.5,640,2008,3,0,0,0,0,0,0,1,0,0,0,0,0,1,0,1,0,0,0,0,0,5.0
15000000.0,en,23.980329,80.0,Released,5.9,479,2005,3,0,0,1,1,0,0,0,1,0,0,0,0,0,0,0,0,0,0,0,0,1.0
17500000.0,en,28.60542,121.0,Released,7.5,793,2004,3,0,0,0,0,0,0,1,0,0,0,1,0,0,0,0,0,0,0,1,0,1.0
24000000.0,en,42.669304,89.0,Released,5.9,966,2007,3,1,0,0,0,1,0,1,0,0,0,0,0,0,0,0,0,0,1,0,0,2.0
17500000.0,en,7.180403,93.0,Released,5.8,16,2013,1,0,0,0,0,0,0,1,0,0,0,0,0,1,0,0,0,0,0,0,0,3.0
18000000.0,en,21.638673,93.0,Released,4.6,218,2014,3,1,0,0,0,0,0,0,0,0,0,0,0,0,0,0,0,0,1,0,0,1.0
17500000.0,en,2.64486,116.0,Released,5.4,18,2002,1,0,0,0,0,0,0,0,0,0,0,0,0,0,0,0,0,0,1,0,0,1.0
17000000.0,en,25.881355,101.0,Released,7.4,1660,2001,3,0,0,0,0,0,0,1,0,0,0,0,1,0,1,0,0,0,1,0,0,4.0
18500000.0,en,67.66094,137.0,Released,7.7,3220,1986,3,1,0,0,0,0,0,0,0,0,0,0,1,0,0,0,1,0,1,0,0,7.0
17000000.0,en,20.786616,170.0,Released,7.4,352,1964,3,0,0,0,0,0,0,1,1,0,0,0,0,1,0,1,0,0,0,0,0,1.0
17000000.0,en,27.654472,100.0,Released,5.6,687,1997,3,0,0,0,0,0,0,0,0,0,0,0,1,0,1,0,0,0,1,0,0,2.0
17000000.0,en,70.668923,104.0,Released,6.4,1219,2014,3,0,0,0,1,0,0,0,0,0,0,0,0,0,0,0,0,0,0,0,0,4.0
16000000.0,en,23.425431,126.0,Released,6.9,478,2004,3,0,0,0,1,0,0,1,0,0,0,0,0,0,0,1,0,0,0,0,0,6.0
17500000.0,en,14.304444,110.0,Released,5.8,172,2006,2,0,0,0,1,0,0,0,0,0,0,0,0,0,0,0,0,0,0,0,0,4.0
300000.0,en,30.301307,91.0,Released,7.4,1035,1978,3,0,0,0,0,0,0,0,0,0,0,0,1,0,0,0,0,0,1,0,0,10.0
17000000.0,en,3.56033,87.0,Released,4.7,30,2003,3,0,0,0,1,0,0,0,1,0,0,0,0,0,0,0,1,0,0,0,0,1.0
17000000.0,en,7.210095,123.0,Released,6.7,110,2013,3,0,0,0,1,0,0,0,0,0,0,0,0,0,0,0,0,0,0,0,0,7.0
17000000.0,en,23.491962,109.0,Released,6.4,534,2006,3,1,0,0,1,1,0,0,0,0,0,0,0,0,0,0,0,0,1,0,0,3.0
20000000.0,en,36.133536,90.0,Released,5.8,730,2010,3,0,0,0,0,1,0,0,0,0,0,0,1,0,0,0,0,0,0,0,0,2.0
17000000.0,en,14.18136,94.0,Released,5.2,297,2002,3,0,0,0,1,0,0,0,0,0,0,0,0,0,0,1,0,0,0,0,0,3.0
17000000.0,en,12.709227,81.0,Released,5.9,198,1998,3,0,0,0,1,0,0,0,0,0,0,0,0,0,0,0,0,0,0,0,0,1.0
17000000.0,en,24.054062,86.0,Released,6.0,849,2011,3,0,0,0,0,0,0,1,0,1,0,0,0,0,0,1,0,0,0,0,0,2.0
15000000.0,en,35.107857,107.0,Released,6.1,705,2006,3,0,0,0,0,0,0,0,0,0,0,0,1,0,0,0,0,0,1,0,0,4.0
17000000.0,en,10.149569,98.0,Released,5.1,64,2003,2,0,0,0,1,0,0,0,0,0,0,0,0,0,0,0,0,0,0,0,0,4.0
12750000.0,en,14.023082,128.0,Released,7.4,213,2015,3,0,0,0,0,0,0,1,0,0,0,0,0,0,0,0,0,0,0,0,0,3.0
17000000.0,en,9.054803,99.0,Released,5.6,54,2010,2,0,0,0,1,0,0,0,0,0,0,0,0,0,0,0,0,0,0,0,0,1.0
20000000.0,en,5.422285,105.0,Released,6.0,32,2006,2,0,0,0,0,0,0,1,0,0,0,0,0,0,0,0,0,0,0,0,0,1.0
17000000.0,en,32.746486,112.0,Released,7.3,2247,2012,3,0,0,0,1,0,0,0,0,0,0,0,0,1,0,1,0,0,0,0,0,1.0
34000000.0,en,3.960098,108.0,Released,4.8,63,2001,1,0,0,0,1,0,0,1,0,0,0,0,0,0,0,1,0,0,0,0,0,2.0
17000000.0,en,10.178917,121.0,Released,6.9,187,1998,1,0,0,0,0,1,0,1,0,0,0,0,0,0,0,0,0,0,1,0,0,11.0
17000000.0,en,4.544216,89.0,Released,4.6,74,2002,1,0,0,0,0,0,0,0,0,0,0,0,1,0,0,0,0,0,1,0,0,2.0
20000000.0,en,2.184708,89.0,Released,3.3,17,2006,3,0,0,0,1,0,0,0,0,0,0,0,0,0,0,0,0,0,0,0,0,1.0
26000000.0,en,3.09159,73.0,Released,6.3,14,1999,1,0,0,0,0,0,0,0,1,0,0,0,0,0,0,0,0,0,0,0,0,1.0
17000000.0,en,18.790102,133.0,Released,6.2,293,2009,3,0,0,0,0,1,0,1,0,0,0,0,0,0,0,0,0,0,1,0,0,8.0
17000000.0,en,3.321095,154.0,Released,6.3,36,1963,1,1,0,0,0,0,0,1,0,0,0,1,0,0,0,0,0,0,0,0,0,1.0
17000000.0,en,33.912116,91.0,Released,6.4,1723,2013,3,0,0,0,0,0,0,0,0,0,0,0,1,0,0,0,0,0,0,0,0,1.0
17000000.0,en,5.787891,95.0,Released,5.6,101,2009,2,0,0,0,1,0,0,0,0,0,0,0,0,0,0,1,0,0,0,0,0,8.0
17000000.0,en,7.864011,107.0,Released,4.9,95,2006,1,0,0,0,1,0,0,1,1,0,0,0,0,0,0,0,0,0,0,0,0,8.0
17000000.0,en,17.062117,90.0,Released,4.1,318,1987,2,1,1,0,0,0,0,0,0,0,0,0,0,0,0,0,1,0,0,0,0,1.0
20000000.0,en,1.782666,94.0,Released,3.0,6,2008,2,0,0,0,0,0,0,1,0,0,0,0,0,0,0,0,0,0,0,0,0,1.0
17000000.0,en,19.311572,122.0,Released,7.0,331,2006,1,1,0,0,0,1,0,1,0,0,0,0,0,0,0,0,0,0,1,0,0,2.0
20000000.0,en,2.897449,120.0,Released,5.5,19,2004,2,0,0,0,0,0,0,1,0,0,0,0,0,0,0,0,0,0,0,0,0,2.0
17000000.0,en,0.138564,97.0,Released,2.9,15,1986,1,0,1,0,0,0,0,0,0,0,0,0,0,0,0,0,0,0,0,0,0,1.0
40000000.0,en,36.960953,110.0,Released,7.1,1615,2006,3,0,0,0,0,0,0,1,0,1,0,0,0,0,0,1,0,0,1,0,0,4.0
17000000.0,en,1.15641,102.0,Released,5.6,19,1981,1,0,1,0,0,0,0,0,0,0,0,0,0,0,0,0,0,0,1,0,0,1.0
17000000.0,en,9.583578,98.0,Released,6.8,59,2003,1,0,0,0,0,1,0,1,0,0,0,0,0,0,0,0,0,0,1,0,0,13.0
17000000.0,en,25.112567,120.0,Released,6.1,271,2014,1,0,0,0,0,0,0,0,0,0,0,0,0,0,0,1,0,0,1,0,0,1.0
17000000.0,en,9.349386,144.0,Released,5.2,153,2006,1,1,1,0,1,0,0,1,0,0,0,0,0,0,0,0,1,0,1,0,0,3.0
15000000.0,fr,8.884405,80.0,Released,6.5,129,2008,1,0,0,1,0,0,0,0,1,0,0,0,0,0,0,0,0,0,0,0,0,1.0
17000000.0,en,2.215261,91.0,Released,5.0,27,1977,1,1,1,0,0,0,0,0,0,0,0,0,0,0,0,0,1,0,0,0,0,2.0
17000000.0,en,6.385234,82.0,Released,4.5,140,2012,1,0,0,0,0,0,0,0,0,0,0,0,1,0,0,0,0,0,1,0,0,1.0
16500000.0,en,20.935169,102.0,Released,7.0,428,1991,3,0,0,0,1,0,0,1,1,0,0,0,0,0,0,0,0,0,0,0,0,2.0
16800000.0,en,4.358255,122.0,Released,5.8,73,2006,1,0,0,0,0,0,0,1,0,0,0,0,0,0,1,1,0,0,0,0,0,2.0
15000000.0,en,24.898687,126.0,Released,7.0,546,1987,3,0,0,0,0,1,0,1,0,0,0,0,0,0,0,0,0,0,0,0,0,14.0
16500000.0,en,20.898711,136.0,Released,7.2,352,1995,3,0,0,0,0,0,0,1,0,0,0,0,0,0,0,1,0,0,0,0,0,8.0
16500000.0,en,18.236284,120.0,Released,6.9,317,2007,3,0,0,0,0,0,0,1,0,0,0,0,0,0,0,1,0,0,0,0,0,2.0
16500000.0,en,10.74648,108.0,Released,6.0,236,2007,1,0,0,0,1,0,0,0,0,0,0,0,0,0,0,0,0,0,0,0,0,3.0
16500000.0,en,12.102725,126.0,Released,7.0,199,2003,2,0,0,0,0,0,0,1,0,0,0,0,0,0,0,0,0,0,0,0,0,2.0
16400000.0,en,55.458584,129.0,Released,8.1,2705,1989,3,0,0,0,0,0,0,1,0,0,0,0,0,0,0,0,0,0,0,0,0,4.0
16000000.0,en,35.777067,107.0,Released,6.5,1859,1994,3,0,0,0,1,0,0,0,0,0,0,0,0,0,0,0,0,0,0,0,0,11.5
16000000.0,en,18.430419,96.0,Released,7.3,950,1989,3,0,0,0,1,0,0,1,0,0,0,0,0,0,0,1,0,0,0,0,0,11.0
16000000.0,en,7.980632,129.0,Released,7.4,131,1982,3,0,0,0,0,0,0,1,0,0,0,0,0,0,0,0,0,0,0,0,0,6.0
16000000.0,en,14.759948,93.0,Released,5.9,542,2000,3,0,1,0,1,0,0,0,0,0,0,0,0,0,0,0,0,0,0,0,0,7.0
14000000.0,en,9.229999,106.0,Released,6.0,122,1999,2,0,0,0,1,0,0,1,0,0,0,0,0,0,0,1,0,0,0,0,0,6.0
15000000.0,en,29.943316,100.0,Released,7.3,1049,2011,3,0,0,0,1,0,0,1,0,0,0,0,0,0,0,1,0,0,0,0,0,1.0
16000000.0,en,15.788784,87.0,Released,4.8,365,2009,3,0,0,0,0,0,0,0,0,0,0,0,1,0,1,0,0,0,1,0,0,2.0
16000000.0,en,41.083914,94.0,Released,7.6,1662,2012,3,0,0,0,1,0,0,1,0,0,0,0,0,0,0,1,0,0,0,0,0,7.0
16000000.0,en,21.380635,91.0,Released,5.9,402,2006,3,0,0,0,0,0,0,0,0,0,0,0,1,0,0,0,0,0,0,0,0,5.0
18500000.0,en,1.884558,120.0,Released,6.4,30,2016,1,0,0,0,0,0,0,1,0,0,0,0,0,0,0,0,0,0,0,0,0,1.0
16000000.0,en,4.382761,80.0,Released,3.7,78,2002,3,0,0,0,1,0,0,0,1,0,0,0,0,0,0,0,0,0,0,0,0,1.0
19000000.0,es,90.809408,118.0,Released,7.6,3041,2006,3,0,0,0,0,0,0,1,0,1,0,0,0,0,0,0,0,0,0,1,0,5.0
38000000.0,en,6.579017,94.0,Released,4.8,44,2001,2,1,0,0,1,0,0,0,1,0,0,0,0,0,0,0,0,0,0,0,0,5.0
16000000.0,en,7.854989,130.0,Released,7.4,55,2001,3,0,0,0,0,1,0,1,0,0,0,0,0,0,0,1,0,0,0,0,0,7.0
16000000.0,en,11.807269,91.0,Released,5.3,224,2011,3,0,0,0,0,0,0,1,0,0,0,0,1,0,0,0,0,0,1,0,0,1.0
17700000.0,en,15.976335,91.0,Released,5.5,242,2001,3,0,1,0,1,0,0,1,0,0,0,0,0,0,1,1,0,0,0,0,0,4.0
15000000.0,en,10.484642,110.0,Released,5.3,215,1991,3,1,0,0,0,1,0,1,0,0,0,0,0,0,0,0,0,0,1,0,0,2.0
12000000.0,en,38.623178,121.0,Released,7.4,2199,2007,3,1,0,0,1,1,0,0,0,0,0,0,0,0,0,0,0,0,0,0,0,5.0
16000000.0,en,8.8321,114.0,Released,4.6,96,2008,3,0,0,0,1,0,0,1,0,0,0,0,0,0,0,1,0,0,0,0,0,1.0
15000000.0,en,32.758254,96.0,Released,6.7,1020,2008,3,0,0,0,0,0,0,1,0,0,0,0,0,0,0,1,0,0,0,0,0,22.0
25000000.0,sv,6.091033,139.0,Released,6.4,76,2007,3,1,1,0,0,0,0,1,0,0,0,0,0,0,0,1,0,0,0,0,0,1.0
16000000.0,en,9.119797,94.0,Released,5.4,103,2000,2,0,0,0,1,0,0,1,0,0,0,0,0,0,0,1,0,0,0,0,0,3.0
16000000.0,en,9.423866,109.0,Released,7.2,108,2002,2,0,0,0,0,0,0,1,0,0,0,0,0,0,0,0,0,0,0,0,0,1.0
16000000.0,en,32.257414,100.0,Released,5.3,837,2009,3,0,0,0,1,0,0,0,0,0,0,0,1,0,0,0,0,0,0,0,0,2.0
16000000.0,en,3.021835,96.0,Released,5.4,43,2000,1,0,0,0,1,1,0,0,0,0,0,0,0,0,1,0,0,0,0,0,0,1.0
16000000.0,en,7.612849,90.0,Released,7.0,127,1987,1,0,0,0,1,0,0,1,0,0,0,0,0,0,0,0,0,0,0,0,0,22.0
20000000.0,en,36.764666,113.0,Released,6.9,948,2010,3,0,0,0,0,0,0,1,0,0,0,0,0,0,0,1,0,0,0,0,0,1.0
18500000.0,en,3.199784,99.0,Released,5.7,42,2003,1,0,0,0,1,0,0,1,0,0,0,0,0,0,0,1,0,0,0,0,0,2.0
20000000.0,en,9.455596,108.0,Released,5.3,131,1988,1,0,0,0,1,0,0,0,0,0,0,0,0,0,0,0,1,0,0,0,0,3.0
26000000.0,en,44.301745,125.0,Released,7.6,988,1993,3,0,0,0,0,0,0,1,0,0,0,0,0,0,0,0,0,0,0,0,0,5.0
16000000.0,en,19.890428,100.0,Released,6.8,378,1999,2,0,0,0,0,0,0,0,0,0,0,0,0,0,1,0,1,0,1,0,0,1.0
16000000.0,en,0.830596,97.0,Released,4.6,10,2004,1,0,0,0,1,0,0,1,0,0,0,0,0,0,0,0,0,0,0,0,0,1.0
16000000.0,en,2.637355,107.0,Released,5.1,36,1979,1,1,0,0,0,0,0,0,0,0,0,0,0,0,0,0,1,0,1,0,0,1.0
25000000.0,en,2.25453,112.0,Released,5.5,34,2000,3,0,0,0,1,0,0,1,0,0,0,0,0,1,0,0,0,0,0,0,0,1.0
16000000.0,en,8.711782,112.0,Released,6.4,113,2002,1,0,0,0,1,0,0,1,0,0,0,0,0,0,0,0,0,0,0,0,0,22.0
6500000.0,en,5.700333,95.0,Released,6.7,100,1999,1,0,0,0,1,0,0,0,0,0,0,0,0,1,0,0,0,0,0,0,0,2.0
16000000.0,en,29.253833,116.0,Released,6.8,624,1986,1,1,1,0,0,0,0,0,0,1,0,0,0,0,0,0,0,0,0,0,0,4.0
16000000.0,en,8.842869,113.0,Released,6.7,90,2007,1,0,0,0,0,0,0,1,0,0,0,0,0,0,0,0,0,0,0,0,0,1.0
16000000.0,en,2.848727,97.0,Released,4.3,48,1997,1,1,1,0,0,0,0,0,0,0,0,0,0,0,0,0,1,0,0,0,0,1.0
16000000.0,en,13.832464,117.0,Released,6.2,250,2013,1,0,0,0,0,0,0,1,0,0,0,0,0,0,0,1,0,0,0,0,0,4.0
16000000.0,en,4.488547,135.0,Released,6.9,21,2005,1,0,0,0,0,0,0,1,1,0,0,1,0,0,0,1,0,0,0,0,0,7.0
20000000.0,en,38.802415,101.0,Released,6.5,956,2013,2,0,0,0,0,1,0,1,0,0,0,0,0,0,1,0,0,0,1,0,0,8.0
16000000.0,en,9.400404,86.0,Released,4.7,108,2004,1,0,0,0,1,0,0,0,0,0,0,0,0,0,0,1,0,0,0,0,0,1.0
11000000.0,fr,18.923181,106.0,Released,6.8,615,2008,3,0,0,0,1,0,0,0,0,0,0,0,0,0,0,0,0,0,0,0,0,1.0
20000000.0,en,2.397987,96.0,Released,6.3,29,2008,2,0,0,0,0,0,0,1,0,0,0,0,0,0,0,0,0,0,0,0,0,1.0
13000000.0,en,20.39955,161.0,Released,7.2,387,2009,1,0,0,0,0,0,0,1,0,1,0,0,0,0,0,0,0,0,0,0,0,2.0
16000000.0,en,7.251897,93.0,Released,4.8,91,2012,1,0,0,0,1,0,0,0,0,0,0,0,1,0,0,1,0,0,0,0,0,4.0
16000000.0,en,43.217089,93.0,Released,7.7,1717,2009,3,0,0,0,0,0,0,1,1,0,0,0,0,0,0,0,0,0,0,0,0,9.0
16000000.0,en,14.529496,110.0,Released,6.7,172,2013,3,0,0,0,0,1,0,1,0,0,0,0,0,0,0,0,0,0,1,0,0,1.0
16000000.0,en,20.59148,122.0,Released,6.4,258,2014,1,0,0,0,0,0,0,1,0,0,0,0,0,0,0,0,0,0,0,0,1,2.0
15600000.0,en,2.244947,91.0,Released,4.2,20,2002,2,0,0,0,1,0,0,1,0,0,0,0,0,0,0,0,0,0,0,0,0,1.0
35000000.0,en,1.326264,115.0,Released,5.7,16,2002,1,0,0,0,0,0,0,1,0,0,0,0,0,0,0,0,0,0,0,1,0,6.0
13500000.0,en,0.212108,99.0,Released,5.3,3,2001,1,1,1,0,0,0,0,1,0,0,0,0,0,0,0,0,0,0,0,0,0,1.0
15500000.0,en,6.630856,93.0,Released,5.5,16,2005,1,0,0,0,0,1,0,1,0,0,0,0,0,0,1,0,0,0,1,0,0,1.0
15300000.0,fr,18.20957,94.0,Released,6.2,283,2001,1,1,0,0,1,0,0,1,0,0,0,0,0,0,0,0,0,0,0,0,0,1.0
15500000.0,en,17.327279,95.0,Released,6.3,317,2006,1,0,0,0,1,0,0,0,0,0,0,0,1,0,0,0,1,0,0,0,0,4.0
15000000.0,en,29.843818,105.0,Released,6.8,961,1984,3,1,0,0,1,1,0,0,0,0,0,0,0,0,0,0,0,0,0,0,0,4.0
18000000.0,en,2.186927,103.0,Released,7.1,2414,1990,3,0,0,0,1,0,0,0,1,0,0,0,0,0,0,0,0,0,0,0,0,11.0
11000000.0,es,12.335827,102.0,Released,5.8,253,1987,3,0,0,0,1,0,0,1,1,0,0,0,0,0,0,0,0,0,0,0,0,3.0
21000000.0,en,20.818567,116.0,Released,6.9,421,1982,3,0,0,0,1,0,0,0,0,0,0,0,0,0,0,1,0,0,0,0,0,5.0
15000000.0,en,58.900647,110.0,Released,6.7,1698,1986,3,1,0,0,0,0,0,0,0,0,0,0,0,0,0,1,0,0,0,1,0,12.0
17000000.0,zh,45.742254,120.0,Released,7.2,927,2000,3,1,1,0,0,0,0,1,0,0,0,0,0,0,0,1,0,0,0,0,0,8.0
15000000.0,en,80.878605,122.0,Released,7.9,3313,1999,3,0,0,0,0,0,0,1,0,0,0,0,0,0,0,0,0,0,0,0,0,7.0
15000000.0,en,54.053576,118.0,Released,7.6,2752,2010,3,0,0,0,0,0,0,1,0,0,0,1,0,0,0,0,0,0,0,0,0,3.0
15000000.0,en,17.638286,107.0,Released,5.7,559,1988,3,0,0,0,1,0,0,0,0,0,0,0,0,0,0,0,0,0,0,0,0,8.0
15000000.0,en,3.803495,102.0,Released,6.4,52,2008,1,0,0,0,0,0,0,1,0,0,0,0,0,0,0,1,0,0,0,0,0,1.0
15000000.0,en,17.571533,154.0,Released,7.7,338,1985,3,0,0,0,0,0,0,1,0,0,0,0,0,0,0,0,0,0,0,0,0,27.0
16000000.0,ko,4.628525,120.0,Released,6.5,48,2009,1,1,1,0,0,0,0,1,0,0,0,0,0,0,0,0,0,0,1,0,0,1.0
14000000.0,en,145.364591,113.0,Released,8.0,5723,2014,3,0,0,0,0,0,0,1,0,0,0,1,0,0,0,0,0,0,1,1,0,2.0
15000000.0,en,12.18838,109.0,Released,6.0,102,1980,3,0,0,0,1,0,0,0,0,0,0,0,0,0,0,0,0,0,0,0,0,2.0
15000000.0,en,3.826685,125.0,Released,7.2,67,1980,3,0,0,0,0,0,0,1,0,0,0,0,0,1,0,0,0,0,0,0,0,6.0
15000000.0,en,21.095489,92.0,Released,5.9,355,2010,3,0,0,0,1,0,0,0,1,0,0,0,0,0,0,0,0,0,0,0,0,3.0
15000000.0,en,47.455148,100.0,Released,6.0,1401,2013,3,0,0,0,0,0,0,0,0,0,0,0,1,0,0,0,0,0,0,0,0,1.0
15000000.0,en,22.838834,98.0,Released,7.1,410,1983,3,0,1,0,1,0,0,0,0,0,0,0,0,0,0,1,0,0,0,0,0,8.0
15000000.0,en,27.165222,92.0,Released,6.0,680,2013,3,0,0,0,1,0,0,0,0,0,0,0,0,0,0,0,0,0,0,0,0,4.0
15000000.0,en,19.113278,103.0,Released,6.8,338,2006,3,0,0,0,0,0,0,1,0,0,0,0,0,0,0,0,0,0,0,0,0,10.0
15000000.0,en,58.553213,92.0,Released,7.1,1444,1988,3,0,0,0,1,0,0,0,0,1,0,0,0,0,0,0,0,0,0,0,0,14.0
15000000.0,en,2.005111,113.0,Released,6.1,33,2007,3,0,0,0,1,0,0,1,0,0,0,0,0,0,0,0,0,0,0,0,0,9.0
18000000.0,en,16.418639,115.0,Released,7.0,215,1994,3,0,0,0,0,0,0,1,0,0,0,0,0,0,0,1,0,0,0,0,0,2.0
17000000.0,en,43.675191,95.0,Released,6.1,1206,2012,3,0,0,0,0,0,0,1,0,0,0,0,1,0,0,0,0,0,1,0,0,2.0
15000000.0,en,4.688212,87.0,Released,5.4,268,2006,3,0,0,0,0,0,0,0,0,0,0,0,1,0,0,0,0,0,1,0,0,8.0
15000000.0,en,9.125594,88.0,Released,5.6,197,2002,3,0,0,0,1,0,0,0,1,0,0,0,0,0,0,0,0,0,0,0,0,11.0
15000000.0,en,19.786392,183.0,Released,7.8,921,1978,3,0,0,0,0,0,0,1,0,0,0,0,0,0,0,0,0,0,0,1,0,2.0
15000000.0,en,13.581966,97.0,Released,6.7,270,1997,3,0,0,0,1,0,0,1,0,0,0,0,0,0,0,0,0,0,0,0,0,13.0
17000000.0,en,11.927667,94.0,Released,5.7,280,2003,3,0,0,0,1,0,0,0,1,0,0,0,0,0,0,0,0,0,0,0,0,1.0
35000000.0,en,30.556135,112.0,Released,5.8,1138,2013,2,0,0,0,0,0,0,1,0,0,0,0,0,0,0,0,0,0,1,0,0,1.0
15000000.0,en,31.565117,98.0,Released,5.9,584,2015,3,0,0,0,1,0,0,0,0,1,0,0,1,0,0,0,0,0,0,0,0,1.0
15000000.0,en,21.535126,104.0,Released,6.2,492,1998,3,0,0,0,0,0,0,0,0,0,0,0,1,0,1,0,1,0,0,0,0,17.0
15000000.0,en,7.921311,118.0,Released,6.9,72,1993,3,0,0,0,0,0,0,1,0,0,0,0,0,1,0,0,0,0,0,0,0,2.0
15000000.0,en,19.284129,104.0,Released,6.6,382,1997,3,1,0,0,0,1,0,1,0,0,0,0,0,0,0,0,0,0,0,0,0,8.0
16000000.0,en,23.423082,89.0,Released,5.5,431,2001,3,0,0,0,1,0,0,0,0,0,0,0,0,0,0,0,0,0,0,0,0,1.0
7000000.0,en,49.517264,109.0,Released,7.2,1170,2012,3,0,0,0,0,1,0,1,0,0,0,0,0,0,0,0,0,0,1,0,0,6.0
15000000.0,en,11.375032,106.0,Released,5.8,156,2000,3,0,0,0,0,1,0,1,0,0,0,0,0,0,0,0,0,0,1,0,0,9.0
15000000.0,en,61.182331,123.0,Released,7.8,3311,2014,3,0,0,0,0,0,0,1,0,0,0,0,0,0,0,1,0,0,0,0,0,2.0
15000000.0,en,7.314796,86.0,Released,4.7,77,2003,3,0,0,0,1,1,0,0,0,0,0,0,0,0,0,0,0,0,0,0,0,5.0
15000000.0,en,6.857923,120.0,Released,6.9,155,2000,3,0,0,0,1,0,0,1,0,0,0,0,0,0,0,1,0,0,0,0,0,1.0
15000000.0,en,41.286336,216.0,Released,7.8,851,1962,3,0,1,0,0,0,0,1,0,0,0,1,0,0,0,0,0,0,0,1,0,4.0
15000000.0,en,12.929525,105.0,Released,5.1,267,2009,3,0,0,0,0,0,0,0,0,0,0,0,1,0,0,0,0,0,0,0,0,5.0
15000000.0,en,42.952942,115.0,Released,7.0,951,2014,3,0,0,0,0,0,0,1,0,0,0,0,0,0,0,0,0,0,0,0,0,3.0
15000000.0,en,19.760383,110.0,Released,6.2,440,2009,3,0,0,0,0,1,0,1,0,0,0,0,1,0,0,0,0,0,1,0,0,1.0
15000000.0,en,10.194097,88.0,Released,6.2,230,2005,3,0,0,0,1,0,0,0,0,0,0,0,0,0,0,1,0,0,0,0,0,2.0
13000000.0,en,11.045593,94.0,Released,4.5,228,2002,3,0,0,0,0,0,0,0,0,0,0,0,1,0,0,0,0,0,1,0,0,1.0
16000000.0,en,44.533612,98.0,Released,7.6,1486,1987,3,0,1,0,1,0,0,0,1,1,0,0,0,0,0,1,0,0,0,0,0,11.0
15000000.0,en,10.84158,126.0,Released,6.9,151,2007,3,0,0,0,0,0,0,1,0,0,0,0,0,0,0,0,0,0,0,0,0,2.0
15000000.0,en,49.294864,100.0,Released,7.4,3725,2011,3,1,0,0,0,1,0,1,0,0,0,0,0,0,0,0,0,0,1,0,0,4.0
15000000.0,en,7.424798,89.0,Released,5.1,221,2004,3,0,0,0,1,0,0,0,0,0,0,0,0,0,0,0,0,0,0,0,0,1.0
15000000.0,en,5.164281,111.0,Released,5.6,72,1998,3,0,0,0,1,0,0,1,0,0,0,0,0,0,0,1,0,0,0,0,0,3.0
15000000.0,en,34.759855,100.0,Released,6.5,1197,2007,3,0,0,0,0,0,0,0,0,0,0,0,1,0,0,0,1,0,1,0,0,1.0
15000000.0,en,7.297757,115.0,Released,6.3,130,2014,3,0,0,0,0,0,0,1,0,0,0,0,0,0,0,0,0,0,0,0,0,3.0
14000000.0,en,3.334804,106.0,Released,6.1,61,2005,3,0,0,0,1,0,0,1,1,0,0,0,0,0,0,0,0,0,0,0,0,5.0
20000000.0,en,2.027393,124.0,Released,7.4,88,2000,2,1,0,0,1,0,0,1,0,0,0,0,0,0,0,1,0,0,0,0,0,3.0
15000000.0,en,13.817269,107.0,Released,6.9,275,1997,3,1,0,0,1,0,0,0,0,0,0,0,0,0,0,1,0,0,1,0,0,2.0
15000000.0,en,13.237835,99.0,Released,4.7,295,2009,3,0,0,0,1,0,0,0,0,0,0,0,0,0,0,0,0,0,0,0,0,1.0
15000000.0,en,3.890223,90.0,Released,4.3,212,2000,3,0,0,0,0,0,0,0,0,0,0,0,1,0,1,0,0,0,1,0,0,1.0
15000000.0,en,19.517239,101.0,Released,6.3,380,1996,3,0,0,0,0,0,0,1,0,1,0,0,1,0,0,0,0,0,1,0,0,4.0
15000000.0,en,30.669913,124.0,Released,7.3,1105,2005,3,0,0,0,0,1,0,1,0,0,0,0,0,0,0,1,0,0,1,0,0,22.0
15000000.0,en,9.681147,103.0,Released,6.1,245,2010,3,0,0,0,1,0,0,0,1,0,0,0,0,0,0,0,0,0,0,0,0,2.0
11500000.0,en,15.355589,134.0,Released,7.5,202,1993,3,0,0,0,0,0,0,1,0,0,0,0,0,0,0,1,0,0,0,0,0,7.0
15000000.0,en,19.85579,155.0,Released,7.5,796,1997,3,0,0,0,0,0,0,1,0,0,0,0,0,0,0,0,0,0,0,0,0,6.0
15000000.0,en,11.689337,94.0,Released,5.5,119,1993,3,1,1,0,0,0,0,1,0,0,0,0,0,0,0,0,0,0,1,0,0,2.0
15000000.0,en,3.043589,95.0,Released,6.1,52,2006,2,0,0,0,0,0,0,1,0,0,0,0,0,0,0,0,0,0,0,0,0,2.0
15000000.0,en,17.141376,89.0,Released,5.2,351,2007,3,0,0,0,0,0,0,0,0,0,0,0,1,0,0,0,0,0,1,0,0,1.0
14000000.0,en,8.885017,97.0,Released,4.4,100,2000,3,0,0,0,0,0,0,0,0,0,0,0,1,0,0,0,0,0,0,0,0,1.0
15000000.0,en,4.115398,90.0,Released,6.4,128,2002,2,0,0,0,0,0,0,1,1,1,0,0,0,0,0,1,1,0,0,0,0,3.0
20000000.0,en,7.679336,92.0,Released,5.0,163,2006,2,1,1,0,0,0,0,1,0,0,0,0,0,0,0,0,0,0,1,0,0,1.0
15000000.0,en,18.268009,94.0,Released,6.0,421,2016,2,1,0,0,1,0,0,0,0,0,0,0,0,0,0,0,0,0,0,0,0,1.0
15000000.0,en,7.809701,117.0,Released,5.9,80,2010,2,0,0,0,0,0,0,1,0,0,0,0,0,0,0,1,0,0,0,0,0,3.0
15000000.0,en,9.378688,84.0,Released,5.5,104,1998,2,0,0,0,0,0,0,0,0,0,0,0,1,0,1,0,1,0,0,0,0,1.0
15000000.0,en,35.395129,140.0,Released,6.8,1653,2013,3,0,0,0,0,1,0,1,0,0,0,0,0,0,0,0,0,0,0,0,0,2.0
15000000.0,en,45.317278,108.0,Released,6.0,639,2014,3,1,0,0,0,1,0,0,0,0,0,0,0,0,0,0,0,0,1,0,0,7.0
15000000.0,en,4.302941,109.0,Released,5.3,42,1999,2,0,0,0,0,0,0,1,0,0,0,0,0,0,1,0,0,0,1,0,0,2.0
15000000.0,en,47.006162,131.0,Released,7.2,1840,2008,3,0,0,0,0,0,0,1,0,0,0,0,0,0,0,0,0,0,1,1,0,3.0
15000000.0,en,11.379652,114.0,Released,5.9,173,1984,2,1,0,0,0,0,0,1,0,1,0,0,1,0,0,0,0,0,1,0,0,4.0
15000000.0,en,24.612603,97.0,Released,5.8,742,2012,3,0,0,0,0,1,0,0,0,0,0,0,0,0,0,0,0,0,1,0,0,2.0
15000000.0,en,26.708193,121.0,Released,6.5,541,2014,3,0,0,0,0,0,0,0,0,0,0,0,0,0,0,0,0,0,1,0,0,3.0
14000000.0,en,8.710294,87.0,Released,4.6,115,2001,2,0,0,0,1,0,0,0,0,0,0,0,0,0,0,0,0,0,0,0,0,1.0
15000000.0,en,1.800119,85.0,Released,5.9,25,2008,1,0,1,1,1,0,0,0,1,0,0,0,0,0,0,0,1,0,0,0,0,2.0
15000000.0,en,0.335195,85.0,Released,6.7,10,2007,2,0,0,0,0,0,1,0,0,0,0,0,0,1,0,0,0,0,0,0,0,2.0
25000000.0,en,11.782725,87.0,Released,4.4,104,2000,1,1,0,0,0,0,0,0,0,1,0,0,0,0,0,0,1,0,0,0,0,2.0
15000000.0,en,2.711955,121.0,Released,5.1,17,2006,1,0,0,0,0,1,0,1,0,0,0,0,0,1,0,0,0,0,0,0,0,1.0
15000000.0,en,16.629173,107.0,Released,7.0,978,2011,3,0,0,0,0,0,0,1,0,0,0,0,0,0,0,1,0,0,0,0,0,2.0
15000000.0,en,20.05902,111.0,Released,6.7,357,2009,2,0,0,0,0,0,0,1,0,0,0,0,0,0,0,0,0,0,0,0,0,1.0
15000000.0,en,8.113634,92.0,Released,5.9,97,2001,1,0,0,0,0,1,0,0,0,0,0,0,0,0,0,0,0,0,1,0,0,2.0
15000000.0,en,9.87419,97.0,Released,6.4,126,2003,2,1,0,0,1,1,0,0,0,0,0,0,0,0,0,0,0,0,1,0,0,3.0
18500000.0,en,2.857936,97.0,Released,5.3,31,1999,2,0,0,0,1,0,0,0,0,1,0,0,0,0,0,0,0,0,0,0,0,1.0
20000000.0,en,3.138118,125.0,Released,6.3,32,2004,1,0,0,0,0,0,0,1,0,0,0,0,0,1,0,0,0,0,0,0,0,4.0
15000000.0,en,6.684096,124.0,Released,6.2,64,1989,1,0,0,0,1,0,0,1,0,0,0,0,0,0,0,1,0,0,0,0,0,18.333333333333332
27500000.0,en,0.722911,76.0,Released,2.9,8,1998,3,0,0,0,0,0,0,0,1,0,0,0,0,0,0,0,0,0,0,0,0,1.0
15000000.0,en,17.672021,96.0,Released,5.2,358,2012,2,1,0,0,0,0,0,0,0,0,0,0,0,0,0,0,0,0,0,0,0,1.0
15000000.0,en,3.033471,93.0,Released,4.8,32,1998,1,0,0,0,1,0,0,1,0,0,0,0,0,0,0,1,0,0,0,0,0,4.0
15000000.0,en,3.313257,96.0,Released,5.4,48,2000,1,0,0,0,0,0,0,0,0,0,0,0,0,0,0,1,0,0,0,0,0,1.0
15000000.0,en,41.089863,132.0,Released,7.5,861,1985,1,0,0,0,1,0,0,0,0,0,0,0,0,0,0,0,1,0,0,0,0,7.0
15000000.0,en,10.9071,103.0,Released,6.0,211,2004,1,0,0,0,0,0,0,1,0,0,0,0,0,1,0,1,0,0,0,0,0,2.0
15000000.0,en,49.230089,117.0,Released,7.8,2926,1998,3,0,0,0,1,1,0,0,0,0,0,0,0,0,0,0,0,0,0,0,0,12.0
15000000.0,en,11.429607,116.0,Released,6.6,243,2006,1,0,0,0,0,0,0,1,0,0,0,0,0,0,0,0,0,0,0,0,0,2.0
15000000.0,en,6.373316,118.0,Released,6.5,85,2002,1,1,0,0,0,1,0,1,0,0,0,0,0,0,0,0,0,0,1,0,0,4.0
16000000.0,en,9.717392,100.0,Released,6.7,95,2007,2,0,0,0,0,0,0,1,0,0,0,0,0,0,0,0,0,0,1,0,0,6.0
15000000.0,en,8.074807,94.0,Released,5.0,37,2000,1,0,0,0,1,0,0,1,0,0,0,0,0,0,0,1,0,0,0,0,0,3.0
20000000.0,en,7.034752,94.0,Released,4.7,146,2002,1,0,0,0,1,0,0,0,0,0,0,0,0,0,0,0,0,0,0,0,0,1.0
15000000.0,en,7.250379,97.0,Released,6.7,127,2002,2,0,0,0,1,0,0,1,0,0,0,1,0,0,0,1,0,0,0,0,0,4.0
14000000.0,en,0.116873,98.0,Released,4.7,3,1998,2,0,0,0,1,0,0,1,0,1,0,0,0,0,0,1,0,0,0,0,0,1.0
15000000.0,en,7.712206,91.0,Released,5.5,44,2006,1,0,0,0,0,0,0,1,1,0,0,0,0,0,0,0,0,0,0,0,0,1.0
15000000.0,en,25.329493,107.0,Released,7.4,1388,2008,3,0,0,0,1,1,0,1,0,0,0,0,0,0,0,0,0,0,0,0,0,2.0
15.0,en,5.112809,95.0,Released,5.6,26,2013,3,0,0,0,1,0,0,0,0,0,0,0,0,0,0,0,0,0,0,0,0,1.0
15000000.0,en,13.832376,102.0,Released,5.6,156,2008,1,0,0,0,1,0,0,0,0,0,0,0,0,1,0,0,0,0,0,0,0,4.0
15000000.0,en,7.446069,89.0,Released,5.0,100,2009,1,0,0,0,1,0,0,0,0,0,0,0,0,0,0,0,0,0,0,0,0,3.0
15000000.0,en,13.568302,106.0,Released,6.0,243,2012,1,0,0,0,0,0,0,1,0,0,0,0,0,0,0,0,0,0,0,0,0,8.0
15000000.0,en,21.857387,92.0,Released,6.8,350,2009,3,0,0,0,1,0,0,0,0,0,0,0,0,0,0,1,0,0,0,0,0,22.0
15000000.0,en,0.249245,105.0,Released,4.7,15,2000,1,0,0,0,0,0,0,0,0,0,0,0,0,0,0,0,0,0,1,0,0,2.0
15000000.0,en,12.163832,121.0,Released,7.0,177,2005,1,0,1,0,0,1,0,1,0,0,0,0,0,0,1,0,0,0,0,0,1,2.0
45000000.0,en,8.962245,120.0,Released,6.0,90,1999,1,0,0,0,1,0,0,1,0,0,0,1,0,0,0,0,0,0,0,0,0,1.0
15000000.0,en,32.690038,103.0,Released,7.2,886,2005,2,1,0,0,1,1,0,0,0,0,0,0,0,0,1,0,0,0,0,0,0,2.0
25000000.0,en,8.583217,92.0,Released,6.1,182,1999,1,0,0,0,1,0,0,0,0,0,0,0,1,0,0,0,0,0,1,0,0,1.0
15000000.0,en,31.60985,147.0,Released,7.6,1477,2001,2,0,0,0,0,0,0,1,0,0,0,0,0,0,1,0,0,0,1,0,0,5.0
15000000.0,en,12.295216,98.0,Released,5.4,87,2007,1,0,0,0,0,0,0,1,0,1,0,0,1,0,0,1,0,0,0,0,0,1.0
22000000.0,en,12.4654,98.0,Released,5.8,251,2010,3,0,0,0,1,0,0,1,0,0,0,0,0,0,0,1,0,0,0,0,0,22.0
15000000.0,en,30.983397,104.0,Released,6.8,737,2010,1,0,0,0,0,0,0,1,0,0,0,0,0,0,0,1,1,0,0,0,0,2.0
16000000.0,en,1.485324,276.0,Released,7.0,12,2007,2,0,0,0,0,0,0,1,0,0,0,0,0,0,0,0,0,0,0,0,0,2.0
15000000.0,en,11.428903,111.0,Released,6.5,195,2008,1,0,0,0,0,1,0,0,0,0,0,0,0,0,1,0,0,0,1,0,0,5.0
15000000.0,en,5.484679,98.0,Released,4.8,27,1986,1,0,1,0,0,0,0,1,0,0,0,0,0,0,0,0,0,0,0,0,0,1.0
14000000.0,en,5.770246,111.0,Released,6.5,12,1999,2,0,0,0,1,0,0,1,0,0,0,0,0,0,0,0,0,0,0,0,0,1.0
15000000.0,en,15.175289,112.0,Released,6.3,545,2007,1,0,0,0,0,1,0,0,0,0,0,0,1,0,0,0,0,0,1,0,0,3.0
12750000.0,en,2.414721,100.0,Released,5.5,31,2015,3,0,0,0,0,0,0,1,0,0,0,0,0,0,0,0,1,0,1,0,0,1.0
25000000.0,en,0.470645,116.0,Released,6.6,23,1999,1,0,0,0,0,0,0,1,0,0,0,0,0,0,0,0,0,0,0,0,0,6.0
92620000.0,de,32.351527,153.0,Released,8.0,657,1927,1,0,0,0,0,0,0,1,0,0,0,0,0,0,0,0,1,0,0,0,0,1.0
12000000.0,fr,17.493735,84.0,Released,6.5,565,2004,1,1,0,0,0,0,0,0,0,0,0,0,0,0,0,0,1,0,1,0,0,4.0
8000000.0,en,6.932221,116.0,Released,6.7,85,1995,1,0,0,0,0,1,0,1,0,0,0,0,0,0,0,0,0,0,0,0,0,6.0
15000000.0,zh,8.142166,105.0,Released,6.6,157,2015,1,1,0,0,0,0,0,1,0,0,0,1,0,0,0,0,0,0,0,0,0,1.0
15000000.0,en,6.329672,98.0,Released,6.5,93,2001,1,0,0,0,1,1,0,1,0,0,0,0,0,0,0,0,0,0,1,1,0,2.0
41000000.0,ru,7.744166,105.0,Released,7.4,100,2003,1,0,0,0,0,0,0,1,0,0,0,0,0,0,1,0,0,0,1,0,0,1.0
8500000.0,th,9.029489,98.0,Released,6.0,152,2008,2,1,1,0,0,0,0,0,0,0,0,0,0,0,0,0,0,0,1,0,0,1.0
12000000.0,en,22.708647,97.0,Released,5.9,386,2010,1,1,1,0,0,0,0,1,0,0,0,0,0,0,0,0,0,0,0,0,0,3.0
15000000.0,en,2.609057,93.0,Released,5.0,22,1996,1,1,0,0,0,0,0,1,0,0,0,0,0,0,0,0,0,0,1,0,0,4.0
15000000.0,en,19.913961,98.0,Released,6.0,290,2008,1,0,0,0,0,1,0,1,0,0,0,0,1,0,1,0,0,0,1,0,0,1.0
15000000.0,en,1.897761,107.0,Released,5.2,5,2011,2,0,0,0,0,0,0,1,0,0,0,0,0,0,0,0,0,0,0,0,0,1.0
15000000.0,en,7.701186,90.0,Released,4.8,92,2011,1,0,0,0,0,1,0,1,0,0,0,0,0,0,0,0,0,0,1,0,0,1.0
15000000.0,en,1.833058,99.0,Released,6.1,7,2001,1,1,0,0,1,0,0,1,0,0,0,1,0,0,0,0,0,0,0,0,0,3.0
15000000.0,en,12.185204,93.0,Released,5.7,41,2007,1,0,0,0,1,0,0,1,0,1,0,0,0,1,0,1,0,0,0,0,0,1.0
17610801.0,en,2.500218,141.0,Released,5.6,31,2008,1,0,0,0,0,0,0,1,0,1,0,0,0,0,0,0,0,0,0,0,0,1.0
20000000.0,en,6.459787,85.0,Released,5.8,72,2013,2,0,1,1,0,0,0,0,1,0,0,0,0,0,0,0,0,0,0,0,0,1.0
7000000.0,en,49.808505,110.0,Released,5.6,670,2014,1,0,0,0,0,0,0,0,0,0,0,0,0,0,0,0,1,0,1,0,0,1.0
45000000.0,en,4.901936,105.0,Released,4.8,36,2005,2,1,1,0,0,0,0,0,0,1,0,0,0,0,0,0,0,0,0,0,0,1.0
15000000.0,it,0.738646,98.0,Released,7.3,12,2015,3,0,0,0,0,0,0,1,0,0,0,0,0,0,0,0,0,0,0,0,0,1.0
15000000.0,zh,5.294319,119.0,Released,6.7,65,2009,1,1,0,0,0,1,0,1,0,0,0,0,0,0,0,0,0,0,1,0,0,1.0
21000000.0,en,0.165367,124.0,Released,4.5,2,2001,2,0,0,0,0,0,0,1,0,0,1,0,0,0,0,0,0,0,0,0,0,1.0
14600000.0,en,52.744331,101.0,Released,7.4,2301,1993,3,0,0,0,1,0,0,1,0,1,0,0,0,0,0,1,0,0,0,0,0,8.0
14800000.0,en,29.660993,115.0,Released,6.3,706,2015,3,0,0,0,1,0,0,1,0,0,0,0,0,1,0,0,0,0,0,0,0,1.0
14500000.0,en,41.493042,120.0,Released,6.7,1374,1996,3,0,0,0,0,0,0,1,0,0,0,0,0,0,0,1,0,0,0,0,0,4.0
10000000.0,fr,10.072199,111.0,Released,7.2,196,2010,3,0,0,0,0,0,0,1,0,0,0,0,0,0,0,0,0,0,0,1,0,1.0
14500000.0,en,4.389363,98.0,Released,5.8,9,2014,3,0,0,0,0,0,0,1,0,0,0,0,0,0,0,0,0,0,0,0,0,1.0
14000000.0,en,37.380435,131.0,Released,7.7,1113,1992,3,0,0,0,0,0,0,0,0,0,0,0,0,0,0,0,0,0,0,0,1,20.0
14200000.0,da,7.05145,139.0,Released,6.9,78,2005,1,0,0,0,0,0,0,1,0,0,0,0,0,0,0,0,0,0,0,0,0,3.0
15000000.0,en,59.258969,120.0,Released,7.6,2827,2008,3,0,0,0,0,0,0,1,0,0,0,0,0,0,0,1,0,0,0,0,0,8.0
14000000.0,en,16.742972,119.0,Released,6.6,291,1987,3,0,0,0,0,0,0,1,0,0,0,0,0,0,0,1,0,0,1,0,0,4.0
14000000.0,en,45.473484,119.0,Released,7.0,1746,1990,3,0,0,0,1,0,0,0,0,0,0,0,0,0,0,1,0,0,0,0,0,8.0
14000000.0,en,15.474831,110.0,Released,5.5,303,1988,3,0,1,0,1,0,0,0,0,0,0,0,0,0,0,0,0,0,0,0,0,1.0
15000000.0,en,4.289676,101.0,Released,5.0,10,2015,3,0,0,0,0,1,0,1,0,0,0,0,0,0,1,0,0,0,1,0,0,1.0
14000000.0,en,25.949277,145.0,Released,6.7,395,1989,3,0,0,0,0,0,0,1,0,0,0,0,0,0,0,0,0,0,0,1,0,14.0
14000000.0,en,22.409117,98.0,Released,6.8,491,1993,3,0,0,0,1,0,0,0,0,0,0,0,0,0,0,0,0,0,0,0,0,7.0
15000000.0,en,13.706357,101.0,Released,5.3,299,2009,3,0,0,0,0,0,0,0,0,0,0,0,1,0,1,0,0,0,0,0,0,4.0
13000000.0,en,6.92205,114.0,Released,6.1,88,2007,3,0,0,0,0,0,0,1,0,0,0,0,0,1,0,0,0,0,0,0,0,2.0
14000000.0,en,27.17347,125.0,Released,6.6,507,1977,3,1,1,0,0,0,0,0,0,0,0,0,0,0,0,0,0,0,1,0,0,3.0
14000000.0,en,12.159009,99.0,Released,5.6,290,1998,3,0,0,0,0,0,0,0,0,0,0,0,1,0,0,0,0,0,1,0,0,2.0
14000000.0,en,4.448494,111.0,Released,6.2,45,2012,3,0,0,0,1,0,0,1,0,0,0,0,0,0,0,1,0,0,0,0,0,9.0
14000000.0,en,13.13724,107.0,Released,6.5,135,1991,3,1,1,0,0,0,0,1,1,0,0,0,0,0,0,0,0,0,0,0,0,3.0
14000000.0,en,4.04701,81.0,Released,5.1,83,1999,3,0,0,0,1,0,0,0,1,0,0,0,0,0,0,0,0,0,0,0,0,2.0
13000000.0,en,23.3784,105.0,Released,6.2,527,2011,3,0,0,0,0,0,0,1,0,0,0,1,0,0,0,0,0,0,0,0,0,2.0
14000000.0,en,1.446172,82.0,Released,6.4,22,2002,3,1,1,1,1,0,0,0,1,1,0,0,0,0,0,1,0,0,0,0,0,1.5
14000000.0,en,3.650857,109.0,Released,6.9,47,1993,3,0,0,0,0,0,0,1,0,0,0,0,0,0,0,1,0,0,0,0,0,7.0
14000000.0,en,5.102258,95.0,Released,5.8,48,2002,3,1,1,0,1,0,0,0,0,0,0,0,0,0,0,0,0,0,0,0,0,2.0
14000000.0,en,6.772615,100.0,Released,4.5,111,1995,2,0,0,0,1,0,0,0,0,0,0,0,1,0,0,1,0,0,0,0,0,11.0
14000000.0,en,11.543363,118.0,Released,4.5,133,1977,3,0,0,0,0,0,0,0,0,1,0,0,1,0,0,0,0,0,1,0,0,3.0
14000000.0,en,7.436315,83.0,Released,5.3,142,2005,3,0,0,0,0,0,0,0,0,0,0,0,1,0,0,0,0,0,1,0,0,2.0
14000000.0,en,14.813614,83.0,Released,4.4,180,2003,3,0,0,0,1,0,0,0,0,0,0,0,0,0,0,1,0,0,0,0,0,6.0
14000000.0,en,20.792603,98.0,Released,6.2,351,2009,3,0,1,0,0,0,0,0,0,0,0,0,0,0,1,0,0,0,1,0,0,4.0
14000000.0,en,6.733485,103.0,Released,5.7,39,2010,2,0,0,0,1,0,0,0,0,0,0,0,0,0,0,0,0,0,0,0,0,4.0
14000000.0,en,7.708227,96.0,Released,5.6,49,1998,2,0,0,0,1,0,0,0,0,0,0,0,0,0,0,0,0,0,0,0,0,1.0
12000000.0,en,2.238646,117.0,Released,5.8,32,1999,3,0,0,0,1,0,0,1,0,0,0,0,0,0,0,0,0,0,0,1,0,1.0
8000000.0,en,7.866961,92.0,Released,5.5,124,1996,3,0,0,0,0,0,0,0,0,0,0,0,1,0,0,0,0,0,1,0,0,2.0
14000000.0,en,3.876242,155.0,Released,6.1,67,1977,2,0,0,0,0,0,0,1,0,0,0,0,0,1,0,1,0,0,0,0,0,21.0
14000000.0,en,1.89218,115.0,Released,6.7,31,1994,1,0,0,0,1,0,0,1,0,0,0,0,0,0,0,0,0,0,0,0,0,16.0
11000000.0,en,4.536745,90.0,Released,5.0,55,2007,2,0,0,0,1,0,0,0,0,0,0,0,0,0,0,1,0,0,0,0,0,3.0
11000000.0,en,11.220643,91.0,Released,4.5,291,2001,2,0,0,0,0,0,0,0,0,0,0,0,1,0,0,0,1,0,0,0,0,1.0
20000000.0,en,11.706309,120.0,Released,6.4,119,2006,3,0,0,0,0,0,0,1,0,0,0,1,0,0,0,0,0,0,0,0,0,1.0
14000000.0,en,4.66723,86.0,Released,5.3,73,2001,1,0,0,0,1,0,0,0,0,0,0,0,0,0,0,1,0,0,0,0,0,6.0
14000000.0,en,7.487843,87.0,Released,5.5,134,2012,1,0,0,0,1,0,0,0,0,0,0,0,0,0,0,0,0,0,0,0,0,1.0
14000000.0,fr,13.65494,112.0,Released,7.4,283,2007,2,0,0,0,0,0,0,1,0,0,0,0,0,0,0,0,0,0,0,0,0,2.0
26000000.0,en,11.942862,136.0,Released,6.9,240,2006,1,0,0,0,0,0,0,1,0,0,0,0,0,0,0,1,0,0,0,0,0,2.0
14000000.0,en,5.833687,90.0,Released,5.5,68,2000,1,0,0,0,0,0,0,1,0,0,0,0,0,0,1,0,0,0,1,0,0,3.0
14000000.0,en,6.370267,107.0,Released,6.2,21,1999,2,0,0,0,0,0,0,1,0,0,0,0,0,0,0,1,0,0,0,0,0,2.0
14000000.0,en,4.052219,101.0,Released,6.4,25,2006,1,1,0,0,0,0,0,1,0,0,0,0,0,0,0,0,0,0,1,0,0,9.0
17000000.0,en,3.231848,84.0,Released,4.4,49,2001,1,0,0,0,0,0,0,0,0,0,0,0,1,0,1,0,0,0,1,0,0,1.0
14000000.0,en,0.900442,139.0,Released,5.2,10,1995,1,0,0,0,0,0,0,1,0,0,0,0,0,0,0,1,0,0,0,0,0,7.0
24000000.0,en,8.387573,93.0,Released,6.3,108,2008,3,0,0,0,1,0,0,0,0,0,0,0,0,0,0,1,0,0,0,0,0,2.0
30000000.0,en,0.633004,127.0,Released,5.8,1,1978,3,1,1,0,0,0,0,1,0,0,0,0,0,0,0,1,0,0,0,0,0,1.0
17000000.0,en,9.242554,150.0,Released,6.3,204,2014,1,0,0,0,0,0,0,1,0,0,0,1,0,0,0,0,0,0,0,0,0,5.0
11750000.0,fr,1.866443,104.0,Released,5.8,22,2009,1,0,0,0,0,0,0,1,0,0,0,0,0,0,0,1,0,0,0,0,0,1.0
20000000.0,fr,5.930533,132.0,Released,7.1,75,2002,3,0,0,0,0,0,0,1,0,0,0,1,0,0,0,0,0,0,0,0,0,2.0
12000000.0,zh,4.930129,117.0,Released,6.7,57,2010,3,1,0,0,0,0,0,0,0,0,0,1,0,0,0,0,0,0,0,0,0,4.0
24000000.0,en,8.747922,113.0,Released,6.3,55,2008,3,0,0,0,1,0,0,1,0,0,0,1,0,0,0,0,0,0,0,0,0,4.0
14000000.0,en,4.898424,149.0,Released,6.1,86,2011,1,0,0,0,0,0,0,1,0,0,0,0,0,0,0,0,0,0,0,0,0,2.0
108.0,en,7.410523,90.0,Released,4.0,97,2009,3,0,0,0,1,0,0,0,0,0,0,0,1,0,0,0,0,0,0,0,0,1.0
14000000.0,en,24.210698,89.0,Released,7.4,418,2010,1,0,0,0,0,0,0,1,0,0,0,0,0,0,0,1,0,0,0,0,0,11.0
14000000.0,en,44.135568,134.0,Released,7.5,1480,2005,3,0,0,0,0,0,0,1,0,0,0,0,0,0,0,1,0,0,0,0,0,8.0
12000000.0,en,16.051328,97.0,Released,6.9,803,1995,3,0,0,0,1,0,0,1,0,0,0,0,0,0,0,1,0,0,0,0,0,4.0
13500000.0,en,9.982885,107.0,Released,6.9,144,2002,3,0,0,0,0,0,0,1,0,0,0,0,0,0,0,1,0,0,0,0,0,3.0
14000000.0,en,16.618874,93.0,Released,5.0,354,2015,1,0,0,0,1,0,0,0,0,0,0,0,0,0,0,0,0,0,0,0,0,3.0
13500000.0,en,7.261196,124.0,Released,6.8,128,2000,1,0,0,0,0,0,0,1,0,0,0,0,0,0,0,0,0,0,0,0,0,2.0
15000000.0,en,32.306455,110.0,Released,6.7,1206,2012,2,0,0,0,1,1,0,0,0,0,0,0,0,0,0,0,0,0,0,0,0,2.0
13500000.0,en,4.722403,105.0,Released,6.0,27,2001,1,0,0,0,0,0,0,1,0,0,0,0,0,0,1,0,0,0,1,0,0,3.0
18339750.0,de,32.445895,156.0,Released,7.7,1037,2004,3,0,0,0,0,0,0,1,0,0,0,1,0,0,0,0,0,0,0,1,0,2.0
12806000.0,es,17.363739,125.0,Released,7.2,219,2004,3,0,0,0,0,0,0,1,0,0,0,0,0,0,0,0,0,0,0,0,0,4.0
13300000.0,en,29.782161,108.0,Released,6.0,1102,2014,1,0,0,0,0,0,0,1,0,0,0,0,0,0,0,0,1,0,1,0,0,3.0
13000000.0,en,18.362333,121.0,Released,7.1,642,1987,3,0,0,0,1,0,0,1,0,0,0,0,0,0,0,0,0,0,0,1,0,13.0
13400000.0,en,0.680753,100.0,Released,4.7,7,2010,2,1,0,0,1,0,0,0,0,0,0,0,0,0,0,0,0,0,1,0,0,2.0
13000000.0,en,6.735922,105.0,Released,4.8,154,2011,3,0,0,0,0,0,1,0,1,0,0,0,0,1,0,0,0,0,0,0,0,5.0
13000000.0,en,91.285683,108.0,Released,7.3,4430,2010,3,0,0,0,0,0,0,1,0,0,0,0,0,0,0,0,0,0,1,0,0,6.0
13000000.0,en,105.792936,200.0,Released,8.3,3338,1974,3,0,0,0,0,1,0,1,0,0,0,0,0,0,0,0,0,0,0,0,0,12.0
13000000.0,en,9.969624,112.0,Released,6.3,352,2001,3,0,0,0,0,0,0,1,1,0,0,0,0,1,0,1,0,0,0,0,0,3.0
7000000.0,en,17.113408,99.0,Released,5.8,281,1988,3,0,0,0,0,0,0,0,0,0,0,0,1,0,0,0,0,0,1,0,0,15.0
16000000.0,en,10.248439,117.0,Released,6.7,186,2016,3,0,0,0,0,0,0,1,0,0,0,0,0,0,0,0,0,0,0,0,0,3.0
13000000.0,en,25.316146,83.0,Released,5.2,509,2000,3,0,0,0,1,0,0,0,0,0,0,0,0,0,0,0,0,0,0,0,0,2.0
13000000.0,en,9.499325,107.0,Released,6.6,258,1988,3,1,1,0,0,1,0,1,0,0,0,0,0,0,0,0,0,0,0,0,1,2.0
13000000.0,en,43.791745,102.0,Released,7.1,763,2014,3,0,0,0,1,0,0,0,0,0,0,0,0,0,0,0,0,0,0,0,0,1.0
12500000.0,en,11.828068,100.0,Released,6.0,210,2014,3,0,0,0,1,0,0,0,0,0,0,0,0,0,0,1,0,0,0,0,0,3.0
16000000.0,en,54.550275,97.0,Released,7.3,1701,1999,3,0,0,0,1,0,0,1,0,0,0,0,0,0,0,1,0,0,0,0,0,2.0
13000000.0,en,13.525704,88.0,Released,5.7,151,2002,3,0,0,0,1,0,0,0,1,0,0,0,0,0,0,0,0,0,0,0,0,1.0
13000000.0,en,12.963328,84.0,Released,5.7,157,1993,3,0,0,0,1,0,0,0,0,0,0,0,0,0,0,0,0,0,0,0,0,1.0
17000000.0,en,60.829621,86.0,Released,6.2,1567,2016,3,0,0,0,0,0,0,1,0,0,0,0,1,0,0,0,0,0,1,0,0,6.0
13000000.0,en,73.307513,113.0,Released,7.3,2060,2004,3,0,0,0,0,0,0,0,0,0,0,0,0,0,0,0,1,0,1,0,0,1.0
13000000.0,en,7.964289,89.0,Released,4.8,51,2000,3,0,0,0,1,0,0,0,1,0,0,0,0,0,0,0,0,0,0,0,0,2.0
13000000.0,en,2.388918,117.0,Released,7.1,29,2007,3,0,0,0,1,0,0,1,0,0,0,0,0,0,0,0,0,0,0,0,0,2.0
12000000.0,en,4.580081,97.0,Released,3.3,75,1999,3,0,0,0,1,0,0,0,1,0,0,0,0,0,0,0,1,0,0,0,0,4.0
13000000.0,en,6.425528,91.0,Released,6.1,109,1998,3,1,1,0,1,0,0,0,0,0,0,0,0,0,0,0,0,0,1,0,0,1.0
12000000.0,en,4.63093,100.0,Released,5.7,46,1996,3,0,0,0,1,0,0,1,1,0,0,0,0,0,0,0,0,0,0,0,0,1.0
13000000.0,en,16.681567,84.0,Released,5.8,308,1990,3,0,0,0,0,0,0,1,0,0,0,0,1,0,0,0,0,0,0,0,0,1.0
13200000.0,en,24.656068,83.0,Released,5.6,181,2014,3,0,0,0,0,1,0,0,0,0,0,0,0,0,0,0,0,0,1,0,0,2.0
18000000.0,en,37.104353,126.0,Released,6.7,1399,2007,3,0,0,0,0,0,0,0,0,0,0,0,1,0,0,0,1,0,1,0,0,4.0
15000000.0,en,95.130041,108.0,Released,7.6,4737,2015,3,0,0,0,0,0,0,1,0,0,0,0,0,0,0,0,1,0,0,0,0,1.0
13000000.0,en,27.546914,112.0,Released,7.3,1101,1999,3,0,0,0,1,0,0,1,0,1,0,0,0,0,0,0,0,0,0,0,0,4.0
6000000.0,en,2.27213,90.0,Released,6.6,17,2001,3,0,0,0,1,0,0,0,0,0,0,0,0,0,0,1,0,0,0,0,0,2.0
13000000.0,en,17.371327,89.0,Released,5.7,290,2014,3,0,1,0,0,0,0,0,1,0,0,0,0,0,0,0,1,0,0,0,0,2.0
13000000.0,en,6.130096,99.0,Released,6.6,96,2001,2,0,0,0,0,0,0,1,0,0,0,0,0,0,0,1,0,0,0,0,0,4.0
19000000.0,en,24.47248,141.0,Released,7.2,541,2006,3,1,1,0,0,0,0,1,0,0,0,0,0,0,0,0,0,0,0,1,0,20.0
13000000.0,en,6.764437,104.0,Released,6.2,123,2006,1,0,1,0,1,0,0,1,0,0,0,0,0,0,0,0,1,0,0,0,0,5.0
13000000.0,en,1.750054,84.0,Released,5.5,10,1998,1,0,0,0,1,0,0,0,0,0,0,0,0,0,0,1,0,0,0,0,0,2.0
6000000.0,en,66.11334,117.0,Released,8.1,2757,2015,3,0,0,0,0,0,0,1,0,0,0,0,0,0,0,0,0,0,1,0,0,1.0
13000000.0,en,9.066881,82.0,Released,6.5,66,1998,2,0,0,0,1,0,0,0,0,0,0,0,0,0,0,0,0,0,0,0,0,2.0
13000000.0,en,6.170139,95.0,Released,6.4,135,1994,1,0,0,0,1,1,0,0,0,0,0,0,1,0,0,0,0,0,1,0,0,3.0
13000000.0,en,4.742537,94.0,Released,5.7,67,1999,3,0,0,0,1,0,0,0,0,0,0,0,0,0,0,0,0,0,0,0,0,4.0
13000000.0,en,1.212956,99.0,Released,6.6,7,1999,1,0,0,0,0,0,0,1,0,0,0,0,0,0,0,0,0,0,1,0,0,1.0
13000000.0,en,11.880899,106.0,Released,5.5,135,1998,2,0,0,0,0,0,0,1,0,0,0,0,0,1,0,0,0,0,0,0,0,1.0
75000000.0,en,10.131123,84.0,Released,5.1,163,2001,1,0,1,0,1,0,0,1,0,0,0,0,0,0,0,1,0,0,0,0,0,1.0
13000000.0,en,5.831302,93.0,Released,6.1,103,2001,2,0,0,0,1,1,0,0,0,0,0,0,0,0,0,0,0,0,1,0,0,1.0
13000000.0,en,35.522027,93.0,Released,5.7,737,2013,3,0,0,0,1,0,0,0,0,0,0,0,0,0,0,0,0,0,0,0,0,2.0
13000000.0,fr,10.573191,120.0,Released,6.8,207,2006,1,0,0,0,0,0,0,1,0,0,0,0,0,0,0,1,0,0,0,0,0,4.285714285714286
16000000.0,en,4.898437,112.0,Released,5.9,60,2007,2,0,0,0,0,0,0,1,0,0,0,0,0,0,0,0,0,0,0,0,0,5.0
13000000.0,en,17.632446,107.0,Released,5.4,304,2013,2,0,0,0,1,0,0,1,0,0,0,0,0,0,0,1,0,0,0,0,0,8.0
24000000.0,en,1.780065,112.0,Released,6.7,11,2000,1,0,0,0,0,0,0,1,0,0,0,0,0,0,0,1,0,0,0,0,0,1.0
15000000.0,en,26.373864,96.0,Released,5.9,498,2009,1,0,0,0,0,0,0,1,0,0,0,0,0,0,1,0,0,0,1,0,0,6.0
13000000.0,en,1.647335,91.0,Released,4.8,4,1996,1,0,0,0,1,1,0,1,0,0,0,0,0,0,0,0,0,0,0,0,0,1.0
13000000.0,en,12.321302,125.0,Released,6.5,138,2006,1,1,0,0,1,1,0,1,0,0,0,0,0,0,0,0,0,0,0,0,0,6.0
13000000.0,en,43.444135,102.0,Released,7.7,2968,2012,3,0,0,0,0,0,0,1,0,0,0,0,0,0,0,1,0,0,0,0,0,1.0
3000000.0,en,1.279106,87.0,Released,4.5,10,1993,1,1,0,0,0,0,0,0,0,0,0,0,0,0,0,0,0,0,0,0,0,1.0
13000000.0,en,3.680896,110.0,Released,6.4,60,2006,1,0,0,0,0,0,0,1,0,0,0,0,0,0,0,0,0,0,0,0,0,3.0
20000000.0,en,2.996284,120.0,Released,5.6,17,2000,1,0,0,0,0,0,0,1,0,0,0,0,0,0,0,1,0,0,0,0,1,6.0
13000000.0,en,10.475368,91.0,Released,4.6,243,2015,1,0,0,0,0,0,0,0,0,0,0,0,1,0,0,0,0,0,1,0,0,5.0
14350531.0,en,30.952377,88.0,Released,6.3,733,2011,1,1,0,0,1,0,0,0,0,0,0,0,0,0,0,0,1,0,0,0,0,1.0
10000000.0,en,4.267466,127.0,Released,5.8,45,2011,1,0,0,0,0,0,0,1,0,0,0,0,0,0,0,1,0,0,0,1,0,3.0
13000000.0,en,34.532418,94.0,Released,6.6,1257,2013,3,0,0,0,0,1,0,0,0,0,0,0,0,0,0,0,0,0,1,0,0,5.0
12700000.0,ko,6.116436,110.0,Released,5.8,29,2016,3,1,0,0,0,0,0,1,0,0,0,1,0,0,0,0,0,0,0,1,0,1.0
12000000.0,en,1.714972,90.0,Released,5.3,34,2002,3,1,1,0,0,0,0,0,1,0,0,0,0,0,0,0,0,0,0,0,0,1.0
13000000.0,en,19.664699,98.0,Released,6.4,503,2009,1,0,0,0,1,0,0,1,0,0,0,0,0,0,0,1,0,0,0,0,0,3.0
12000000.0,xx,6.537986,100.0,Released,7.1,109,1981,3,0,1,0,0,0,0,1,0,0,0,0,0,0,0,0,0,0,0,0,0,4.0
12500000.0,en,13.349012,120.0,Released,6.7,137,2002,3,0,0,0,0,0,0,1,0,0,0,0,0,0,0,1,0,0,0,0,0,2.0
20000000.0,en,6.796079,108.0,Released,6.9,96,2002,1,0,0,0,0,0,0,1,0,0,0,0,0,0,0,1,0,0,0,0,0,3.0
12500000.0,en,35.268557,120.0,Released,7.5,749,1993,1,1,0,0,0,1,0,0,0,0,0,0,0,0,0,1,0,0,1,0,0,12.0
3100000.0,en,7.453347,111.0,Released,5.9,92,2010,1,0,0,0,0,0,0,0,0,0,0,0,0,0,0,1,1,0,0,0,0,1.0
12500000.0,en,13.939054,100.0,Released,7.5,323,1992,1,0,0,0,0,1,0,1,0,0,0,0,0,0,1,0,0,0,0,0,0,3.0
13000000.0,en,11.892615,109.0,Released,6.0,173,2010,1,0,0,0,0,1,0,1,0,0,0,0,0,0,0,0,0,0,1,0,0,6.0
12500000.0,en,5.69872,118.0,Released,6.0,94,1982,3,0,0,0,0,0,0,1,0,1,0,0,1,0,0,0,0,0,1,0,0,6.0
12500000.0,en,8.780512,101.0,Released,5.4,177,2009,3,0,0,0,0,0,0,0,0,0,0,0,1,0,1,0,0,0,1,0,0,1.0
1250000.0,en,4.021389,101.0,Released,8.4,11,1937,3,0,1,0,0,0,0,1,0,0,0,0,0,0,0,1,0,0,0,0,0,1.0
12000000.0,en,15.817096,106.0,Released,7.1,509,2007,1,0,0,0,1,0,0,1,0,0,0,0,0,0,0,1,0,0,0,0,0,4.0
12500000.0,en,34.821223,94.0,Released,7.7,1451,2008,3,0,0,0,0,0,0,1,0,0,0,0,0,0,0,0,0,0,0,1,0,2.0
12800000.0,en,22.022228,140.0,Released,7.6,377,2000,3,0,0,0,0,1,0,1,0,0,0,0,0,1,0,0,0,0,0,0,0,3.0
16000000.0,en,0.139384,132.0,Released,6.2,25,1997,1,0,0,0,0,0,0,1,0,0,0,0,0,0,0,1,0,0,0,0,0,2.0
12500000.0,en,2.950618,99.0,Released,7.3,31,1996,1,0,0,0,0,1,0,1,0,0,0,0,0,0,0,0,0,0,0,0,0,1.0
15000000.0,en,7.497306,90.0,Released,5.8,84,2009,1,0,0,0,1,0,0,1,0,0,0,0,0,0,0,1,0,0,0,0,0,2.0
20000000.0,en,26.396191,105.0,Released,6.3,1150,2010,2,1,0,0,1,0,0,0,0,0,0,0,0,0,0,0,0,0,1,0,0,9.0
12500000.0,en,6.546037,108.0,Released,6.0,94,2010,1,0,0,0,1,1,0,1,0,0,0,0,0,0,0,0,0,0,0,0,0,2.0
12300000.0,en,28.670193,69.0,Released,7.0,640,1988,3,0,1,1,0,0,0,0,1,0,0,0,0,0,0,0,0,0,0,0,0,3.0
1500000.0,ko,9.572705,140.0,Released,7.4,133,2004,1,1,1,0,0,0,0,1,0,0,0,1,0,0,0,0,0,0,0,1,0,1.0
12500000.0,en,0.903529,118.0,Released,6.3,30,2010,1,0,0,0,0,0,0,1,1,0,0,0,0,0,0,0,0,0,0,0,0,2.0
8000000.0,en,47.584643,122.0,Released,7.5,2005,1973,3,0,0,0,0,0,0,1,0,0,0,0,1,0,0,0,0,0,1,0,0,6.0
7000000.0,en,50.152327,124.0,Released,7.5,2542,1975,3,0,1,0,0,0,0,0,0,0,0,0,1,0,0,0,0,0,1,0,0,27.0
11000000.0,en,60.767168,95.0,Released,6.4,2296,1999,3,0,0,0,1,0,0,0,0,0,0,0,0,0,0,1,0,0,0,0,0,7.0
12516654.0,fr,11.103202,78.0,Released,7.6,142,2012,1,0,0,1,1,0,0,1,1,0,0,0,0,0,0,0,0,0,0,0,0,1.0
25000000.0,en,15.26213,94.0,Released,5.6,304,1986,3,1,1,0,1,0,0,0,0,0,0,0,0,0,0,0,0,0,0,0,0,3.0
12000000.0,en,6.035152,122.0,Released,6.9,281,2012,3,0,0,0,1,0,0,0,0,0,0,0,0,0,0,1,0,0,0,0,0,7.0
12000000.0,en,10.297189,102.0,Released,6.2,137,2002,3,0,0,0,1,0,0,1,0,0,0,0,0,0,0,0,0,0,0,0,0,7.0
12000000.0,en,22.434102,113.0,Released,7.3,675,1982,3,1,1,0,0,0,0,0,0,0,0,0,0,0,0,0,1,0,1,0,0,2.0
15000000.0,en,41.249004,86.0,Released,6.4,1648,1994,3,0,0,0,1,0,0,0,0,0,0,0,0,0,1,0,0,0,0,0,0,7.0
12000000.0,en,23.161754,114.0,Released,7.0,504,1983,3,0,0,0,0,0,0,0,0,0,0,0,0,0,0,0,1,0,1,0,0,1.0
12000000.0,en,19.195399,113.0,Released,7.0,375,1985,3,0,0,0,0,1,0,1,0,0,0,0,0,0,0,1,0,0,1,0,0,4.0
12000000.0,en,21.958055,110.0,Released,6.3,417,2012,3,1,0,0,0,0,0,0,0,0,0,0,0,0,0,0,0,0,1,1,0,1.5
12000000.0,en,45.477802,104.0,Released,6.7,1060,2006,3,0,0,0,0,1,0,1,0,0,0,0,0,1,0,1,0,0,0,0,0,5.0
12000000.0,en,12.60629,81.0,Released,6.5,168,1996,3,0,0,1,1,0,0,0,0,0,0,0,0,0,0,0,0,0,0,0,0,4.0
12000000.0,en,40.631671,154.0,Released,7.3,1514,1997,3,0,0,0,1,1,0,0,0,0,0,0,0,0,0,1,0,0,0,0,0,10.0
12000000.0,en,26.219598,107.0,Released,6.2,497,2008,3,0,1,0,1,0,0,0,0,0,0,0,0,0,0,0,0,0,0,0,0,2.0
15000000.0,en,64.504747,84.0,Released,6.6,1935,2012,3,0,0,0,0,0,0,1,0,0,0,0,0,0,0,0,1,0,1,0,0,2.0
12000000.0,en,3.389249,132.0,Released,6.2,51,1983,3,0,0,0,0,0,0,1,0,0,0,0,0,1,0,1,0,0,0,0,0,3.0
5000000.0,en,14.779537,116.0,Released,6.6,249,1981,3,0,1,0,1,0,0,0,1,1,0,0,0,0,0,0,1,0,0,0,0,7.0
12000000.0,en,6.703319,93.0,Released,4.7,158,2002,3,1,1,0,1,0,0,1,1,0,0,0,0,1,0,1,0,0,0,0,0,2.0
12000000.0,en,49.070321,88.0,Released,6.5,1564,2012,3,0,0,0,1,1,0,0,0,0,0,0,0,0,0,0,0,0,0,0,0,1.0
12000000.0,en,21.933822,172.0,Released,7.3,323,1970,3,0,0,0,0,0,0,1,0,0,0,1,0,0,0,0,0,0,0,1,0,3.0
12000000.0,en,20.624896,96.0,Released,6.6,435,2002,3,0,0,0,0,0,0,0,0,0,0,0,1,0,0,0,0,0,1,0,0,2.0
12000000.0,en,8.083995,89.0,Released,5.5,339,2008,3,0,0,0,0,0,0,0,0,0,0,0,1,0,0,0,1,0,1,0,0,4.0
12000000.0,en,11.135734,98.0,Released,5.5,281,2008,3,0,0,0,0,0,0,1,0,0,0,0,1,0,0,0,0,0,1,0,0,1.0
12000000.0,en,4.623609,97.0,Released,4.7,30,2004,3,0,0,0,1,0,0,0,1,0,0,0,0,0,0,0,0,0,0,0,0,1.0
12000000.0,en,11.510281,93.0,Released,6.3,218,2001,3,0,0,0,1,0,0,0,0,0,0,0,0,0,0,0,0,0,0,0,0,3.0
12000000.0,en,15.085981,85.0,Released,7.2,212,1992,3,0,0,0,1,0,0,1,1,1,0,0,0,0,0,0,0,0,0,0,0,1.0
12000000.0,en,18.422327,123.0,Released,7.3,383,2002,3,0,0,0,0,0,0,1,0,0,0,0,0,0,0,1,0,0,0,0,0,3.0
12000000.0,en,8.410688,93.0,Released,6.5,85,2012,3,0,0,0,0,0,1,0,0,0,0,0,0,1,0,0,0,0,0,0,0,1.0
12000000.0,en,74.358971,125.0,Released,7.6,3759,2014,3,0,0,0,0,0,0,1,0,0,0,0,0,0,0,1,0,0,0,0,0,1.0
12000000.0,en,18.422008,121.0,Released,6.9,439,1998,3,0,0,0,0,1,0,1,0,0,0,0,0,0,0,0,0,0,0,0,0,4.0
12000000.0,en,15.896312,102.0,Released,6.3,210,2014,3,0,0,0,1,0,0,1,0,0,0,0,0,0,0,0,0,0,0,0,0,3.0
12000000.0,en,8.61659,102.0,Released,5.4,25,1979,3,0,0,0,0,0,0,0,0,0,0,0,1,0,0,0,1,0,0,0,0,5.0
12000000.0,en,6.044161,99.0,Released,6.5,330,1999,3,0,0,0,0,0,0,0,0,0,0,0,1,0,1,0,0,0,1,0,0,5.0
12000000.0,en,29.019504,98.0,Released,7.4,579,2013,3,0,0,0,0,0,0,1,0,0,0,0,0,0,0,0,0,0,0,0,0,10.0
12000000.0,en,6.2464,118.0,Released,6.4,72,2005,3,0,0,0,1,0,0,1,0,0,0,0,0,0,0,0,0,0,0,0,0,3.0
12000000.0,en,5.315213,125.0,Released,6.6,101,1978,2,0,0,0,0,0,0,1,0,0,0,0,1,0,0,0,1,0,1,0,0,3.0
12000000.0,en,16.931846,104.0,Released,5.8,364,2006,3,0,0,0,1,0,0,0,1,1,0,0,0,0,0,1,0,0,0,0,0,2.0
12000000.0,en,64.610671,109.0,Released,6.1,1937,2015,3,0,0,0,0,0,0,1,0,0,0,0,0,0,1,1,0,0,0,0,0,2.0
12000000.0,en,4.480167,86.0,Released,4.3,15,2004,1,0,0,0,1,0,0,0,0,0,0,0,0,0,0,0,0,0,0,0,0,1.0
12000000.0,en,29.223881,115.0,Released,7.4,636,2013,2,0,1,0,0,0,0,1,0,0,0,0,0,0,0,0,0,0,0,0,0,6.0
13000000.0,en,7.710797,92.0,Released,6.7,94,1995,3,0,0,0,1,0,0,0,0,0,0,0,1,0,0,0,0,0,1,0,0,1.0
12000000.0,en,1.081822,86.0,Released,5.4,33,2001,2,0,0,0,1,0,0,0,1,1,0,0,0,0,0,0,1,0,0,0,0,5.0
12000000.0,en,16.183746,94.0,Released,5.6,364,2011,3,0,0,0,1,0,0,1,0,0,0,0,0,0,0,0,0,0,0,0,0,5.0
12000000.0,en,47.992817,88.0,Released,6.6,1151,2006,3,1,0,0,0,1,0,0,0,0,0,0,0,0,0,0,0,0,1,0,0,4.5
12000000.0,en,1.20245,93.0,Released,5.3,8,1997,2,0,0,0,1,0,0,0,0,0,0,0,0,0,0,1,0,0,0,0,0,1.0
12000000.0,en,0.700792,100.0,Released,5.3,11,1998,2,0,0,0,1,0,0,1,0,0,0,0,0,0,0,1,0,0,0,0,0,6.0
20000000.0,en,10.409253,100.0,Released,6.1,99,2010,2,0,0,0,1,0,0,1,0,0,0,0,0,0,0,1,0,0,0,0,0,2.0
12000000.0,en,14.345428,113.0,Released,6.1,163,2008,2,0,0,0,0,0,0,1,0,0,0,0,0,0,0,0,0,0,0,0,0,5.0
12000000.0,en,6.803763,122.0,Released,6.4,110,1981,2,0,0,0,0,1,0,1,0,0,0,0,0,0,0,1,0,0,0,0,0,2.0
10500000.0,en,19.944479,101.0,Released,6.4,377,2003,3,0,0,0,0,0,0,1,0,0,0,0,0,0,0,1,0,0,0,0,0,2.0
14000000.0,de,26.967494,149.0,Released,7.9,613,1981,3,1,1,0,0,0,0,1,0,0,0,1,0,0,0,0,0,0,0,1,0,7.0
12000000.0,en,3.444542,93.0,Released,4.6,47,2002,2,0,0,0,1,0,0,0,0,0,0,0,0,0,0,0,0,0,0,0,0,1.0
12000000.0,en,74.817641,123.0,Released,7.8,2067,2013,3,0,0,0,1,0,0,1,0,0,0,0,0,0,0,0,1,0,0,0,0,3.0
15000000.0,zh,21.064082,119.0,Released,7.1,439,2004,3,1,1,0,0,0,0,1,0,0,0,0,0,0,0,1,0,0,0,0,0,6.0
12000000.0,en,16.40512,100.0,Released,6.1,294,2012,3,0,0,0,0,0,0,1,0,0,0,0,0,0,0,0,0,0,1,0,0,1.0
12000000.0,en,32.940597,106.0,Released,6.4,933,2015,3,0,0,0,0,0,0,0,0,0,0,0,0,0,0,0,1,0,1,0,0,1.0
12000000.0,en,13.427427,109.0,Released,6.9,86,2008,1,0,0,0,0,0,0,1,0,0,0,1,0,1,0,0,0,0,0,0,0,1.0
10000000.0,en,5.359381,81.0,Released,4.9,23,2000,1,1,0,0,1,0,0,0,0,0,0,0,0,0,0,0,0,0,0,0,0,1.0
8000000.0,en,8.708229,95.0,Released,5.7,168,1992,1,1,0,0,0,0,0,0,0,0,0,0,0,0,0,0,1,0,1,0,0,2.0
12000000.0,en,4.330428,86.0,Released,5.9,43,2006,1,0,0,0,1,0,0,1,0,0,0,0,0,0,0,0,0,0,0,0,0,4.0
12000000.0,en,7.594593,113.0,Released,6.0,111,1998,1,0,0,0,1,0,0,1,0,0,0,0,0,0,0,0,0,0,0,0,0,22.0
12000000.0,en,4.770195,116.0,Released,5.8,78,2006,1,0,0,0,1,0,0,1,0,0,0,0,0,0,0,0,0,0,0,0,0,2.0
12000000.0,en,1.623338,90.0,Released,3.0,23,2003,1,0,0,0,1,0,0,0,0,0,0,0,0,0,0,1,0,0,0,0,0,3.0
12000000.0,en,2.993939,108.0,Released,5.7,16,1996,1,0,0,0,1,0,0,0,0,0,0,0,0,0,0,0,0,0,0,0,0,16.0
12000000.0,en,10.536092,119.0,Released,4.6,89,2003,1,0,0,0,0,0,0,0,0,0,0,0,0,0,1,0,0,0,1,0,0,3.0
12000000.0,en,8.290636,110.0,Released,6.6,154,2008,1,0,0,0,0,0,0,1,0,0,0,0,0,0,0,1,0,0,0,0,0,4.0
22000000.0,en,3.603842,109.0,Released,6.0,22,2001,2,0,0,0,1,0,0,1,0,0,0,0,0,0,0,0,0,0,0,0,0,1.0
11000000.0,ko,27.65527,119.0,Released,6.7,537,2006,3,0,0,0,0,0,0,1,0,0,0,0,1,0,0,0,1,0,0,0,0,2.0
15500000.0,en,1.379643,100.0,Released,6.8,4,1981,3,0,1,0,0,1,0,0,0,0,0,0,0,0,0,0,0,0,1,0,0,4.0
12000000.0,en,9.164386,100.0,Released,6.9,141,1999,1,0,0,0,1,0,0,0,0,0,0,0,1,0,0,0,0,0,1,0,1,1.0
12000000.0,en,9.779444,97.0,Released,6.5,225,2008,1,0,0,0,1,0,0,1,0,0,0,0,0,0,0,0,0,0,0,0,0,1.0
12400000.0,it,32.523573,142.0,Released,7.3,720,2013,1,0,0,0,1,0,0,1,0,0,0,0,0,0,0,0,0,0,0,0,0,1.0
12000000.0,en,2.24888,104.0,Released,6.4,53,2002,1,0,0,0,1,0,0,1,0,0,0,0,0,0,0,0,0,0,0,0,0,1.0
12000000.0,en,27.322212,99.0,Released,6.5,882,2013,2,0,0,0,0,0,0,1,0,0,0,0,1,0,0,0,0,0,1,0,0,3.0
12000000.0,zh,12.664787,129.0,Released,6.9,206,2004,3,0,0,0,0,0,0,1,0,1,0,0,0,0,0,1,1,0,0,0,0,3.0
12000000.0,en,3.004432,90.0,Released,6.1,38,2007,1,0,0,0,0,1,0,1,0,0,0,0,0,0,0,1,0,0,0,0,0,2.0
12000000.0,en,4.795244,100.0,Released,6.9,41,2005,1,0,1,0,0,0,0,1,1,0,0,0,0,0,0,0,0,0,0,0,0,2.0
12000000.0,en,5.841285,111.0,Released,6.5,84,2009,1,0,0,0,0,0,0,1,0,0,0,0,0,0,0,1,0,0,0,0,0,8.0
12000000.0,ja,5.327714,114.0,Released,6.8,107,2000,2,0,0,0,0,1,0,1,0,0,0,0,0,0,0,0,0,0,1,0,0,1.0
1200000.0,en,3.582733,86.0,Released,6.2,50,2002,3,0,0,0,1,0,0,0,0,0,0,0,0,0,0,0,0,0,0,0,0,4.0
12000000.0,en,2.678715,107.0,Released,6.1,9,1997,1,0,0,0,1,0,0,1,0,0,0,0,0,0,0,0,0,0,0,0,0,6.0
8000000.0,en,9.728143,90.0,Released,6.1,88,2007,3,0,0,0,0,0,0,1,0,0,0,0,0,0,1,0,0,0,1,0,0,2.0
13000000.0,en,2.303865,103.0,Released,5.3,22,2012,1,0,0,0,0,0,0,1,0,0,0,0,0,0,0,1,0,0,0,0,0,5.0
12000000.0,en,11.237374,120.0,Released,6.8,67,2007,2,0,0,0,0,0,0,1,0,0,0,0,0,0,0,0,0,0,1,0,0,2.0
250000.0,hu,1.906807,140.0,Released,6.5,28,2005,3,0,0,0,0,0,0,1,0,0,0,0,0,0,0,0,0,0,0,1,0,1.0
12000000.0,en,2.695896,110.0,Released,5.2,28,1999,2,0,0,0,1,0,0,0,0,0,0,0,0,0,0,0,0,0,0,0,0,1.0
18000000.0,zh,1.416796,95.0,Released,4.8,13,2009,3,0,0,0,1,0,0,1,0,0,0,0,0,0,0,0,0,0,1,0,0,6.0
7500000.0,en,11.636883,95.0,Released,6.7,192,2002,1,0,0,0,0,0,0,0,0,0,0,0,0,0,1,0,1,0,1,0,0,5.0
12000000.0,zh,4.793348,132.0,Released,7.6,55,2009,1,0,0,0,0,0,0,1,0,0,0,1,0,0,0,0,0,0,0,1,0,1.0
19000000.0,zh,0.738652,89.0,Released,3.0,3,2011,1,1,1,1,1,0,0,0,1,0,0,0,0,0,0,0,0,0,0,0,0,1.0
12000000.0,ja,5.158067,131.0,Released,6.3,59,2010,1,0,0,0,0,0,0,0,0,0,0,0,0,0,0,0,1,0,0,0,0,1.0
20000000.0,en,5.727602,113.0,Released,5.8,62,2011,1,0,0,0,0,0,0,1,0,0,0,0,0,0,0,0,0,0,0,1,0,15.0
12000000.0,en,25.496926,99.0,Released,6.9,612,2009,1,0,0,0,0,0,0,0,0,0,0,0,1,0,0,0,0,0,0,0,0,2.0
1200000.0,en,0.489271,111.0,Released,4.3,5,2015,3,0,0,0,0,0,0,1,0,0,0,0,0,0,0,0,0,0,0,0,0,1.0
12000000.0,en,11.150261,99.0,Released,6.0,229,2014,3,0,0,0,0,0,0,1,0,0,0,0,0,0,0,0,0,0,0,0,0,4.0
10000000.0,en,53.595686,103.0,Released,7.7,2912,2000,3,0,0,0,0,1,0,0,0,0,0,0,0,0,0,0,0,0,1,0,0,7.0
12750000.0,cs,0.186234,89.0,Post Production,4.3,2,2015,3,0,0,0,0,0,0,1,0,0,0,0,0,0,0,1,0,0,0,0,0,1.0
11500000.0,en,20.747994,103.0,Released,6.4,407,1989,3,0,0,0,0,0,0,1,0,0,0,0,1,0,0,0,0,0,0,0,0,2.0
8000000.0,ja,2.930853,134.0,Released,7.5,20,1993,1,0,0,0,0,0,0,1,0,0,0,0,0,0,0,0,0,0,0,0,0,2.0
11500000.0,en,4.75919,101.0,Released,5.5,29,2009,2,0,0,0,0,0,0,1,0,0,0,0,0,0,0,0,0,0,0,0,0,1.0
12750000.0,zh,0.753362,130.0,Released,6.3,5,2015,3,0,0,0,0,0,0,1,0,0,0,1,0,0,0,1,0,0,0,0,0,1.0
11000000.0,en,45.072136,106.0,Released,6.9,1596,1984,3,0,0,0,1,0,0,0,0,1,0,0,1,0,0,0,0,0,0,0,0,7.0
11000000.0,en,126.393695,121.0,Released,8.1,6624,1977,3,1,1,0,0,0,0,0,0,0,0,0,0,0,0,0,1,0,0,0,0,5.0
11500000.0,en,56.805781,102.0,Released,5.7,1406,2016,3,0,0,0,1,0,0,0,0,0,0,0,0,0,0,0,0,0,0,0,0,1.0
11000000.0,en,12.854853,197.0,Released,7.4,247,1965,3,0,0,0,0,0,0,1,0,0,0,0,0,0,0,1,0,0,0,1,0,4.0
95000000.0,pt,14.637357,112.0,Released,7.1,242,2014,3,0,1,0,0,1,0,1,0,0,0,0,0,0,0,0,0,0,1,0,0,5.0
11000000.0,en,21.801188,116.0,Released,6.2,821,2008,3,0,0,0,1,0,0,1,1,0,0,0,0,1,0,1,0,0,0,0,0,5.0
25000000.0,en,31.019381,116.0,Released,7.2,1486,2010,3,0,0,0,0,0,0,1,0,0,0,0,0,0,0,0,0,0,0,0,0,8.0
11000000.0,en,11.227087,95.0,Released,6.4,298,2006,3,1,0,0,1,0,1,0,0,0,0,0,0,0,0,0,0,0,0,0,0,4.0
11000000.0,en,19.231507,120.0,Released,7.3,384,1992,3,0,0,0,1,0,0,1,0,0,0,0,0,0,0,0,0,0,0,0,0,4.0
11000000.0,en,31.162838,106.0,Released,7.3,1368,2014,3,0,0,0,0,0,0,1,0,0,0,0,0,0,0,0,0,0,0,0,0,1.0
12000000.0,en,3.94487,96.0,Released,3.9,74,2014,3,1,0,0,1,1,0,0,0,0,0,0,0,0,0,0,0,0,0,0,0,3.0
11000000.0,en,7.559192,107.0,Released,6.6,217,1989,3,0,0,0,1,0,0,0,0,0,0,0,0,0,0,0,0,0,0,0,0,1.0
14000000.0,en,7.377587,101.0,Released,5.6,142,2007,3,0,0,0,1,0,0,0,1,0,0,0,0,0,0,0,1,0,0,0,0,2.5
13000000.0,en,38.018085,81.0,Released,6.7,1062,2002,3,0,0,0,0,0,0,1,0,0,0,0,0,0,0,0,0,0,1,0,0,13.0
11000000.0,en,33.283554,101.0,Released,7.5,1018,2002,3,0,0,0,0,0,0,1,0,0,0,0,0,0,0,1,0,0,0,0,0,8.0
11000000.0,en,15.864928,122.0,Released,7.3,337,1995,3,0,0,0,0,0,0,1,0,0,0,0,0,0,0,0,0,0,0,0,0,2.0
10500000.0,en,23.449703,97.0,Released,6.6,827,1999,3,0,0,0,0,0,0,1,0,0,0,0,0,0,0,1,0,0,1,0,0,3.0
11000000.0,en,31.900899,90.0,Released,6.0,722,2009,3,0,0,0,0,0,0,0,0,0,0,0,1,0,1,0,0,0,0,0,0,2.0
11000000.0,en,14.282314,92.0,Released,6.5,204,1981,3,0,0,0,1,0,0,0,0,0,0,0,0,0,0,0,0,0,0,0,0,6.0
11000000.0,en,7.645979,114.0,Released,7.4,158,2008,3,0,1,0,0,0,0,0,0,0,0,0,0,0,0,0,0,0,0,0,0,3.0
11000000.0,en,3.495758,86.0,Released,4.1,54,2001,3,1,0,0,1,1,0,0,0,0,0,0,0,0,0,0,0,0,0,0,0,1.0
12000000.0,en,7.558959,91.0,Released,5.9,65,1992,3,0,0,0,0,1,0,1,0,0,0,0,1,0,0,0,0,0,1,0,0,12.0
11.0,en,3.375208,145.0,Released,6.4,29,1978,2,1,0,0,0,0,0,1,0,0,0,0,0,0,0,0,0,0,0,0,0,5.0
12000000.0,en,4.234269,100.0,Released,5.5,57,1986,1,0,0,0,0,0,0,0,0,0,0,0,0,0,0,0,1,0,0,0,0,5.0
11000000.0,en,39.337949,111.0,Released,7.2,1213,2015,3,0,0,0,0,0,0,1,0,0,0,0,0,0,0,1,0,0,0,0,0,1.0
11000000.0,en,29.543331,184.0,Released,7.7,505,1975,3,0,0,0,0,0,0,1,0,0,0,0,0,0,0,1,0,0,0,1,0,6.0
24000000.0,en,4.12064,89.0,Released,5.8,53,2001,1,0,0,0,1,0,0,0,0,0,0,0,0,0,0,0,0,0,0,0,0,1.0
24000000.0,en,2.259537,84.0,Released,5.7,34,2000,1,0,0,0,1,0,0,0,0,0,0,0,0,0,0,0,0,0,0,0,0,3.0
11000000.0,en,7.722021,98.0,Released,6.3,139,2012,3,0,0,0,1,0,0,1,0,0,0,0,0,0,0,1,0,0,0,0,0,1.0
11000000.0,en,7.063053,95.0,Released,4.9,74,2001,3,0,0,0,1,0,0,0,0,0,0,0,0,0,0,1,0,0,0,0,0,1.0
11000000.0,en,16.003958,100.0,Released,7.0,334,2001,2,0,0,0,0,1,0,1,0,0,0,0,0,0,0,0,0,0,1,0,0,2.0
11000000.0,en,21.204929,120.0,Released,7.3,440,2015,3,0,0,0,0,0,0,1,0,0,0,0,0,0,0,0,0,0,0,0,0,2.0
11000000.0,en,6.799314,118.0,Released,6.6,131,2004,2,0,0,0,0,0,0,1,0,0,0,0,0,0,0,0,0,0,0,0,0,5.0
11000000.0,en,33.758281,81.0,Released,7.3,838,1992,3,0,0,0,1,0,0,0,0,1,0,0,1,0,0,0,0,0,0,0,0,11.0
14000000.0,en,9.371811,86.0,Released,5.4,60,2002,1,0,0,0,1,0,0,0,0,0,0,0,0,0,0,1,0,0,0,0,0,1.0
11000000.0,en,33.282794,118.0,Released,7.5,919,1993,3,0,0,0,0,0,0,1,0,0,0,0,0,0,0,1,0,0,0,0,0,9.0
10000000.0,en,3.208172,125.0,Released,8.2,12,2003,1,0,0,0,0,0,0,1,0,0,0,1,0,0,0,0,0,0,0,0,0,1.0
11000000.0,en,4.131918,125.0,Released,6.8,80,2004,2,0,0,0,0,1,0,1,0,0,0,0,0,0,0,0,0,0,0,0,0,5.0
12000000.0,en,4.093288,91.0,Released,5.1,75,2002,3,0,0,0,1,0,0,0,0,0,0,0,0,0,0,1,0,0,0,0,0,2.0
11000000.0,en,1.187671,113.0,Released,6.6,9,1995,1,0,0,0,1,0,0,1,0,0,0,0,0,0,0,1,0,0,0,0,0,5.0
11000000.0,en,36.319205,105.0,Released,7.2,834,2013,3,0,0,0,0,0,0,1,0,0,0,0,0,1,0,0,0,0,0,0,0,10.0
21000000.0,en,4.146752,95.0,Released,5.8,75,2001,1,0,0,0,0,0,0,1,0,0,0,0,0,0,0,1,0,0,1,0,0,1.0
11000000.0,en,9.705589,98.0,Released,5.1,153,1991,1,0,1,0,0,0,0,1,0,0,0,0,0,0,0,1,0,0,0,0,0,1.0
11000000.0,en,1.396985,124.0,Released,5.9,16,1970,1,0,0,0,0,0,0,1,0,0,0,1,0,0,0,0,0,0,0,0,0,2.0
19500000.0,en,4.056774,105.0,Released,6.0,33,2005,1,0,0,0,1,0,0,0,0,0,0,0,0,1,0,1,0,0,0,0,0,2.0
11000000.0,en,5.062687,104.0,Released,6.2,42,2006,1,0,0,0,0,0,0,1,0,0,0,0,0,0,0,0,0,0,0,0,0,1.0
15000000.0,en,3.122152,111.0,Released,5.6,35,2010,2,0,0,0,0,1,0,1,0,0,0,0,0,0,0,0,0,0,1,0,0,2.0
10800000.0,en,32.943848,92.0,Released,5.9,820,2008,3,0,0,0,0,1,0,0,0,0,0,0,1,0,0,0,0,0,1,0,0,2.0
11800000.0,it,0.700127,116.0,Released,7.3,6,1969,3,1,0,0,0,1,0,1,0,0,1,0,0,0,0,0,0,0,1,0,0,1.0
11000000.0,en,31.763201,97.0,Released,5.9,881,2012,1,0,0,0,1,0,0,1,0,0,0,0,0,0,0,1,0,0,0,0,0,1.0
45000000.0,en,8.950864,123.0,Released,5.7,25,2006,1,0,0,0,0,1,0,1,0,0,0,0,0,0,1,0,0,0,1,0,0,1.0
7400000.0,hi,3.246903,193.0,Released,6.1,42,2006,3,0,0,0,0,0,0,1,0,0,0,0,0,0,0,1,0,0,0,0,0,2.0
14000000.0,en,4.519523,97.0,Released,6.3,46,1999,2,0,0,0,1,0,0,1,0,0,0,0,0,0,0,1,0,0,0,0,0,4.0
10600000.0,en,18.764453,98.0,Released,5.2,302,2013,1,0,0,0,0,0,0,0,0,0,0,0,1,0,0,0,1,0,1,0,0,1.0
10600000.0,en,6.340135,102.0,Released,5.6,112,2002,3,0,0,0,0,0,0,0,0,0,0,0,1,0,0,0,0,0,0,0,0,4.0
10500000.0,en,86.201184,149.0,Released,7.9,2998,1968,3,0,1,0,0,0,0,0,0,0,0,0,0,0,1,0,1,0,0,0,0,6.0
10500000.0,en,56.105798,115.0,Released,7.3,3269,1982,3,0,1,0,0,0,0,0,1,1,0,0,0,0,0,0,1,0,0,0,0,27.0
10000000.0,en,12.792446,97.0,Released,5.8,160,2007,3,0,0,0,1,0,0,1,0,0,0,0,0,0,0,1,0,0,0,0,0,1.0
12500000.0,en,1.985552,97.0,Released,6.8,6,2004,1,0,1,0,0,0,0,1,1,0,0,0,0,0,0,0,0,0,0,0,0,2.0
10500000.0,en,0.037073,99.0,Released,8.5,2,1994,1,0,0,0,1,0,0,1,0,0,0,0,0,0,0,0,0,0,0,0,0,1.0
3500000.0,hi,0.12082,135.0,Released,5.2,29,2010,3,0,0,0,1,0,0,1,0,0,1,0,0,0,0,1,0,0,0,0,0,1.0
11000000.0,en,3.646848,110.0,Released,5.0,16,2007,2,1,0,0,0,0,0,1,0,0,0,1,0,0,0,1,0,0,0,0,1,2.0
12000000.0,en,5.759545,145.0,Released,6.4,35,2012,1,0,0,0,0,0,0,1,0,0,0,1,0,0,0,0,0,0,0,0,0,1.0
11000000.0,fr,25.302978,105.0,Released,7.0,766,2014,3,0,0,0,1,0,0,1,0,0,0,0,0,1,0,0,0,0,0,0,0,1.0
10000000.0,en,43.734886,126.0,Released,7.9,2811,1997,3,0,0,0,0,0,0,1,0,0,0,0,0,0,0,0,0,0,0,0,0,8.0
11000000.0,en,10.016909,106.0,Released,5.3,149,2016,1,0,0,0,0,0,0,1,0,0,0,0,0,0,0,0,0,0,1,0,0,1.0
10000000.0,en,33.124871,108.0,Released,6.1,1071,2006,3,0,0,0,0,1,0,0,0,0,0,0,1,0,0,0,0,0,1,0,0,5.0
10000000.0,en,10.892398,106.0,Released,6.5,249,1981,3,1,0,0,1,0,0,0,0,0,0,0,0,0,0,0,0,0,0,0,0,8.0
28000000.0,en,14.754281,98.0,Released,5.8,568,2000,3,0,0,0,1,0,0,0,0,0,0,0,0,0,0,0,0,0,0,0,0,4.0
10000000.0,en,53.727146,105.0,Released,6.1,1306,2016,3,1,0,0,0,0,0,0,0,0,0,0,1,0,0,0,0,0,1,0,0,3.0
10000000.0,en,8.9876,95.0,Released,5.7,418,1999,3,0,0,0,1,0,0,0,0,0,0,0,0,0,0,1,0,0,0,0,0,3.0
10000000.0,en,29.244768,93.0,Released,5.9,903,2007,3,0,0,0,0,1,0,0,0,0,0,0,1,0,0,0,0,0,1,0,0,5.0
10000000.0,en,14.447723,101.0,Released,5.6,261,2005,3,0,0,0,0,0,0,1,0,0,0,0,1,0,0,0,0,0,1,0,0,2.0
6000000.0,en,5.882208,110.0,Released,6.0,77,2006,3,0,0,0,1,0,0,1,0,0,0,0,0,0,0,1,0,0,0,0,0,9.0
13800000.0,en,17.3393,119.0,Released,6.7,291,1986,3,0,0,0,0,0,0,1,0,0,0,0,0,0,0,0,0,0,0,0,0,21.0
10000000.0,en,19.524972,178.0,Released,7.2,234,1962,3,1,0,0,0,0,0,1,0,0,0,1,0,0,0,0,0,0,0,1,0,1.0
10000000.0,en,8.932837,101.0,Released,6.4,198,1992,3,0,0,0,1,0,0,0,1,0,0,0,0,0,0,0,0,0,0,0,0,8.0
10000000.0,en,35.695442,92.0,Released,5.8,865,2004,3,0,0,0,0,0,0,0,0,0,0,0,1,0,1,0,0,0,1,0,0,2.0
12000000.0,en,26.598884,92.0,Released,6.5,755,1996,3,0,0,0,1,0,0,0,0,0,0,0,0,0,0,0,0,0,0,0,0,9.0
10000000.0,en,23.316208,90.0,Released,6.1,720,2001,3,0,0,0,0,0,0,0,0,0,0,0,1,0,0,0,0,0,1,0,0,3.0
10000000.0,en,25.929893,90.0,Released,6.7,454,1989,3,0,1,0,1,0,0,0,0,0,0,0,0,0,0,0,1,0,0,0,0,8.0
10000000.0,en,8.305998,153.0,Released,7.0,103,1968,3,0,0,0,0,0,0,1,1,0,0,0,0,1,0,0,0,0,0,0,0,2.0
10000000.0,en,21.258991,124.0,Released,6.9,459,2011,3,0,0,0,1,0,0,1,0,0,0,0,0,0,0,0,0,0,0,0,0,5.0
10000000.0,en,5.699058,83.0,Released,6.6,67,2001,3,0,0,1,1,0,0,0,1,0,0,0,0,0,0,0,1,0,0,0,0,1.0
12305523.0,en,36.582038,107.0,Released,5.9,748,1985,3,1,1,0,0,0,0,0,0,0,0,0,0,0,0,0,1,0,0,0,0,4.5
10000000.0,en,34.224204,90.0,Released,6.4,742,1985,3,1,1,0,0,0,0,0,0,0,0,0,0,0,0,0,0,0,1,0,0,4.0
10000000.0,en,38.179483,97.0,Released,5.8,1102,2016,3,0,0,0,0,0,0,0,0,0,0,0,1,0,1,0,0,0,1,0,0,3.0
10000000.0,en,30.934688,80.0,Released,5.8,816,2010,3,0,0,0,0,0,0,0,0,0,0,0,1,0,1,0,0,0,1,0,0,4.0
20000000.0,en,7.499639,85.0,Released,6.0,100,2002,3,0,0,0,1,0,0,0,0,0,0,0,0,0,0,0,0,0,0,0,0,2.0
10000000.0,en,45.946524,97.0,Released,6.2,983,2015,3,0,0,0,0,0,0,1,0,0,0,0,1,0,0,0,0,0,1,0,0,1.0
10000000.0,en,4.928777,108.0,Released,6.4,69,1985,3,1,1,0,1,0,0,0,0,0,0,0,0,0,0,0,0,0,0,0,0,3.0
10000000.0,en,10.125029,108.0,Released,5.4,197,1992,3,0,0,0,0,0,0,0,0,0,0,0,1,0,0,0,1,0,1,0,0,2.0
9000000.0,en,20.452449,89.0,Released,6.4,379,2008,3,0,0,0,1,0,0,0,0,0,0,0,0,1,0,1,0,0,0,0,0,3.0
10000000.0,en,14.543435,130.0,Released,6.8,823,1999,3,0,1,0,1,0,0,0,0,1,0,0,0,0,0,0,0,0,0,0,0,12.0
10000000.0,en,6.015354,98.0,Released,5.5,62,2002,3,0,0,0,1,0,0,1,0,0,0,0,0,0,0,0,0,0,0,0,0,1.0
10000000.0,en,12.902975,101.0,Released,6.2,161,1983,3,0,0,0,0,0,0,1,0,1,0,0,1,0,0,0,1,0,1,0,0,12.0
15000000.0,en,6.216203,114.0,Released,6.3,252,1989,3,1,0,0,0,0,0,0,0,0,0,0,0,0,0,0,0,0,1,0,0,2.0
10000000.0,en,3.290639,100.0,Released,6.0,31,1994,3,1,0,0,1,1,0,0,0,0,0,0,0,0,0,0,0,0,0,0,0,4.0
8500000.0,en,4.844451,84.0,Released,5.0,70,2002,3,0,0,0,0,0,0,1,0,0,0,0,0,0,0,0,0,0,1,0,0,2.0
12000000.0,en,9.559737,103.0,Released,5.3,153,2006,3,0,0,0,1,0,0,0,0,0,0,0,0,0,0,1,0,0,0,0,0,1.0
10000000.0,en,11.350382,100.0,Released,6.1,122,1998,3,0,0,0,1,0,0,1,0,0,0,0,0,0,0,1,0,0,0,0,0,2.0
10000000.0,en,13.455373,91.0,Released,6.9,291,1983,3,0,0,0,0,1,0,1,0,0,0,0,0,0,0,0,0,0,0,0,0,12.0
65000000.0,en,31.974359,102.0,Released,6.2,679,2016,3,0,1,0,0,0,0,0,1,1,0,0,0,0,0,0,0,0,0,0,0,1.0
10000000.0,en,16.78512,103.0,Released,6.9,311,1983,3,0,0,0,0,0,0,0,0,0,0,0,1,0,0,0,1,0,1,0,0,7.0
10000000.0,en,26.090495,97.0,Released,5.4,581,2015,3,0,0,0,0,0,0,0,0,0,0,0,1,0,0,0,0,0,0,0,0,1.0
14000000.0,en,2.698185,116.0,Released,5.8,36,2012,3,0,0,0,0,0,0,1,0,0,0,0,0,1,0,0,0,0,0,0,0,2.0
10000000.0,en,5.904126,96.0,Released,5.0,114,2001,3,0,0,0,0,0,0,0,0,0,0,0,1,0,0,0,0,0,1,0,0,2.0
10000000.0,en,22.888173,98.0,Released,5.8,441,2009,3,0,0,0,0,0,0,0,0,0,0,0,0,0,1,0,1,0,1,0,0,1.0
10000000.0,en,5.025446,105.0,Released,6.4,81,2006,3,0,0,0,1,0,0,1,0,0,0,0,0,1,0,0,0,0,0,0,0,3.0
10000000.0,en,2.580808,123.0,Released,5.2,13,1994,3,1,0,0,0,0,0,1,0,0,0,0,0,0,0,0,0,0,1,0,0,1.0
12000000.0,en,4.192064,107.0,Released,5.3,49,1985,2,1,0,0,0,0,0,0,0,0,0,0,0,0,0,0,0,0,1,0,0,2.0
10000000.0,en,2.596338,112.0,Released,6.1,27,2005,3,0,0,0,1,0,0,1,1,0,0,0,0,0,0,0,0,0,0,0,0,7.0
9000000.0,en,18.289303,93.0,Released,7.5,676,1998,3,0,0,0,1,0,0,1,0,0,0,0,0,0,0,0,0,0,0,0,0,7.0
10000000.0,en,26.268209,100.0,Released,4.7,507,2010,3,0,0,0,0,0,0,0,0,0,0,0,0,0,0,0,1,0,0,0,0,2.0
10000000.0,en,17.592299,122.0,Released,6.3,272,2015,3,0,0,0,1,0,0,1,0,0,0,0,0,0,0,0,0,0,0,0,0,5.0
10000000.0,en,6.27141,101.0,Released,6.4,34,2008,3,0,0,0,1,0,0,1,1,0,0,0,0,0,0,0,0,0,0,0,0,1.0
19500000.0,en,11.158906,100.0,Released,5.5,203,2005,3,0,0,0,1,0,0,1,1,0,0,0,0,0,0,1,0,0,0,0,0,2.0
10000000.0,en,3.079862,129.0,Released,6.3,47,1990,3,0,0,0,0,0,0,1,0,0,0,0,0,0,0,1,0,0,0,0,0,16.0
10000000.0,en,8.288813,81.0,Released,6.1,159,2002,3,1,0,0,1,0,0,0,0,0,0,0,0,0,0,0,0,0,0,0,0,4.0
11000000.0,en,32.579697,96.0,Released,6.6,864,1990,3,1,0,0,0,0,0,0,0,0,0,0,1,0,0,0,0,0,0,0,0,3.0
12600000.0,en,33.555764,84.0,Released,6.0,635,2003,3,0,0,0,0,0,0,0,0,0,0,0,1,0,0,0,0,0,1,0,0,1.0
10000000.0,en,2.959547,99.0,Released,6.6,50,1980,2,0,0,0,0,0,0,0,0,0,0,1,0,0,0,0,0,0,0,0,1,4.0
25000000.0,en,4.068107,110.0,Released,6.0,57,1999,1,1,0,0,0,1,0,0,0,0,0,0,0,0,1,0,0,0,1,0,0,3.0
10000000.0,en,17.663353,130.0,Released,7.0,1068,2013,3,0,0,0,0,0,0,1,0,0,0,0,0,0,0,0,0,0,0,0,0,4.0
10000000.0,en,4.207456,84.0,Released,5.6,72,2007,3,1,1,0,1,1,0,0,0,0,0,0,0,0,0,0,0,0,0,0,0,1.0
10000000.0,en,7.944457,92.0,Released,8.0,201,2013,3,0,0,0,0,0,1,0,0,0,0,0,0,1,0,0,0,0,0,0,0,4.0
10000000.0,en,3.352702,90.0,Released,5.4,58,2009,2,0,0,0,1,0,0,0,0,0,0,0,0,0,0,0,0,0,0,0,0,1.0
3000000.0,en,5.856363,76.0,Released,5.6,62,2002,3,0,0,1,0,0,0,0,1,0,0,0,0,0,0,0,0,0,0,0,0,1.0
6400000.0,en,21.006078,99.0,Released,6.6,406,2011,3,0,0,0,0,0,0,1,0,0,0,0,0,0,0,0,0,0,0,0,0,2.0
10000000.0,en,5.647538,96.0,Released,6.2,136,2005,3,1,0,0,1,1,0,1,0,0,0,0,0,0,0,0,0,0,1,0,0,3.0
10000000.0,en,1.000178,104.0,Released,8.1,12,1997,2,0,0,0,1,0,0,1,0,0,0,0,0,0,0,1,0,0,0,0,0,1.0
5000000.0,en,27.247013,108.0,Released,6.7,1049,2015,3,0,0,0,0,0,0,0,0,0,0,0,0,0,1,0,0,0,1,0,0,1.0
10000000.0,en,1.83428,108.0,Released,6.1,15,2005,2,0,1,0,0,0,0,1,0,0,0,0,0,0,0,0,0,0,0,0,0,1.0
10000000.0,en,11.592129,87.0,Released,5.5,75,2001,3,0,0,0,1,0,0,0,0,0,0,0,0,0,0,1,0,0,0,0,0,2.0
10000000.0,en,18.366362,89.0,Released,7.4,1050,1999,2,0,0,0,1,1,0,0,0,0,0,0,0,0,0,0,0,0,0,0,0,4.0
10000000.0,en,6.736274,98.0,Released,6.4,86,1999,2,0,0,0,1,0,0,0,0,0,0,0,0,0,0,0,0,0,0,0,0,1.0
10000000.0,en,28.570174,105.0,Released,6.8,1196,2014,3,0,0,0,0,0,0,1,0,0,0,0,0,0,0,0,0,0,0,0,0,14.0
30000000.0,en,5.671691,100.0,Released,6.2,179,1998,1,0,0,0,1,1,0,0,0,0,0,0,0,0,0,0,0,0,1,0,0,6.0
10000000.0,en,5.842299,89.0,Released,5.3,101,2004,2,0,0,0,1,0,0,0,1,0,0,0,0,0,0,0,0,0,0,0,0,3.0
10000000.0,en,9.525626,114.0,Released,6.4,137,1984,1,0,0,0,0,1,0,0,0,0,0,0,1,0,1,0,0,0,1,0,0,12.0
10000000.0,en,14.038512,90.0,Released,5.1,179,2010,1,1,1,0,1,0,0,0,0,0,0,0,0,0,0,0,0,0,0,0,0,1.0
40000000.0,en,9.177896,97.0,Released,6.8,131,2002,1,0,0,0,0,1,0,1,0,0,0,0,0,0,0,0,0,0,1,0,0,10.0
6000000.0,en,35.350303,90.0,Released,4.4,797,2013,3,0,0,0,1,0,0,0,0,0,0,0,0,0,0,0,0,0,0,0,0,3.9166666666666665
10000000.0,en,12.067921,95.0,Released,5.3,145,2008,3,0,0,0,1,0,0,0,0,0,0,0,0,0,0,0,0,0,0,0,0,1.0
10000000.0,en,30.863082,101.0,Released,6.3,700,2012,1,0,0,0,1,0,0,1,0,0,0,0,0,0,0,1,1,0,0,0,0,1.0
25000000.0,en,10.254807,87.0,Released,5.9,135,2011,1,0,0,0,1,0,0,0,0,0,0,0,0,0,0,0,0,0,0,0,0,5.0
20000000.0,en,73.567232,119.0,Released,8.2,3016,1998,2,0,0,0,0,0,0,1,0,0,0,0,0,0,0,0,0,0,0,0,0,3.0
3500000.0,en,16.361743,94.0,Released,5.9,289,2012,3,0,0,0,0,0,0,0,0,0,0,0,1,0,0,0,0,0,1,0,0,1.0
10000000.0,en,1.374409,74.0,Released,5.5,2,2004,1,0,0,1,0,0,0,1,1,0,0,0,0,1,0,0,0,0,0,0,0,1.0
18000000.0,en,6.18869,131.0,Released,7.3,99,1998,1,0,0,0,0,0,0,1,0,0,0,0,0,1,1,1,0,0,1,0,0,1.0
10000000.0,en,15.280261,112.0,Released,7.7,306,1999,1,0,0,0,0,0,0,1,0,0,0,0,0,0,0,0,0,0,0,0,0,5.0
10000000.0,en,0.753481,96.0,Released,5.5,34,2002,1,1,0,0,0,1,0,1,0,0,0,0,0,0,0,1,0,0,0,0,0,1.0
9500000.0,en,14.105392,88.0,Released,6.4,334,2013,1,0,0,0,1,0,0,0,0,0,0,0,0,0,0,0,0,0,0,0,0,1.0
10000000.0,en,14.905357,100.0,Released,6.2,238,2007,3,0,0,0,1,0,0,0,0,0,0,0,0,0,0,1,0,0,0,0,0,2.0
10000000.0,en,0.518056,79.0,Released,3.8,6,1981,1,0,0,0,1,0,0,0,1,0,0,0,0,0,0,1,0,0,0,0,0,1.0
9000000.0,en,12.172131,121.0,Released,6.5,115,2014,3,0,0,0,0,0,0,1,0,0,0,0,0,0,0,0,0,0,0,0,0,3.0
16000000.0,en,3.084874,85.0,Released,4.1,10,2001,1,0,0,0,1,0,0,0,1,0,0,0,0,0,0,1,0,0,0,0,0,2.0
10000000.0,en,17.078656,126.0,Released,6.9,336,2006,1,0,1,0,0,0,0,1,0,0,0,0,0,0,0,0,0,0,0,1,0,2.0
10000000.0,en,16.318608,107.0,Released,6.6,183,2015,2,0,0,0,1,0,0,1,0,0,0,0,0,1,0,0,0,0,0,0,0,1.0
10000000.0,en,10.409155,83.0,Released,6.1,217,2011,1,0,0,0,1,0,0,1,0,0,0,0,0,0,0,0,0,0,0,0,0,4.0
3600000.0,it,5.355763,120.0,Released,6.9,73,2009,3,0,0,0,0,0,0,1,0,0,0,0,0,0,0,1,0,0,0,0,0,1.0
10000000.0,en,4.725357,112.0,Released,5.4,41,2012,1,0,0,0,0,0,0,1,0,0,0,0,0,0,1,0,1,0,0,0,0,1.0
11500000.0,en,4.850402,100.0,Released,5.7,36,1993,1,1,0,0,0,1,0,1,0,0,0,0,0,0,0,0,0,0,1,0,0,1.0
10000000.0,en,8.902102,89.0,Released,6.6,105,1999,1,1,0,0,0,1,0,1,0,0,0,0,0,0,1,0,0,0,1,0,0,15.0
6500000.0,en,28.223163,112.0,Released,7.2,1149,2004,3,0,0,0,0,0,0,1,0,0,0,0,0,0,0,0,0,0,0,0,0,3.0
10000000.0,en,3.007816,140.0,Released,6.4,25,2000,1,0,0,0,0,0,0,1,0,0,0,0,0,0,0,1,0,0,0,0,0,1.0
23500000.0,en,1.610132,92.0,Released,6.8,15,1987,2,1,0,0,0,0,0,0,0,0,0,0,0,0,0,0,0,0,1,0,0,1.0
13000000.0,en,8.326131,120.0,Released,7.3,90,2006,2,0,0,0,0,0,0,1,0,0,0,0,0,0,0,1,0,0,0,0,0,3.0
10000000.0,en,3.919057,97.0,Released,4.4,51,2011,1,0,0,0,1,0,0,0,0,0,0,0,0,0,0,0,0,0,0,0,0,1.0
10000000.0,en,2.23411,135.0,Released,6.3,24,2000,1,0,0,0,1,0,0,1,0,0,0,0,0,0,0,0,0,0,0,0,0,16.0
10000000.0,en,19.865989,95.0,Released,4.8,448,2016,3,0,0,0,0,0,0,0,0,0,0,0,1,0,0,0,0,0,1,0,0,1.0
14000000.0,en,0.310513,118.0,Released,6.0,2,1981,1,0,1,0,0,0,0,0,0,0,0,0,0,0,1,0,0,0,1,0,0,3.0
10000000.0,en,19.263477,97.0,Released,5.8,383,2015,1,0,0,0,1,0,0,1,0,0,0,0,0,0,1,0,0,0,0,0,0,3.0
10000000.0,en,4.123533,98.0,Released,7.0,54,2011,1,0,0,0,0,0,0,1,0,0,0,0,0,0,0,0,0,0,0,0,0,6.0
10000000.0,en,6.948401,98.0,Released,6.4,168,2002,1,0,0,0,0,0,0,1,0,0,0,0,0,0,1,0,0,0,1,0,0,7.0
10000000.0,en,3.988432,101.0,Released,5.4,24,2000,1,1,0,0,1,0,0,0,0,0,0,0,0,0,0,1,0,0,1,0,0,1.0
10000000.0,en,5.099923,132.0,Released,6.8,49,2002,1,1,1,0,0,0,0,1,1,0,0,0,0,0,0,0,0,0,0,0,0,3.0
20000000.0,en,19.494703,105.0,Released,6.4,365,2012,1,0,0,0,0,1,0,1,0,0,0,0,0,0,0,0,0,0,1,0,0,2.0
5000000.0,hi,3.759988,154.0,Released,5.5,46,2006,3,1,0,0,0,0,0,0,0,0,0,0,0,0,0,0,1,0,0,0,0,1.0
10000000.0,en,4.176066,87.0,Released,6.2,51,2000,1,0,0,0,1,1,0,0,0,0,0,0,0,0,0,0,0,0,1,0,0,3.0
10000000.0,en,16.436178,102.0,Released,6.5,425,2011,1,0,0,0,0,1,0,1,0,0,0,0,0,0,0,0,0,0,1,0,0,6.0
10000000.0,en,14.979375,96.0,Released,6.1,210,2009,1,0,0,0,1,0,0,1,0,0,0,0,0,0,0,0,0,0,0,0,0,1.0
10000000.0,en,8.045488,104.0,Released,6.8,37,2003,1,0,0,0,0,1,0,1,0,0,0,0,0,0,0,0,0,0,1,0,0,2.0
12000000.0,en,8.312153,93.0,Released,4.9,46,2007,3,0,0,0,1,0,0,0,0,0,0,0,0,0,0,0,0,0,0,0,0,2.0
10000000.0,en,10.733761,111.0,Released,6.0,190,2007,3,0,0,0,0,0,0,1,0,0,0,0,0,0,0,1,0,0,0,0,0,3.0
22500000.0,en,0.111313,119.0,Released,6.3,7,1998,1,0,0,0,0,0,0,1,0,0,0,0,0,0,0,0,0,0,0,0,0,2.0
10000000.0,en,4.570043,89.0,Released,4.8,50,2002,1,0,0,0,1,0,0,0,0,0,0,0,0,0,0,1,0,0,0,0,0,7.0
5000000.0,en,6.265659,106.0,Released,5.6,86,2008,1,1,1,0,1,0,0,0,0,0,0,0,0,0,0,0,0,0,1,0,0,1.0
10000005.0,cn,17.54768,113.0,Released,6.6,491,2001,3,1,0,0,1,0,0,0,0,0,0,0,0,0,0,0,0,0,0,0,0,3.0
10000000.0,en,3.412162,93.0,Released,5.5,62,2004,1,0,0,0,0,0,0,1,0,0,0,0,0,0,0,0,0,0,0,0,0,2.0
12000000.0,fr,0.627964,105.0,Released,6.4,5,1997,2,0,0,0,1,1,0,0,0,0,0,0,0,0,0,0,0,0,1,0,0,2.0
11500000.0,en,5.75555,103.0,Released,6.5,98,2014,3,0,0,0,0,0,0,1,0,0,0,0,0,0,0,0,0,0,0,0,0,1.0
18000000.0,en,1.031142,100.0,Released,5.3,3,1997,3,0,0,0,0,0,0,1,0,0,0,0,0,0,0,0,0,0,0,0,0,1.0
7700000.0,en,7.554799,123.0,Released,5.9,131,2011,1,0,0,0,0,0,0,1,0,0,0,0,0,0,0,0,0,0,1,0,0,1.0
10000000.0,en,2.85283,111.0,Released,6.3,29,2004,3,0,0,0,1,0,0,1,0,0,0,0,0,0,0,0,0,0,0,0,0,1.0
38000000.0,en,1.769593,86.0,Released,6.4,12,2001,2,1,0,0,1,1,0,0,0,0,0,0,0,0,0,0,0,0,0,0,0,1.0
10000000.0,en,9.805551,99.0,Released,6.5,177,2009,1,0,0,0,1,0,0,0,0,0,0,0,0,0,0,1,0,0,0,0,0,1.0
15000000.0,en,12.898984,96.0,Released,6.4,169,2006,1,0,0,0,1,0,0,0,0,0,0,0,1,0,0,0,0,0,1,0,0,2.0
10000000.0,en,2.803642,82.0,Released,6.0,50,2005,3,0,0,0,0,0,0,1,0,0,0,0,0,0,0,0,0,0,1,0,0,2.0
15000000.0,en,6.085879,110.0,Released,6.4,139,2010,1,0,0,0,0,0,0,1,0,0,0,0,0,0,0,0,0,0,0,0,0,1.0
10000000.0,en,11.946898,83.0,Released,4.1,178,1994,1,0,0,0,1,1,0,0,0,0,0,0,0,0,0,0,0,0,0,0,0,1.0
10000000.0,en,0.397341,128.0,Released,6.0,5,2010,1,0,0,0,0,1,0,1,0,0,0,0,0,0,0,0,0,0,0,0,0,2.0
10000000.0,es,0.072085,125.0,Released,5.8,14,2013,3,0,0,0,0,0,0,1,0,0,0,1,0,0,0,0,0,0,0,1,0,1.0
10000000.0,en,2.849895,104.0,Released,6.2,31,2014,3,0,0,0,1,0,0,0,1,0,0,0,0,0,0,1,0,0,0,0,0,2.0
10000000.0,en,0.666218,86.0,Released,3.0,9,1998,1,0,0,0,1,0,0,0,0,0,0,0,0,0,0,0,0,0,0,0,0,1.0
18000000.0,en,1.388136,90.0,Released,4.8,19,2009,3,0,0,0,1,0,0,1,0,0,0,0,0,0,0,1,0,0,0,0,0,1.0
3200000.0,en,2.631688,90.0,Released,5.4,59,2009,1,0,0,0,1,0,0,0,0,0,0,0,0,0,0,1,0,0,0,0,0,1.0
5000000.0,en,10.955567,90.0,Released,4.7,44,2009,1,0,0,0,1,0,0,1,0,0,0,0,0,0,0,0,0,0,0,0,0,1.0
20000000.0,en,0.122874,94.0,Released,5.8,4,2008,1,0,0,0,0,0,0,1,1,0,0,0,0,0,0,0,0,0,0,0,0,2.0
10000000.0,en,5.145655,111.0,Released,5.1,83,2015,1,0,0,0,0,0,0,1,0,0,0,0,0,0,0,0,0,0,1,0,0,1.0
10000000.0,en,1.728816,85.0,Released,7.0,5,2009,1,0,0,0,1,0,0,0,0,0,0,0,0,0,0,0,0,0,0,0,0,2.0
10000000.0,en,3.064563,93.0,Released,3.9,29,2007,3,0,0,0,1,0,0,0,0,0,0,0,0,0,0,1,0,0,0,0,0,1.0
14100000.0,en,9.318033,107.0,Released,5.7,188,2008,2,0,0,0,0,1,0,0,0,0,0,0,0,0,1,0,0,0,1,0,0,1.0
15000000.0,en,7.245108,94.0,Released,5.4,130,2010,2,0,0,0,0,0,0,1,0,0,0,0,1,0,0,0,0,0,1,0,0,1.0
6500000.0,en,9.085482,91.0,Released,6.4,34,2004,1,0,0,0,1,0,0,1,0,0,0,0,0,0,0,0,0,0,0,0,0,1.0
51500000.0,en,6.814247,99.0,Released,5.6,80,2007,2,0,0,0,0,0,0,1,0,1,0,0,1,0,0,0,0,0,1,0,0,4.0
10000000.0,en,2.873796,91.0,Released,4.3,16,2011,3,0,0,0,0,0,0,1,0,0,0,0,0,1,0,0,0,0,0,0,0,1.0
36500000.0,en,4.481897,117.0,Released,6.1,35,2008,3,1,0,0,0,0,0,0,0,0,0,0,0,0,0,0,0,0,1,0,0,1.0
10000000.0,en,1.413934,85.0,Released,6.5,1,2014,3,0,1,1,0,0,0,0,1,0,0,0,0,0,0,0,0,0,0,0,0,1.0
10000000.0,en,2.574014,106.0,Released,6.4,22,2008,3,0,0,0,0,0,0,1,0,0,0,0,0,0,0,0,0,0,0,1,0,6.0
10.0,is,1.617943,85.0,Released,6.9,26,2013,2,0,0,0,1,0,0,1,0,0,0,0,0,0,0,1,0,0,0,0,0,1.0
20000000.0,en,1.259968,99.0,Released,4.3,9,2010,3,0,0,0,1,0,0,0,0,0,0,0,0,0,0,1,0,0,0,0,0,4.0
10000000.0,en,5.099472,90.0,Released,4.0,53,2009,3,1,0,0,0,0,0,0,0,0,0,0,1,0,0,0,1,0,1,0,0,1.0
16000000.0,en,2.131524,116.0,Released,6.4,6,2007,2,0,0,0,0,0,0,1,0,0,1,0,0,0,0,1,0,0,0,0,0,2.0
20000000.0,en,0.304566,85.0,Released,5.0,6,2010,3,0,0,0,1,0,0,0,0,0,0,0,0,0,0,0,0,0,0,0,0,1.0
10000000.0,ko,11.847324,130.0,Released,7.1,193,2008,3,1,1,0,1,0,0,0,0,0,0,0,0,0,0,0,0,0,0,0,1,2.0
10.0,en,10.013629,99.0,Released,4.9,119,2013,3,0,0,0,0,0,0,0,0,0,0,0,1,0,0,0,0,0,1,0,0,2.0
10000000.0,en,3.753703,89.0,Released,6.7,27,2010,3,1,0,0,1,0,0,1,0,0,0,0,0,0,0,0,0,0,0,0,1,1.0
9500000.0,en,19.978021,107.0,Released,6.4,737,2009,3,0,0,0,1,0,0,0,0,0,0,0,0,0,0,0,0,0,0,0,0,3.0
9600000.0,en,3.588529,144.0,Released,6.0,24,2005,1,0,0,0,0,0,0,1,0,0,0,0,0,0,0,1,0,0,0,0,0,1.0
11000000.0,en,9.337388,98.0,Released,6.4,135,2000,3,0,0,0,1,0,0,0,0,0,0,0,0,0,0,0,0,0,0,0,0,5.0
10000000.0,en,11.431434,94.0,Released,4.3,158,2014,3,1,0,0,0,0,0,0,0,0,0,0,0,0,0,0,0,0,0,0,0,1.0
9500000.0,en,28.675891,117.0,Released,6.5,531,1967,3,1,1,0,0,0,0,0,0,0,0,0,0,0,0,0,0,0,1,0,0,3.0
10.0,en,9.70276,102.0,Released,6.1,86,2014,3,1,0,0,1,1,0,1,0,0,0,0,0,0,0,0,0,0,0,0,0,2.0
8900000.0,fr,17.151293,127.0,Released,7.5,400,2012,3,0,0,0,0,0,0,1,0,0,0,0,0,0,0,1,0,0,0,0,0,3.0
10500000.0,en,11.225044,98.0,Released,4.5,123,1988,2,0,0,0,0,0,0,0,0,0,0,0,1,0,0,0,0,0,1,0,0,1.0
9500000.0,en,5.346205,87.0,Released,4.9,34,2015,3,0,0,0,0,0,0,0,0,0,0,0,1,0,0,0,1,0,0,0,0,1.0
9400000.0,en,14.562991,163.0,Released,7.0,140,1963,3,1,1,0,1,1,0,0,0,0,0,0,0,0,0,0,0,0,0,0,0,2.0
12899867.0,es,19.747809,121.0,Released,7.3,406,2006,3,0,0,0,1,0,0,1,0,0,0,0,0,0,0,1,0,0,0,0,0,1.0
9300000.0,en,12.928269,90.0,Released,6.2,148,1981,3,0,0,1,0,0,0,0,0,0,0,0,0,0,0,0,1,0,0,0,0,1.0
10000000.0,en,3.193777,89.0,Released,6.2,51,2009,1,1,0,0,1,0,0,0,0,0,0,0,0,0,0,0,0,0,1,0,0,3.0
15250000.0,en,5.107235,104.0,Released,6.9,49,1995,1,0,0,0,0,0,0,1,0,0,0,0,0,0,0,0,0,0,0,1,0,3.0
10000000.0,en,10.073144,94.0,Released,5.1,74,2015,3,1,0,0,0,0,0,0,0,0,0,0,1,0,0,0,0,0,1,0,0,2.0
15000000.0,en,4.807549,131.0,Released,6.0,40,2010,2,1,0,0,0,0,0,1,0,0,0,0,0,0,0,1,0,0,0,0,0,1.0
7400000.0,da,36.173598,136.0,Released,7.0,885,2011,3,0,0,0,0,0,0,1,0,0,0,0,0,0,0,0,1,0,0,0,0,3.0
5.0,en,5.499412,92.0,Released,7.1,83,2011,3,0,0,0,1,0,0,1,1,0,0,0,0,0,0,0,0,0,0,0,0,1.0
6087315.0,hi,5.900535,176.0,Released,7.3,66,2012,3,0,0,0,0,0,0,1,0,0,0,0,0,0,0,1,0,0,0,0,0,2.0
11000000.0,en,94.184658,117.0,Released,7.9,4470,1979,3,1,0,0,0,0,0,0,0,0,0,0,1,0,0,0,1,0,1,0,0,16.0
85000.0,en,29.262427,83.0,Released,7.2,590,1974,3,0,0,0,0,0,0,0,0,0,0,0,1,0,0,0,0,0,0,0,0,5.0
10000000.0,en,17.611971,106.0,Released,6.3,254,2010,1,0,0,0,0,0,0,1,0,0,0,0,0,1,0,0,0,0,0,0,0,1.0
9000000.0,en,7.623979,181.0,Released,7.4,134,1971,3,0,0,0,0,0,0,1,0,0,0,0,0,0,0,1,0,0,0,0,0,5.0
5500000.0,en,31.036,130.0,Released,6.5,562,1965,3,1,1,0,0,0,0,0,0,0,0,0,0,0,0,0,0,0,1,0,0,4.0
10000000.0,en,10.424596,93.0,Released,5.7,129,2011,2,0,0,0,1,0,0,0,0,0,0,0,1,0,0,0,1,0,0,0,0,2.0
7000000.0,it,7.720692,110.0,Released,7.0,118,2010,2,0,0,0,1,0,0,1,0,0,0,0,0,0,0,1,0,0,0,0,0,1.0
9000000.0,en,6.717994,118.0,Released,6.9,66,1996,3,1,0,0,0,1,0,1,0,0,0,0,0,0,0,0,0,0,0,0,0,8.0
9000000.0,en,3.951041,120.0,Released,6.8,38,1999,3,0,0,0,1,0,0,1,0,0,0,0,0,0,0,0,0,0,0,0,0,7.0
9000000.0,en,27.600843,87.0,Released,6.3,581,1988,3,0,0,0,0,0,0,0,0,0,0,0,1,0,0,0,0,0,1,0,0,2.0
9000000.0,en,14.098952,123.0,Released,7.3,235,2007,3,0,0,0,0,0,1,0,0,0,0,0,0,0,0,0,0,0,0,0,0,6.0
9000000.0,en,82.975841,104.0,Released,6.6,1954,2014,3,0,0,0,0,0,0,0,0,0,0,0,1,0,0,0,0,0,1,0,0,3.0
9000000.0,en,3.269459,91.0,Released,4.9,70,2000,3,0,0,0,1,0,0,1,1,0,0,0,0,0,0,1,0,0,0,0,0,1.0
9000000.0,en,18.514292,88.0,Released,6.6,693,2004,3,0,1,0,1,0,0,0,0,0,0,0,0,0,0,0,0,0,0,0,0,2.0
9000000.0,en,7.029126,126.0,Released,6.7,60,2000,3,0,0,0,0,0,0,1,0,0,0,0,0,0,0,0,0,0,1,0,0,5.0
26000000.0,en,11.233081,118.0,Released,6.5,201,2000,2,0,0,0,0,1,0,1,0,0,0,0,0,0,0,0,0,0,1,0,0,1.0
40600000.0,en,34.022209,116.0,Released,7.1,738,1983,3,0,0,0,1,0,0,0,0,0,0,0,0,0,0,0,0,0,0,0,0,6.0
9000000.0,en,4.134327,84.0,Released,4.8,119,2006,3,0,0,0,0,0,0,0,0,0,0,0,1,0,0,0,0,0,1,0,0,2.0
10000000.0,en,6.904734,85.0,Released,5.8,21,2004,2,0,0,0,1,0,0,0,0,0,0,0,0,0,0,1,0,0,0,0,0,1.0
9000000.0,en,4.641006,137.0,Released,7.4,71,1989,2,1,0,0,0,0,0,1,0,0,0,1,0,0,0,1,0,0,0,1,0,7.0
16000000.0,en,5.663889,114.0,Released,6.8,110,2007,1,0,0,0,0,0,0,1,0,0,0,0,0,0,0,0,0,0,0,0,0,2.0
20000000.0,en,1.118511,80.0,Released,6.3,16,2003,1,0,0,0,1,0,0,0,0,0,0,0,0,0,0,1,0,0,0,0,0,1.0
8500000.0,en,8.775844,119.0,Released,6.4,100,2000,3,1,0,0,0,1,0,1,0,0,0,0,0,0,0,0,0,0,1,0,0,3.0
9000000.0,en,2.062087,97.0,Released,6.5,95,2002,1,0,0,0,1,0,0,1,0,0,0,0,0,0,0,0,0,0,0,0,0,4.0
9000000.0,en,8.738737,79.0,Released,6.0,41,1994,1,0,0,0,1,0,0,0,0,0,0,0,0,0,0,0,0,0,0,0,0,1.0
9000000.0,en,4.976268,114.0,Released,6.8,78,2006,1,0,0,0,0,0,0,1,1,0,0,0,0,0,0,1,0,0,0,0,0,2.0
9000000.0,en,3.810697,91.0,Released,5.7,49,1984,2,1,0,0,1,0,0,0,0,0,0,0,0,0,0,0,1,0,0,0,0,2.0
9000000.0,en,2.365328,97.0,Released,6.0,17,2007,1,0,0,0,0,0,0,1,0,0,0,0,0,0,0,0,0,0,0,0,0,3.0
9000000.0,en,5.2545,103.0,Released,5.5,29,2005,3,0,0,0,1,0,0,1,0,0,0,0,0,0,0,1,0,0,0,0,0,2.0
9000000.0,en,5.293363,92.0,Released,6.1,56,2008,1,0,0,0,1,0,0,0,0,0,0,0,0,1,0,0,0,0,0,0,0,4.0
9000000.0,en,10.932711,119.0,Released,6.9,116,1998,1,0,0,0,0,0,0,1,0,0,0,0,0,1,0,0,0,0,0,0,0,3.0
10951000.0,ko,9.05029,156.0,Released,7.2,250,2016,3,0,0,0,0,0,0,0,0,0,0,0,1,0,1,0,0,0,0,0,0,1.0
9000000.0,en,9.933926,84.0,Released,6.8,79,2011,3,0,0,0,0,0,1,0,1,0,0,0,0,1,0,0,0,0,0,0,0,2.0
11000000.0,th,0.843067,185.0,Released,5.1,6,2001,2,0,0,0,0,0,0,1,0,0,1,1,0,0,0,0,0,0,0,1,0,1.0
9000000.0,en,8.218383,120.0,Released,6.0,35,1990,3,0,0,0,0,0,0,0,0,0,0,0,1,0,0,0,0,0,1,0,0,4.0
6000000.0,fr,5.119593,98.0,Released,5.8,214,2014,3,0,0,0,1,0,0,0,0,0,0,0,0,0,0,0,0,0,0,0,0,1.0
9000000.0,en,2.872281,128.0,Released,7.0,33,2002,1,0,0,0,1,0,0,1,0,0,0,0,0,0,0,0,0,0,0,0,0,5.0
9000000.0,en,0.717811,130.0,Released,4.8,14,2010,1,0,0,0,0,0,0,1,0,0,0,0,0,0,0,0,0,0,0,0,0,1.0
5000000.0,en,1.458884,86.0,Released,6.1,7,2006,1,0,0,0,0,0,0,1,1,0,1,0,0,0,0,0,0,0,0,0,0,4.0
6500000.0,da,7.028946,130.0,Released,6.8,68,2008,2,0,0,0,0,1,0,1,0,0,0,1,0,0,0,0,0,0,0,1,0,1.0
9000000.0,en,2.009597,97.0,Released,4.5,12,2005,1,0,0,0,1,0,0,0,0,0,0,0,0,0,0,1,0,0,0,0,0,1.0
9000000.0,en,7.247023,102.0,Released,7.0,54,2009,3,0,0,0,0,1,0,1,0,0,0,0,0,0,1,0,0,0,1,0,0,2.0
11750000.0,fr,2.351706,105.0,Released,5.6,10,2009,2,0,0,0,0,0,0,1,0,0,0,0,0,0,0,1,0,0,0,0,0,1.0
9000000.0,en,4.799022,103.0,Released,5.8,75,2009,1,0,0,0,0,0,0,1,0,0,0,0,0,0,0,1,0,0,0,0,0,1.0
5000000.0,en,16.072466,97.0,Released,6.3,503,1986,3,0,1,0,1,0,0,0,0,0,0,0,0,0,0,0,0,0,0,0,0,1.0
130000000.0,en,3.891186,76.0,Released,5.2,27,2010,3,0,0,1,0,0,0,0,0,0,0,0,0,0,0,0,1,0,0,0,0,1.0
8800000.0,en,3.789485,90.0,Released,5.9,62,2004,1,0,0,0,0,0,0,0,0,0,0,0,0,0,1,0,1,0,1,0,0,1.0
7347125.0,en,3.949796,122.0,Released,7.3,40,2010,3,0,0,0,0,0,0,1,0,0,0,1,0,0,0,0,0,0,0,1,0,1.0
10000000.0,fr,14.038703,127.0,Released,7.9,285,2011,3,0,0,0,0,0,0,1,0,0,0,0,0,0,0,0,0,0,0,0,0,1.0
86000000.0,en,18.172736,84.0,Released,6.3,395,2007,1,0,0,0,0,1,0,0,0,0,0,0,0,0,1,0,0,0,1,0,0,1.0
45000000.0,en,1.881466,69.0,Released,8.0,27,2005,2,1,1,1,0,0,0,0,0,1,0,0,0,0,0,0,1,0,0,0,0,3.0
9000000.0,en,6.677926,96.0,Released,5.6,61,2014,3,1,0,0,0,0,0,1,0,0,0,0,0,0,0,0,0,0,1,0,0,1.0
8500000.0,en,24.750909,97.0,Released,6.8,538,1987,3,0,0,0,1,0,0,0,0,0,0,0,1,0,0,0,0,0,0,0,0,13.0
7000000.0,en,17.697042,112.0,Released,6.8,274,2009,3,0,0,0,0,0,0,1,0,0,0,0,0,1,0,1,0,0,0,0,0,3.0
9250000.0,en,7.000949,125.0,Released,6.8,28,1979,3,0,0,0,0,0,0,1,0,0,0,0,0,1,0,1,0,0,0,0,0,1.0
8500000.0,en,11.436405,96.0,Released,5.6,85,2013,3,0,0,0,1,0,0,0,0,0,0,0,0,0,0,0,0,0,0,0,0,1.0
9000000.0,en,14.171759,98.0,Released,5.7,146,1968,1,0,0,0,0,0,0,0,0,0,0,0,0,0,0,0,1,0,0,0,0,1.0
8500000.0,en,0.702971,92.0,Released,6.1,14,1990,3,0,1,0,0,0,0,0,1,0,0,0,0,0,0,0,0,0,0,0,0,1.0
25000000.0,en,13.476596,99.0,Released,6.7,270,1999,1,0,0,0,1,0,0,0,0,0,0,0,0,0,0,0,0,0,0,0,0,6.0
12000000.0,en,3.604863,122.0,Released,6.8,50,2006,3,0,0,0,0,0,0,1,0,0,0,0,0,0,0,0,0,0,0,0,0,5.0
8500000.0,en,40.28709,100.0,Released,6.8,1322,2015,3,0,0,0,1,0,0,0,0,0,0,0,0,0,0,1,0,0,0,0,0,1.0
22000000.0,en,3.809131,104.0,Released,3.4,38,2001,1,0,0,0,0,0,0,1,0,0,0,0,0,0,0,1,0,0,0,0,0,1.0
8000000.0,en,11.708343,101.0,Released,5.6,175,2013,1,0,0,0,0,0,0,1,0,0,0,0,1,0,0,0,0,0,1,0,0,1.0
8000000.0,ko,2.60632,135.0,Released,6.6,28,2003,3,1,0,0,0,0,0,1,0,0,0,1,0,0,0,0,0,0,0,0,0,1.0
8500000.0,en,9.230073,119.0,Released,6.8,107,2009,1,0,0,0,0,0,0,1,0,0,0,0,0,0,0,1,0,0,0,0,0,3.0
12000000.0,en,14.719886,145.0,Released,7.7,232,2010,3,0,0,0,0,0,0,1,0,0,0,0,0,0,0,1,0,0,0,0,0,2.0
9000000.0,en,28.540614,106.0,Released,6.6,671,2013,1,1,1,0,0,0,0,1,0,0,0,0,0,0,0,0,0,0,0,0,0,3.0
8000000.0,en,0.034259,126.0,Released,7.0,17,1999,1,0,1,0,0,0,0,1,0,0,0,0,0,0,0,0,0,0,1,0,0,4.0
16000000.0,en,1.840511,128.0,Released,6.6,29,2007,2,0,0,0,0,0,0,1,0,0,1,0,0,0,0,1,0,0,0,0,0,1.0
6500000.0,en,6.787967,124.0,Released,7.1,154,2006,3,0,0,0,0,0,0,1,0,0,0,1,0,0,0,0,0,0,0,1,0,1.0
7700000.0,hi,3.353176,159.0,Released,7.2,79,2013,3,0,0,0,0,0,0,0,0,0,0,0,0,0,0,1,0,0,0,0,0,1.0
8250000.0,en,7.973109,171.0,Released,7.0,63,1951,3,0,0,0,0,0,0,1,0,0,0,1,0,0,0,1,0,0,0,0,0,1.5
8500000.0,en,5.897479,98.0,Released,6.7,100,2008,1,0,0,0,1,0,0,0,0,0,0,0,1,1,0,0,1,0,0,0,0,5.0
10000000.0,tr,1.465762,122.0,Released,4.3,7,2006,3,1,1,0,0,0,0,1,0,0,0,0,0,0,0,0,0,0,0,0,0,1.0
8000000.0,en,121.463076,154.0,Released,8.3,8428,1994,3,0,0,0,0,1,0,0,0,0,0,0,0,0,0,0,0,0,1,0,0,10.0
8000000.0,en,10.639916,97.0,Released,7.0,164,1979,3,0,1,0,1,0,0,0,1,0,0,0,0,0,0,0,0,0,0,0,0,1.0
8500000.0,en,89.095538,117.0,Released,7.6,3395,2014,3,0,0,0,0,1,0,1,0,0,0,0,0,0,0,0,0,0,1,0,0,1.0
8500000.0,en,2.62082,104.0,Released,5.1,107,2004,1,0,0,0,1,0,0,0,0,0,0,0,1,0,0,0,0,0,0,0,0,4.0
8200000.0,en,37.960289,174.0,Released,7.4,941,1965,3,0,0,0,0,0,0,1,1,0,0,0,0,1,0,1,0,0,0,0,0,4.0
8000000.0,en,21.735068,111.0,Released,6.1,321,1984,3,0,0,0,1,0,0,0,0,1,0,0,0,0,0,1,0,0,0,0,0,13.0
8000000.0,en,14.793177,102.0,Released,7.5,1686,2006,3,0,0,0,1,0,0,1,0,0,0,0,0,0,0,0,0,0,0,0,0,1.0
8000000.0,en,51.109279,89.0,Released,7.8,1522,1986,3,0,0,0,0,1,0,1,0,0,0,0,0,0,0,0,0,0,0,0,0,11.0
5000000.0,en,45.490374,113.0,Released,7.1,1777,2002,3,0,0,0,0,0,0,0,0,0,0,0,1,0,0,0,1,0,1,0,0,8.0
8000000.0,en,3.804597,95.0,Released,4.8,75,2004,3,0,0,0,0,0,0,1,0,0,0,0,0,0,0,0,0,0,0,0,0,2.0
8000000.0,en,26.356697,111.0,Released,7.2,561,1979,3,0,0,0,0,1,0,1,0,0,0,0,0,0,0,0,0,0,0,0,0,1.0
8000000.0,en,3.501158,109.0,Released,7.0,31,2002,3,0,0,0,1,0,0,0,0,0,0,0,0,0,0,1,0,0,0,0,0,4.0
8000000.0,en,2.088251,108.0,Released,5.7,15,1996,3,0,0,0,1,1,0,0,0,0,0,0,0,0,0,1,0,0,1,0,0,2.0
8000000.0,en,33.372828,100.0,Released,7.0,1261,2011,3,0,0,0,1,0,0,1,0,0,0,0,0,0,0,0,0,0,0,0,0,4.0
10800000.0,en,8.864368,85.0,Released,5.3,180,2008,3,0,0,0,0,0,0,0,0,0,0,0,1,0,1,0,0,0,1,0,0,1.0
8000000.0,en,37.821106,94.0,Released,6.1,1004,2014,3,0,0,0,1,0,0,0,0,0,0,0,0,0,0,1,0,0,0,0,0,1.0
8000000.0,en,4.293706,89.0,Released,5.6,23,1981,3,0,0,0,1,0,0,0,0,0,0,0,0,0,0,0,0,0,0,0,0,1.0
65000000.0,en,3.467923,80.0,Released,7.5,18,2016,3,0,1,0,0,0,0,0,0,0,0,0,0,0,0,0,0,0,0,0,0,1.0
8000000.0,en,10.19377,111.0,Released,7.2,189,1993,3,0,0,0,1,0,0,1,0,0,0,0,0,0,0,1,0,0,0,0,0,7.0
6500000.0,en,25.289665,142.0,Released,6.5,456,1969,3,1,1,0,0,0,0,0,0,0,0,0,0,0,0,0,0,0,1,0,0,1.0
14000000.0,en,14.730796,112.0,Released,6.4,291,1994,2,0,0,0,0,0,0,0,0,1,0,0,1,0,1,0,0,0,1,0,0,11.0
8000000.0,en,4.482714,91.0,Released,5.8,62,1999,3,0,0,0,1,0,0,1,1,0,0,0,0,0,0,1,0,0,0,0,0,3.0
8000000.0,en,4.932893,112.0,Released,6.7,81,2006,3,0,0,0,0,0,0,1,0,0,0,0,0,0,0,0,0,0,0,0,0,1.0
8000000.0,en,7.894489,82.0,Released,6.4,177,1998,3,0,0,0,1,1,0,0,0,0,0,0,0,0,0,0,0,0,0,0,0,2.0
8000000.0,en,13.987772,97.0,Released,5.2,99,2009,3,0,0,0,1,0,0,0,0,0,0,0,0,0,0,0,0,0,0,0,0,1.0
7000000.0,en,45.310443,102.0,Released,7.3,2066,2000,3,0,0,0,0,1,0,1,0,0,0,0,0,0,0,0,0,0,1,0,0,1.0
8000000.0,en,9.799177,93.0,Released,6.1,181,2002,3,0,0,0,1,0,0,1,0,0,0,0,0,0,0,1,0,0,0,0,0,5.0
8000000.0,fr,5.069095,116.0,Released,6.5,42,2006,2,1,0,0,1,1,0,0,0,0,0,0,0,0,0,0,0,0,0,0,0,1.0
8000000.0,en,13.517017,118.0,Released,5.9,261,2009,2,1,0,0,0,1,0,0,0,0,0,0,0,0,0,0,0,0,1,0,0,2.0
11750000.0,en,1.353971,114.0,Released,5.7,9,2009,2,0,0,0,0,0,0,1,0,0,0,0,0,0,0,0,0,0,0,0,0,7.0
12200000.0,en,14.969093,93.0,Released,6.6,348,2013,3,0,0,0,1,0,0,1,0,0,0,0,0,0,0,1,0,0,0,0,0,5.0
8000000.0,en,45.395839,92.0,Released,6.7,2210,2010,3,0,0,0,1,0,0,0,0,0,0,0,0,0,0,0,0,0,0,0,0,3.0
15500000.0,en,0.269661,110.0,Released,3.9,5,1994,1,0,0,0,1,0,0,1,0,0,0,0,0,0,0,1,0,0,0,0,0,2.0
8000000.0,en,5.93923,92.0,Released,6.6,148,2000,2,0,0,0,0,0,0,1,0,0,0,0,1,0,0,0,0,0,0,0,0,2.0
8000000.0,en,11.837067,104.0,Released,5.7,134,2011,2,0,0,0,1,0,0,0,0,0,0,0,0,0,0,0,0,0,0,0,0,3.0
8000000.0,en,2.149469,97.0,Released,4.6,30,1996,1,0,0,0,1,0,0,0,0,0,0,0,0,0,0,1,0,0,0,0,0,4.0
14000000.0,en,1.569449,89.0,Released,4.9,11,1999,2,0,0,0,1,0,0,0,0,0,0,0,0,0,0,0,0,0,0,0,0,2.0
8000000.0,en,3.535789,92.0,Released,5.5,46,2000,2,0,0,0,1,0,0,1,0,0,0,0,0,0,0,1,0,0,0,0,0,1.0
8000000.0,en,5.897391,140.0,Released,6.9,95,1992,3,0,0,0,0,0,0,1,0,0,0,0,0,0,0,1,0,0,0,0,0,7.0
8000000.0,en,21.024346,90.0,Released,7.0,459,2015,1,0,0,1,1,0,0,1,0,0,0,0,0,0,0,1,0,0,0,0,0,1.5
8000000.0,en,7.235794,129.0,Released,7.0,97,2010,3,0,0,0,1,0,0,1,0,0,0,0,0,0,0,0,0,0,0,0,0,5.0
8000000.0,fr,8.204829,111.0,Released,6.9,196,2002,3,0,0,0,1,1,0,0,0,0,0,0,0,1,1,0,0,0,1,0,0,2.0
8000000.0,en,8.403859,79.0,Released,5.7,95,1991,1,1,0,0,0,0,0,0,0,0,0,0,0,0,0,0,0,0,1,0,0,4.0
8000000.0,en,4.221313,104.0,Released,6.3,39,1998,1,0,0,0,1,1,0,1,0,0,0,0,0,0,0,0,0,0,1,0,0,4.0
8000000.0,en,13.143045,101.0,Released,6.9,672,2010,1,0,0,0,1,0,0,1,0,0,0,0,0,0,0,0,0,0,0,0,0,1.5
7200000.0,en,6.138802,113.0,Released,6.6,94,2010,3,0,0,0,1,0,0,1,0,0,0,1,0,0,0,0,0,0,0,0,0,2.0
16000000.0,en,1.939054,92.0,Released,6.9,13,2007,1,0,0,0,0,0,0,1,0,0,0,0,0,0,0,0,0,0,0,0,0,3.0
8000000.0,en,8.717235,106.0,Released,6.7,21,1997,1,0,0,0,0,0,0,1,0,0,0,0,0,0,0,1,0,0,0,0,0,2.0
15000000.0,en,0.289433,98.0,Released,4.3,4,1983,1,0,1,0,0,0,0,1,0,0,0,0,0,0,0,0,0,0,0,0,0,1.0
8000000.0,en,10.621353,75.0,Released,7.3,181,2009,1,0,0,1,0,0,0,0,1,1,0,0,0,0,0,0,0,0,0,0,0,1.0
8000000.0,en,35.735689,104.0,Released,7.3,1254,2013,3,0,0,0,1,0,0,1,0,0,0,0,0,1,0,1,0,0,0,0,0,2.0
8000000.0,en,7.433574,112.0,Released,5.9,63,2005,1,0,0,0,0,0,0,1,0,0,0,0,0,0,0,1,0,0,0,0,0,1.0
8000000.0,en,4.090382,99.0,Released,5.8,18,2007,1,1,0,0,0,0,0,1,0,0,0,0,0,0,0,0,0,0,1,0,0,2.0
1000000.0,en,0.812776,180.0,Released,4.9,8,2012,3,0,0,0,0,0,0,1,0,0,0,0,0,0,0,1,0,1,0,0,0,1.0
8000000.0,en,6.335881,109.0,Released,5.9,41,2003,1,0,0,0,1,1,0,0,0,0,0,0,0,1,1,0,0,0,0,0,0,1.0
22500000.0,en,1.278092,111.0,Released,7.0,3,1998,2,0,0,0,0,0,0,1,0,0,0,0,0,0,0,1,0,0,0,1,0,2.0
8000000.0,en,5.244518,91.0,Released,6.6,135,2006,1,0,0,0,1,0,0,1,0,0,0,0,1,0,0,1,0,0,0,0,0,1.0
19500000.0,en,1.265683,99.0,Released,5.2,16,2005,3,0,0,0,1,0,0,1,0,0,0,0,0,0,0,1,0,0,0,0,0,1.0
8000000.0,en,10.791954,98.0,Released,6.4,215,2010,1,1,0,0,1,0,0,0,0,0,0,0,0,0,0,0,0,0,0,0,0,4.0
8000000.0,en,9.782433,95.0,Released,5.6,144,2008,3,0,0,0,0,1,0,0,0,0,0,0,1,0,0,0,0,0,1,0,0,1.0
11750000.0,en,4.409263,142.0,Released,6.9,37,2009,2,0,0,0,0,0,0,1,0,0,0,0,0,0,0,0,0,0,0,0,0,1.0
8000000.0,en,3.942464,107.0,Released,6.3,24,2006,1,1,0,0,0,1,0,1,0,0,0,0,0,0,1,0,0,0,1,0,0,1.0
19500000.0,en,2.597665,105.0,Released,5.6,33,2005,3,0,0,0,1,1,0,1,0,0,0,0,0,0,0,1,0,0,0,0,0,3.0
8000000.0,en,6.500835,112.0,Released,5.1,41,2014,1,0,0,0,0,0,0,1,0,0,0,0,0,0,0,0,0,0,0,0,0,1.0
8000000.0,ja,39.338097,124.0,Released,7.8,773,1988,1,0,0,1,0,0,0,0,0,0,0,0,0,0,0,0,1,0,0,0,0,2.0
22000000.0,en,12.893219,97.0,Released,5.8,103,2007,1,1,0,0,0,1,0,1,0,0,0,0,0,0,0,0,0,0,1,0,0,2.0
8000000.0,fr,0.983484,124.0,Released,6.1,17,2005,1,0,0,0,0,0,0,1,0,0,0,0,0,0,0,0,0,0,0,0,0,1.0
8000000.0,en,2.214925,96.0,Released,4.6,21,2014,3,1,0,0,0,0,0,1,0,0,0,0,0,0,0,0,0,0,1,0,0,1.0
12200000.0,zh,1.86453,114.0,Released,4.3,8,2013,3,0,0,0,1,0,0,0,0,0,0,0,0,0,0,1,0,0,0,0,0,4.0
1000000.0,en,9.100352,93.0,Released,7.0,177,2005,3,0,0,0,1,0,0,1,0,0,0,0,0,0,0,1,0,0,0,0,0,2.0
8000000.0,en,7.828459,104.0,Released,7.0,129,2016,1,0,0,0,0,0,0,1,0,0,0,0,0,0,0,0,0,0,0,0,0,4.0
7800000.0,en,11.000654,102.0,Released,6.4,153,2003,3,0,0,0,0,1,0,0,0,0,0,0,0,0,0,0,0,0,1,0,0,2.0
50000000.0,en,5.0005,90.0,Released,5.4,33,2013,3,1,0,0,0,0,0,1,0,0,0,0,0,0,0,0,0,0,0,0,0,1.0
30000000.0,en,6.41678,100.0,Released,5.9,31,1989,1,1,1,0,0,0,0,0,0,0,0,0,0,0,0,0,1,0,0,0,0,1.0
8000000.0,en,2.101718,106.0,Released,4.1,16,2016,3,1,0,0,0,1,0,0,0,0,0,0,0,0,0,0,0,0,1,0,0,1.0
7500000.0,en,19.585801,99.0,Released,7.0,350,1989,3,0,0,0,1,0,0,1,0,0,0,0,0,0,0,0,0,0,0,0,0,4.0
12000000.0,en,4.105363,114.0,Released,6.6,19,1997,2,0,0,0,1,0,0,1,0,0,0,0,0,0,0,0,0,0,0,0,0,4.0
7500000.0,cn,17.318839,91.0,Released,6.5,240,1995,3,1,0,0,1,1,0,0,0,0,0,0,0,0,0,0,0,0,1,0,0,1.0
7700000.0,fr,3.363973,110.0,Released,6.6,43,2014,3,0,0,0,0,0,0,1,0,0,0,0,0,0,0,0,0,0,0,1,0,1.0
6500000.0,en,29.01153,92.0,Released,7.1,664,2005,3,0,0,0,1,0,0,1,0,0,0,0,0,0,0,0,0,0,0,0,0,5.0
10200000.0,en,20.745052,93.0,Released,5.6,453,2007,3,0,0,0,0,0,0,0,0,0,0,0,1,0,0,0,0,0,0,0,0,4.0
7500000.0,en,16.990308,100.0,Released,6.8,409,2009,3,0,0,0,0,0,0,1,0,0,0,0,0,0,0,1,0,0,0,0,0,2.0
10284523.0,en,4.820166,104.0,Released,5.7,75,2005,2,0,0,0,1,0,0,1,0,0,0,0,0,0,0,1,0,0,0,0,0,3.0
7500000.0,en,2.226412,109.0,Released,5.8,26,1984,1,0,0,0,1,0,0,1,0,0,0,0,0,0,0,0,0,0,0,0,0,2.0
6500000.0,en,8.526635,105.0,Released,6.8,142,2002,3,1,0,0,0,1,0,1,0,0,0,0,0,0,0,0,0,0,1,0,0,3.0
7500000.0,en,1.369528,102.0,Released,4.5,7,2002,1,0,0,0,1,0,0,0,0,0,0,0,0,0,0,0,0,0,0,0,0,2.0
36500000.0,en,1.82184,97.0,Released,4.0,26,2008,3,1,1,0,1,1,0,0,0,0,0,0,0,0,0,0,0,0,0,0,0,1.0
7500000.0,en,0.571663,110.0,Released,6.1,7,2004,1,0,0,0,0,0,0,1,0,0,0,0,0,0,0,1,0,0,0,0,0,1.0
8000000.0,en,14.652342,92.0,Released,5.7,192,2009,2,0,0,0,1,0,0,0,0,0,0,0,0,0,0,0,0,0,0,0,0,4.0
18500000.0,en,1.71729,112.0,Released,5.2,13,2003,1,0,0,0,0,0,0,1,0,0,0,0,0,1,0,0,0,0,0,0,0,5.0
21000000.0,fr,0.024186,103.0,Released,7.0,3,2001,2,0,0,0,0,1,0,1,0,0,1,0,0,0,0,0,0,0,1,0,0,1.0
7500000.0,en,8.859657,92.0,Released,6.2,116,2003,3,0,0,0,0,0,0,1,0,0,0,0,0,0,0,1,1,0,1,0,0,6.0
7500000.0,en,0.086731,101.0,Released,5.8,2,2012,1,0,0,0,1,0,0,0,0,0,0,0,0,0,0,0,0,0,0,0,0,1.0
8000000.0,en,7.802245,113.0,Released,6.2,132,2011,1,0,0,0,0,0,0,1,0,0,0,0,0,0,0,0,0,0,0,0,0,2.0
12500000.0,en,1.589693,95.0,Released,6.4,4,2012,3,1,0,0,0,1,0,1,0,0,0,0,0,0,0,0,0,0,0,0,0,1.0
6000000.0,hi,0.553752,156.0,Released,6.0,13,2007,3,0,0,0,1,0,0,0,1,0,0,0,0,0,0,1,0,0,0,0,0,1.0
7300000.0,fr,24.281951,95.0,Released,7.7,450,2007,3,0,0,1,0,0,0,1,0,0,0,0,0,0,0,0,0,0,0,0,0,1.0
11500000.0,en,9.983004,92.0,Released,5.6,244,2009,3,0,1,0,0,0,0,0,0,1,0,0,0,0,0,0,0,0,1,0,0,7.0
7500000.0,de,25.281197,107.0,Released,7.5,841,2008,3,0,0,0,0,0,0,1,0,0,0,0,0,0,0,0,0,0,1,0,0,1.0
7000000.0,en,38.150787,117.0,Released,6.4,887,2016,1,0,0,0,0,0,0,0,0,0,0,0,1,0,0,0,0,0,1,0,0,4.0
7300000.0,en,16.829837,103.0,Released,6.7,348,2009,2,1,0,0,0,1,0,1,0,0,0,0,0,0,0,0,0,0,1,0,0,1.0
7200000.0,en,1.288173,100.0,Released,4.4,17,1999,1,0,0,0,0,0,0,0,0,0,0,0,1,0,0,0,0,0,1,0,0,1.0
7500000.0,en,19.782725,96.0,Released,7.0,2244,2007,3,0,0,0,1,0,0,1,0,0,0,0,0,0,0,1,0,0,0,0,0,5.0
7500000.0,en,4.943588,104.0,Released,5.5,63,2015,1,1,0,0,0,0,0,0,0,0,0,0,0,0,0,0,0,0,0,0,0,2.0
7200000.0,en,34.634181,120.0,Released,6.3,553,1971,3,1,1,0,0,0,0,0,0,0,0,0,0,0,0,0,0,0,1,0,0,6.0
6000000.0,en,143.659698,175.0,Released,8.4,5893,1972,3,0,0,0,0,1,0,1,0,0,0,0,0,0,0,0,0,0,0,0,0,12.0
4000000.0,en,18.422323,95.0,Released,6.1,302,1983,3,0,0,0,0,0,0,1,0,0,0,0,0,1,0,1,0,0,0,0,0,4.0
7500000.0,en,45.610993,95.0,Released,7.2,2904,2009,3,0,0,0,1,0,0,1,0,0,0,0,0,0,0,1,0,0,0,0,0,3.0
7000000.0,en,17.681707,121.0,Released,7.1,281,1993,3,0,0,0,0,0,0,1,0,0,0,0,0,0,0,1,0,0,0,0,0,3.0
7000000.0,en,35.897151,110.0,Released,6.1,1040,2012,3,0,0,0,1,0,0,1,0,0,0,0,0,0,0,0,0,0,0,0,0,15.0
41000000.0,en,11.199544,86.0,Released,4.9,161,2003,2,0,0,0,0,0,0,0,0,0,0,0,1,0,0,0,0,0,1,0,0,5.0
7000000.0,en,30.465138,121.0,Released,6.4,533,1973,3,1,1,0,0,0,0,0,0,0,0,0,0,0,0,0,0,0,1,0,0,6.0
7000000.0,en,5.675535,95.0,Released,6.5,69,2000,3,0,0,0,1,0,0,1,1,0,0,0,0,0,0,0,0,0,0,0,0,3.0
24000000.0,en,29.173266,112.0,Released,6.7,620,2008,3,0,0,0,1,0,0,0,0,0,0,0,0,0,0,1,0,0,0,0,0,1.0
6600000.0,en,4.492455,112.0,Released,6.0,56,2011,3,0,0,0,1,0,0,0,0,0,0,0,0,0,0,0,0,0,0,0,0,2.0
7000000.0,en,17.717681,93.0,Released,6.8,273,2005,3,0,0,0,0,0,0,1,0,0,0,1,0,0,0,0,0,0,0,0,0,5.0
7000000.0,en,17.434862,114.0,Released,6.8,384,2005,3,0,0,0,0,1,0,1,0,0,0,0,0,0,0,0,0,0,0,0,0,2.0
7000000.0,en,25.511217,104.0,Released,6.8,881,1995,3,1,0,0,0,1,0,0,0,0,0,0,0,0,0,0,0,0,1,0,0,17.0
9000000.0,en,12.268143,119.0,Released,6.6,269,1976,3,1,1,0,0,0,0,0,0,0,0,0,0,0,0,1,1,0,0,0,0,1.0
7000000.0,en,30.214716,125.0,Released,6.3,524,1974,3,1,1,0,0,0,0,0,0,0,0,0,0,0,0,0,0,0,1,0,0,6.0
7000000.0,en,6.872784,96.0,Released,4.9,50,1988,3,1,1,0,1,1,0,1,0,0,0,0,0,0,0,0,0,0,0,0,0,2.0
3500000.0,en,23.413188,99.0,Released,6.8,1005,2005,3,0,1,0,0,0,0,0,0,0,0,0,1,0,0,0,0,0,0,0,0,3.0
1000000.0,en,1.830306,46.0,Released,7.5,10,2000,3,0,0,0,0,0,1,0,0,0,0,0,0,0,0,0,0,0,0,0,0,1.0
7000000.0,en,14.741589,89.0,Released,4.4,216,2014,3,0,0,0,0,0,0,0,0,0,0,0,1,0,0,0,0,0,0,0,0,1.0
7000000.0,en,5.500324,92.0,Released,6.3,66,1996,3,0,0,0,1,0,0,0,0,0,0,0,0,0,0,1,0,0,0,0,0,8.0
7000000.0,en,16.754452,107.0,Released,6.6,322,2005,3,0,0,0,0,1,0,1,0,0,0,0,1,0,0,0,0,0,0,0,0,5.0
700000.0,en,29.761163,103.0,Released,7.2,691,2015,3,0,0,0,1,1,0,1,0,0,0,0,0,0,0,0,0,0,0,0,0,4.0
7000000.0,en,2.772178,97.0,Released,6.2,17,1999,3,1,0,0,0,1,0,1,0,0,0,0,0,0,0,0,0,0,1,0,0,2.0
7000000.0,en,19.301432,89.0,Released,6.0,306,2003,3,0,0,0,0,0,0,0,0,0,0,0,1,0,0,0,0,0,0,0,0,5.0
12000000.0,en,0.000372,90.0,Released,4.0,3,1978,3,1,0,0,0,0,0,0,0,0,0,0,1,0,0,0,1,0,1,0,0,1.0
7000000.0,en,23.612409,105.0,Released,6.6,483,2009,3,0,0,0,1,0,0,1,0,0,0,0,0,0,0,0,0,0,0,0,0,10.0
7500000.0,en,6.557643,103.0,Released,6.5,100,2010,2,0,0,0,1,0,0,1,0,0,0,0,0,0,1,0,0,0,0,0,0,1.0
7000000.0,en,9.887662,103.0,Released,5.8,95,1989,2,0,1,0,1,0,0,0,0,1,0,0,1,0,0,0,0,0,0,0,0,5.0
7000000.0,en,8.079046,116.0,Released,7.0,139,2014,3,0,0,0,0,0,0,1,0,0,0,0,0,0,0,1,0,0,0,0,0,3.0
7000000.0,en,21.626288,101.0,Released,7.3,463,2009,3,0,0,0,0,0,0,1,0,0,0,0,0,0,0,1,0,0,0,0,0,1.0
7000000.0,en,14.672151,164.0,Released,7.0,201,1988,2,0,0,0,0,0,0,1,0,0,0,0,0,0,0,0,0,0,0,0,0,21.0
7000000.0,en,2.627232,96.0,Released,5.6,30,1999,2,0,0,0,1,0,0,1,0,0,0,0,0,0,0,1,0,0,0,0,0,2.0
7000000.0,en,12.150871,111.0,Released,6.5,110,2004,3,0,0,0,1,0,0,1,0,0,0,0,0,1,0,1,0,0,0,0,0,4.0
6000000.0,en,2.128211,94.0,Released,6.8,84,2002,3,1,1,0,0,0,0,1,0,0,0,1,0,0,0,0,0,0,0,0,0,9.0
7000000.0,en,2.881239,93.0,Released,3.8,18,2007,1,0,0,0,1,0,0,0,0,0,0,0,0,0,0,0,0,0,0,0,0,3.0
7.0,en,4.857028,90.0,Released,5.7,63,1992,1,1,0,0,0,1,0,0,0,0,0,0,1,0,0,0,1,0,1,0,0,1.0
7000000.0,en,2.206097,113.0,Released,6.7,14,2001,1,1,1,0,0,0,0,1,1,0,0,0,0,0,0,0,0,0,0,0,0,2.0
7000000.0,hi,3.721858,192.0,Released,7.4,64,2004,3,0,0,0,0,0,0,1,0,0,0,0,0,0,0,1,0,0,0,0,0,2.0
7000000.0,en,5.091253,99.0,Released,6.4,76,2008,3,0,0,0,0,0,0,1,0,0,0,0,0,0,0,0,0,0,0,0,0,2.0
7000000.0,en,15.212569,91.0,Released,6.1,133,2010,2,0,0,0,1,0,0,1,0,0,0,0,0,0,0,1,0,0,0,0,0,4.0
7000000.0,en,0.838938,96.0,Released,6.4,6,1999,1,0,0,0,0,0,0,1,1,0,0,0,0,0,0,0,0,0,0,0,0,1.0
7000000.0,en,7.051521,104.0,Released,6.1,56,2002,1,0,0,0,0,1,0,1,0,0,0,0,0,0,0,0,0,0,0,0,0,6.0
7000000.0,en,11.400229,90.0,Released,6.2,81,2006,1,0,0,0,0,0,0,1,0,0,0,0,0,0,0,0,0,0,0,0,0,2.0
7000000.0,en,21.276864,112.0,Released,7.4,677,2011,1,0,0,0,0,0,0,1,0,0,0,0,0,0,0,0,0,0,1,0,0,2.0
12000000.0,en,1.799504,100.0,Released,5.8,8,2013,1,0,0,0,0,0,0,1,1,0,0,0,0,0,0,0,0,0,0,0,0,1.0
7000000.0,en,2.932784,102.0,Released,5.0,15,2009,1,1,0,0,0,0,0,1,0,0,0,0,0,0,0,0,0,0,0,0,0,1.0
7000000.0,en,2.550045,100.0,Released,4.5,31,1983,1,0,0,0,1,0,0,0,0,0,0,0,0,0,0,0,0,0,0,0,0,7.0
7000000.0,en,5.517597,125.0,Released,6.7,46,2009,1,0,0,0,0,0,0,1,0,0,0,0,0,0,0,1,0,0,0,0,0,2.0
8000000.0,en,3.829937,107.0,Released,6.2,16,1977,1,1,1,0,0,0,0,1,0,0,0,0,0,0,0,0,0,0,0,1,0,1.0
9500000.0,fr,8.893676,107.0,Released,7.1,420,1993,3,0,0,0,1,0,0,0,0,1,0,0,0,0,0,0,1,0,0,0,0,3.0
8000000.0,en,9.590373,98.0,Released,6.0,208,2010,3,0,0,0,1,0,0,1,0,0,0,0,0,0,0,0,0,0,0,0,0,4.0
7000000.0,en,7.155519,106.0,Released,5.7,20,2009,1,0,0,0,1,0,0,1,0,0,0,0,0,0,0,0,0,0,0,0,0,1.0
14000000.0,en,0.587276,95.0,Released,2.7,13,1998,2,0,0,0,1,0,0,0,0,0,0,0,0,0,0,0,0,0,0,0,0,1.0
7000000.0,en,13.635828,106.0,Released,6.7,212,2010,1,0,0,0,0,0,0,1,0,0,0,0,0,0,0,0,0,0,0,0,0,1.0
7000000.0,en,10.416332,93.0,Released,5.8,212,2013,1,0,0,0,1,1,0,1,0,0,0,0,0,0,0,0,0,0,0,0,0,3.0
3500000.0,en,5.038953,103.0,Released,6.2,68,2002,1,0,1,0,0,0,0,1,0,0,0,0,0,0,1,0,0,0,0,0,0,8.0
7000000.0,en,1.498245,96.0,Released,7.7,5,2002,3,0,0,0,0,0,0,1,0,0,0,0,0,0,0,1,0,0,0,0,0,1.0
7000000.0,en,8.184588,103.0,Released,7.1,164,2015,1,0,0,0,0,0,0,1,0,0,0,0,0,0,0,1,0,0,0,0,0,3.0
7000000.0,en,2.26778,108.0,Released,5.9,29,2010,1,0,0,0,1,0,0,0,0,0,0,0,0,0,0,0,0,0,0,0,0,2.0
7000000.0,ru,3.120016,170.0,Released,6.7,41,2013,1,0,0,0,0,0,0,1,0,0,0,0,0,0,0,0,1,0,0,0,0,1.0
7000000.0,en,8.207425,108.0,Released,6.0,73,2010,1,0,0,0,1,1,0,0,0,0,0,0,0,0,0,0,0,0,1,0,0,1.0
25000000.0,en,2.356244,120.0,Released,6.3,8,2005,2,0,0,0,0,0,0,1,0,0,0,0,0,0,0,0,0,0,0,0,0,1.0
6000000.0,en,34.917447,108.0,Released,7.2,837,1999,1,1,0,0,0,1,0,0,0,0,0,0,0,0,0,0,0,0,1,0,0,2.0
17500000.0,cn,0.542814,92.0,Released,5.8,5,2014,3,0,0,0,0,1,0,0,0,0,0,0,0,0,0,0,0,0,1,0,0,1.0
7000000.0,en,5.060656,84.0,Released,5.0,85,2011,1,0,0,0,0,0,0,0,0,0,0,0,1,0,0,0,0,0,1,0,0,12.0
7000000.0,ru,5.33861,76.0,Released,5.1,47,2012,3,0,0,1,0,0,0,0,0,1,0,0,0,0,0,0,0,0,0,0,0,1.0
20500000.0,en,1.874783,53.0,Released,6.5,4,2014,3,0,1,1,1,0,0,0,1,0,0,0,0,0,0,0,0,0,0,0,0,1.0
6900000.0,en,14.574995,115.0,Released,7.0,251,1985,3,0,0,0,0,0,0,0,0,0,0,0,0,0,0,1,0,0,0,0,1,20.0
7000000.0,en,8.591387,97.0,Released,6.9,140,2008,2,0,1,0,0,0,0,0,0,0,0,0,0,0,0,0,1,0,0,0,0,1.0
6900000.0,en,26.181753,102.0,Released,7.4,583,1993,2,0,0,0,1,0,0,1,0,0,0,0,0,0,0,0,0,0,0,0,0,11.0
7000000.0,en,21.01755,104.0,Released,6.1,843,2007,2,0,0,0,1,0,0,1,1,0,0,0,0,1,0,0,0,0,0,0,0,5.0
11000000.0,en,3.139294,96.0,Released,6.8,27,2016,2,0,0,0,0,0,0,1,0,0,0,0,0,0,0,1,0,0,0,0,0,1.0
7000000.0,en,6.665164,94.0,Released,5.8,110,2015,3,0,0,0,0,1,0,1,0,0,0,0,0,0,0,0,0,0,1,0,0,1.0
25000000.0,de,2.832628,125.0,Released,6.3,20,1999,1,0,0,0,0,0,0,1,0,0,0,1,0,0,0,1,0,0,0,0,0,1.0
6800000.0,en,3.528643,108.0,Released,6.7,62,2005,1,0,0,0,1,0,0,1,0,0,0,0,0,0,0,0,0,0,0,0,0,1.0
6800000.0,en,4.665309,101.0,Released,6.1,73,2003,3,1,0,0,0,1,0,0,0,0,0,0,0,0,0,0,0,0,1,0,0,1.0
6900000.0,en,25.613197,101.0,Released,5.6,555,2012,3,0,0,0,0,0,0,0,0,0,0,0,1,0,0,0,0,0,1,0,0,1.0
6800000.0,fr,21.285206,130.0,Released,7.9,479,2010,2,0,0,0,0,0,0,1,0,0,0,0,0,0,1,0,0,0,0,1,0,3.0
18500000.0,it,4.240495,125.0,Released,5.8,44,2003,1,0,0,0,1,0,0,1,0,0,0,0,0,0,0,1,0,0,0,0,0,4.0
31500000.0,en,3.810943,88.0,Released,5.1,24,2009,1,1,0,0,1,1,0,1,0,0,0,0,0,0,0,0,0,0,0,0,0,1.0
4000000.0,pt,23.604936,115.0,Released,7.8,504,2007,3,1,0,0,0,1,0,1,0,0,0,0,0,0,0,0,0,0,0,0,0,2.0
6500000.0,en,60.225219,99.0,Released,5.6,1517,2014,3,0,0,0,0,0,0,0,0,0,0,0,1,0,0,0,0,0,0,0,0,2.0
7.0,en,0.050456,82.0,Released,5.2,6,2009,2,0,0,0,1,0,0,1,0,0,1,0,0,0,0,1,0,0,0,0,0,1.0
6500000.0,en,17.705671,112.0,Released,7.4,364,1991,3,0,0,0,0,1,0,1,0,0,0,0,0,0,0,0,0,0,0,0,0,7.0
6500000.0,en,6.847099,108.0,Released,6.8,116,1987,3,0,0,0,0,0,0,1,0,0,0,0,0,1,0,0,0,0,0,0,0,1.0
10000000.0,en,8.067702,107.0,Released,6.3,16,1981,3,0,0,0,1,0,0,1,0,0,0,0,0,0,0,1,0,0,0,0,0,1.0
6500000.0,en,11.208769,105.0,Released,6.8,157,1980,3,0,0,0,0,0,0,0,0,0,0,0,1,0,1,0,0,0,1,0,0,12.0
6500000.0,en,2.163683,108.0,Released,6.2,42,1993,3,1,1,0,0,0,0,1,1,0,0,0,0,0,0,0,0,0,0,0,0,4.0
6500000.0,en,11.142389,98.0,Released,7.0,196,1999,3,0,0,0,1,1,0,0,0,0,0,0,0,0,0,0,0,0,1,0,0,7.0
6500000.0,en,11.885221,88.0,Released,5.1,128,2006,3,0,0,0,1,0,0,1,0,0,0,0,0,0,0,1,0,0,0,0,0,5.0
6500000.0,en,12.524953,131.0,Released,7.0,190,1971,3,0,0,0,0,0,0,0,0,0,0,0,0,0,0,0,1,0,1,0,0,4.0
5250000.0,en,1.537859,91.0,Released,4.1,35,1999,1,0,0,0,0,0,0,0,0,0,0,0,1,0,0,0,0,0,1,0,0,1.0
21000000.0,de,3.481517,140.0,Released,7.0,32,2001,2,0,0,0,0,0,0,1,0,0,0,0,0,0,0,0,0,0,0,0,0,1.0
6500000.0,en,40.688426,100.0,Released,7.0,875,2011,3,0,0,0,0,0,0,1,0,0,0,0,0,0,0,0,0,0,0,0,0,2.0
6500000.0,en,24.0034,105.0,Released,7.0,559,2004,3,0,0,0,0,1,0,1,0,0,0,0,0,0,0,0,0,0,1,0,0,4.0
6500000.0,en,2.639106,100.0,Released,8.0,6,2005,1,0,0,0,0,0,0,1,0,0,0,0,0,0,0,0,0,0,0,0,0,1.0
6500000.0,en,16.574756,116.0,Released,6.5,305,2013,1,0,0,0,0,0,0,1,0,0,0,0,0,0,0,0,0,0,1,0,0,2.0
6500000.0,en,5.483531,96.0,Released,6.8,45,2004,1,0,0,0,0,0,0,1,0,0,0,0,0,0,0,1,0,0,0,0,0,2.0
22000000.0,en,1.068819,113.0,Released,7.0,6,2000,1,0,0,0,1,0,0,1,0,0,1,0,0,0,0,0,0,0,0,0,0,1.0
6500000.0,en,8.432401,113.0,Released,7.1,119,2009,1,0,0,0,0,0,0,1,0,0,0,1,0,0,0,0,0,0,0,0,0,1.0
6500000.0,en,2.074295,102.0,Released,6.0,16,2010,3,1,1,0,0,0,0,1,0,0,0,0,0,0,0,0,0,0,1,0,0,1.0
5000000.0,en,11.357474,121.0,Released,7.5,200,2007,3,0,0,0,0,0,0,1,0,0,0,0,0,0,0,0,0,0,0,0,0,3.0
6400000.0,en,74.234793,108.0,Released,7.3,4128,1984,3,1,0,0,0,0,0,0,0,0,0,0,0,0,0,0,1,0,1,0,0,7.0
4800000.0,de,11.086001,121.0,Released,7.4,586,2003,3,0,0,0,1,0,0,1,0,0,0,0,0,0,0,1,0,0,0,0,0,1.0
10000000.0,en,13.409125,97.0,Released,7.2,152,2009,3,0,0,0,0,0,0,1,0,0,0,0,0,0,0,0,0,0,0,0,0,3.0
4000000.0,en,14.961629,91.0,Released,7.3,267,1985,3,0,0,0,1,0,0,0,0,0,0,0,1,0,0,0,0,0,0,0,0,1.0
6000000.0,en,16.139771,94.0,Released,6.8,392,1995,1,0,0,0,1,0,0,0,0,0,0,0,0,0,0,1,0,0,0,0,0,12.0
6000000.0,en,67.608041,110.0,Released,7.2,1581,1978,3,0,0,0,0,0,0,0,0,0,0,0,0,0,0,1,0,0,0,0,0,3.0
6000000.0,en,49.802914,120.0,Released,7.5,1205,1986,3,1,0,0,0,0,0,1,0,0,0,0,0,0,0,0,0,0,0,1,0,14.0
6000000.0,en,16.20985,122.0,Released,6.8,397,2004,3,0,0,0,0,0,1,0,0,0,0,0,0,0,0,0,0,0,0,0,0,6.0
6000000.0,en,24.499996,110.0,Released,7.4,650,1969,3,0,0,0,0,1,0,1,0,0,0,1,0,0,0,0,0,0,0,0,1,2.0
6000000.0,en,59.961523,139.0,Released,7.4,1183,1964,3,0,0,0,1,0,0,0,1,1,0,0,0,0,0,0,0,0,0,0,0,1.0
6000000.0,en,12.541983,124.0,Released,7.4,145,1980,3,0,0,0,0,0,0,1,0,0,0,0,0,0,0,0,0,0,0,0,0,5.0
6000000.0,en,23.431117,152.0,Released,7.0,389,1961,3,0,0,0,0,1,0,1,0,0,0,0,0,1,0,0,0,0,0,0,0,2.5
6000000.0,en,15.929648,98.0,Released,6.6,365,1980,3,0,0,0,1,0,0,0,0,0,0,0,0,0,0,0,0,0,0,0,0,8.0
6000000.0,en,3.029944,106.0,Released,6.5,10,2001,3,0,0,0,1,0,0,1,0,0,0,0,0,0,0,1,0,0,0,0,0,1.0
6000000.0,en,5.537646,106.0,Released,7.1,34,1999,3,0,0,0,1,0,0,1,0,0,0,0,0,0,0,1,0,0,0,0,0,4.0
6000000.0,en,64.025031,106.0,Released,8.1,3254,1995,3,0,0,0,0,1,0,1,0,0,0,0,0,0,0,0,0,0,1,0,0,8.0
8000000.0,en,12.654051,89.0,Released,5.5,245,1989,3,0,0,0,0,0,0,0,0,0,0,0,1,0,0,0,0,0,1,0,0,6.0
5000000.0,en,35.108498,92.0,Released,5.9,858,2002,3,0,0,0,1,0,0,0,0,0,0,0,0,0,0,1,0,0,0,0,0,4.0
6000000.0,en,40.196514,109.0,Released,7.3,1000,2008,3,0,0,0,0,0,0,1,0,0,0,0,0,0,0,1,0,0,0,0,0,6.0
6000000.0,en,7.60445,144.0,Released,6.2,37,1946,3,0,0,0,0,0,0,0,0,0,0,0,0,0,0,0,0,0,0,0,1,3.0
25000000.0,en,10.982255,90.0,Released,6.7,166,2000,3,0,0,0,1,0,0,0,0,0,0,0,0,0,0,0,0,0,0,0,0,4.0
6000000.0,en,24.351305,99.0,Released,6.9,703,1981,3,1,0,0,0,0,0,0,0,0,0,0,0,0,0,0,1,0,0,0,0,10.0
15000000.0,en,3.159574,121.0,Released,6.2,26,1988,1,0,0,0,1,0,0,1,0,0,0,0,0,0,0,0,0,0,0,0,0,16.0
6000000.0,en,12.601677,89.0,Released,4.4,91,2007,3,0,0,0,1,0,0,0,1,0,0,0,0,0,0,0,0,0,0,0,0,1.0
12716953.0,cn,7.077505,113.0,Released,6.3,128,1997,2,1,0,0,1,1,0,0,0,0,0,0,0,0,0,0,0,0,0,0,0,1.0
6000000.0,en,4.053017,91.0,Released,6.6,74,2003,3,0,0,0,1,0,0,0,0,0,0,0,0,1,0,0,0,0,0,0,0,4.0
6000000.0,en,6.379933,104.0,Released,5.9,123,1988,3,0,0,0,1,0,0,1,0,0,0,0,0,0,0,1,0,0,0,0,0,8.0
6000000.0,en,15.639016,99.0,Released,6.5,354,1998,3,0,0,0,1,0,0,1,0,1,0,0,0,0,0,1,0,0,0,0,0,4.0
6000000.0,en,3.89204,98.0,Released,5.4,32,1995,3,0,0,0,0,1,0,0,0,0,0,0,1,0,0,0,0,0,1,0,0,2.0
6000000.0,en,26.286954,121.0,Released,7.4,558,2006,3,0,0,0,0,0,0,1,0,0,0,0,0,0,0,0,0,0,0,0,0,3.0
5000000.0,en,8.008844,96.0,Released,5.2,183,1989,3,0,0,0,0,0,0,0,0,0,0,0,1,0,0,0,0,0,1,0,0,1.0
5000000.0,en,12.68514,100.0,Released,6.5,320,2012,3,0,0,0,1,1,0,1,0,0,0,0,0,0,0,0,0,0,0,0,0,11.0
6000000.0,en,0.041651,42.0,Released,8.0,3,2008,2,0,0,0,0,0,1,0,0,0,0,0,0,0,0,0,0,0,0,0,0,1.0
6000000.0,en,8.483531,122.0,Released,6.6,91,2000,3,0,0,0,0,0,0,1,0,0,0,0,0,0,0,1,0,0,0,0,0,2.0
6000000.0,en,3.561198,101.0,Released,6.1,44,1999,2,0,0,0,1,0,0,1,0,0,0,0,0,0,0,1,0,0,0,0,0,1.0
6000000.0,en,14.988746,96.0,Released,6.4,379,2012,3,0,0,0,0,0,0,1,0,0,0,0,0,0,0,0,0,0,1,0,0,1.0
18500000.0,en,5.754416,84.0,Released,5.5,103,2012,1,0,0,0,1,0,0,0,0,0,0,0,0,0,0,0,0,0,0,0,1,1.0
6000000.0,en,6.497285,104.0,Released,6.9,113,2009,2,0,0,0,1,0,0,1,0,0,0,0,0,0,0,0,0,0,0,0,0,1.0
6000000.0,en,19.411141,96.0,Released,6.8,372,2011,3,1,0,0,1,1,0,0,0,0,0,0,0,0,0,0,0,0,1,0,0,1.0
7000000.0,en,7.034618,94.0,Released,4.8,48,2008,1,0,0,0,1,0,0,0,0,0,0,0,0,0,0,0,0,0,0,0,0,1.0
6000000.0,en,26.218912,97.0,Released,7.1,817,1999,3,0,0,0,0,0,0,1,0,0,0,0,0,0,0,1,0,0,0,0,0,4.0
14000000.0,en,4.647547,97.0,Released,6.6,61,1998,2,0,0,0,1,0,0,1,0,0,0,0,0,0,0,0,0,0,0,0,0,2.0
6000000.0,en,9.371534,89.0,Released,5.4,77,2009,1,0,0,0,1,0,0,0,0,0,0,0,0,0,0,1,0,0,0,0,0,1.0
5500000.0,en,15.015271,120.0,Released,6.4,300,2014,1,0,0,0,1,0,0,1,0,0,0,0,0,0,0,0,0,0,0,0,0,2.0
6000000.0,en,5.696491,95.0,Released,5.5,52,1999,1,0,0,0,1,0,0,0,0,0,0,0,0,0,0,0,0,0,0,0,0,1.0
6000000.0,en,4.25422,95.0,Released,7.4,80,2001,1,0,0,0,1,0,0,0,0,0,0,0,0,1,0,0,0,0,0,0,0,3.0
6000000.0,en,5.411243,99.0,Released,6.9,29,1993,1,1,0,0,0,0,0,0,0,0,0,0,0,0,0,0,0,0,0,0,0,2.0
20000000.0,en,1.273773,96.0,Released,6.2,9,2015,3,0,0,0,0,0,0,1,0,0,0,0,1,0,1,0,0,0,1,0,0,3.0
6000000.0,en,6.27257,94.0,Released,6.6,111,2003,1,0,0,0,0,0,0,1,0,0,0,1,0,0,0,0,0,0,0,0,0,2.0
6000000.0,en,4.148253,95.0,Released,6.0,44,2001,1,0,0,0,1,1,0,0,0,0,0,0,0,0,0,0,0,0,1,0,0,1.0
21000000.0,en,1.369649,84.0,Released,5.7,19,2001,2,0,0,0,0,0,0,1,0,0,0,0,0,0,0,0,0,0,1,0,0,2.0
6244087.0,en,14.970654,145.0,Released,7.6,259,1969,1,0,1,0,0,0,0,0,0,0,0,0,0,0,0,0,0,0,0,0,1,4.0
6000000.0,en,7.161051,99.0,Released,6.2,94,2008,1,0,0,0,0,0,0,1,0,0,0,0,0,0,0,0,0,0,0,0,0,4.0
6000000.0,en,12.434688,110.0,Released,6.6,74,1979,3,0,1,0,0,1,0,1,0,0,0,0,0,0,0,0,0,0,1,0,0,1.0
20000000.0,en,2.507912,97.0,Released,7.2,34,2002,1,0,0,0,0,0,0,1,0,0,0,0,0,0,0,0,0,0,0,0,0,2.0
6000000.0,en,1.478505,107.0,Released,4.6,17,1991,1,1,1,0,0,0,0,0,0,1,0,0,0,0,0,0,1,0,0,0,0,1.0
6000000.0,en,0.215464,97.0,Released,4.7,12,2011,1,0,0,0,0,0,0,1,0,0,0,0,0,0,0,0,0,0,0,0,0,1.0
18500000.0,fr,1.229667,104.0,Released,5.7,10,2003,1,0,0,0,0,0,0,1,0,0,0,0,0,0,0,0,0,0,0,0,0,2.0
6000000.0,en,6.903186,99.0,Released,6.2,34,2009,1,0,0,0,0,0,0,1,0,0,0,0,0,0,0,0,0,0,0,0,0,3.0
134005.0,en,2.260315,104.0,Released,5.3,22,2011,3,0,0,0,0,0,0,1,0,0,0,1,0,0,0,0,0,0,0,0,0,5.0
6000000.0,en,3.427061,97.0,Released,5.9,10,2006,1,0,0,0,0,0,0,1,0,0,0,0,0,0,0,1,0,0,0,0,0,1.0
38000000.0,en,0.669169,107.0,Released,6.5,11,2001,2,1,0,0,1,0,0,0,0,0,0,0,0,0,0,0,0,0,0,0,0,4.0
7840000.0,en,6.077735,117.0,Released,6.3,30,1977,3,0,0,0,0,0,0,1,0,0,0,0,0,0,0,0,0,0,0,0,0,5.0
6000000.0,en,2.404626,85.0,Released,4.7,25,2008,1,0,0,0,1,0,0,0,0,0,0,0,0,0,0,0,0,0,0,0,0,1.0
1000000.0,en,0.475748,152.0,Released,8.0,10,2006,1,0,0,0,0,0,1,0,0,0,0,0,0,0,0,0,0,0,0,0,0,3.0
6000000.0,en,15.048067,86.0,Released,6.8,206,2003,1,0,0,0,0,1,0,1,0,0,0,0,0,0,0,0,0,0,1,0,0,1.0
8600000.0,en,1.734764,103.0,Released,5.4,29,1994,3,1,0,0,0,0,0,0,0,0,0,0,0,0,0,0,0,0,1,0,0,1.0
15000000.0,en,1.496454,87.0,Released,5.4,21,2009,3,0,0,0,0,1,0,0,0,0,0,0,0,0,1,0,0,0,1,0,0,1.0
12000000.0,en,10.19041,95.0,Released,5.6,224,2012,1,0,0,0,0,1,0,1,0,0,0,0,0,0,0,0,0,0,1,0,0,3.0
6000000.0,en,12.099486,101.0,Released,6.3,14,2009,3,0,0,0,0,0,0,1,1,0,0,0,0,0,0,0,0,0,0,0,0,2.0
6000000.0,en,4.957014,90.0,Released,5.2,73,2011,3,1,0,0,0,0,0,0,0,0,0,0,0,0,0,0,0,0,1,0,0,2.0
78146652.0,en,2.135689,240.0,Released,7.6,38,2009,3,0,0,0,1,0,0,1,0,0,0,0,0,0,0,1,0,0,0,0,0,1.0
5952000.0,en,18.119265,87.0,Released,7.1,454,1983,1,0,0,0,0,0,0,0,0,0,0,0,1,0,1,0,1,0,0,0,0,7.0
5300000.0,fr,13.034602,122.0,Released,7.0,266,2002,1,0,0,0,1,0,0,1,0,0,0,0,0,0,0,1,0,0,0,0,0,2.0
6000000.0,en,6.349218,86.0,Released,5.5,87,2014,1,0,0,0,0,0,0,1,0,0,0,0,0,0,0,0,0,0,0,0,0,1.0
4000000.0,nl,5.013575,103.0,Released,6.8,66,2008,1,0,0,0,0,0,0,1,0,0,0,1,0,0,0,0,0,0,0,1,0,1.0
18500000.0,en,4.448353,90.0,Released,4.9,18,2012,3,0,0,0,1,0,0,0,0,0,0,0,0,0,0,0,0,0,0,0,0,1.0
5800000.0,en,4.49029,133.0,Released,7.2,72,1964,2,1,0,0,0,0,0,1,0,0,0,0,0,0,0,0,0,0,1,1,0,5.0
13000000.0,en,2.204138,91.0,Released,5.5,12,2012,1,0,0,0,0,0,0,1,0,0,0,0,0,0,0,0,0,0,1,0,0,1.0
6000000.0,th,11.81832,108.0,Released,6.8,167,2005,3,1,0,0,0,1,0,1,0,0,0,0,0,0,0,0,0,0,1,0,0,1.0
14000000.0,en,0.356495,99.0,Released,10.0,1,1998,2,0,0,0,1,0,0,0,0,0,0,0,0,0,0,0,0,0,0,0,0,1.0
3500159.0,en,22.054546,112.0,Released,6.2,578,2002,3,0,0,0,1,0,0,1,0,0,0,0,0,0,0,1,0,0,0,0,0,4.0
20000000.0,en,4.245123,141.0,Released,6.0,10,2002,1,0,0,0,0,0,0,1,0,0,0,0,0,0,0,0,0,0,0,0,0,4.0
5800000.0,en,3.201886,95.0,Released,4.2,10,2006,2,1,1,0,0,0,0,1,0,0,0,0,0,0,0,0,0,0,0,0,0,2.0
42000000.0,en,0.114342,139.0,Released,4.7,11,2012,1,1,0,0,1,0,0,0,0,0,0,0,0,0,0,0,0,0,0,0,0,1.0
5600000.0,es,22.341462,85.0,Released,6.4,489,2009,3,0,0,0,0,0,0,0,0,0,0,0,1,0,0,0,0,0,1,0,0,3.0
20000000.0,en,0.305922,105.0,Released,3.9,6,2010,1,0,0,0,1,0,0,0,1,0,0,0,0,1,0,0,0,0,0,0,0,2.0
5500000.0,en,28.500913,129.0,Released,7.9,622,1973,3,0,0,0,1,1,0,1,0,0,0,0,0,0,0,0,0,0,0,0,0,2.0
5500000.0,en,10.439971,123.0,Released,6.8,207,1981,3,0,0,0,0,0,0,1,0,0,0,1,0,0,0,0,0,0,0,0,0,2.0
5500000.0,en,3.784535,116.0,Released,6.4,71,2005,3,0,0,0,1,0,0,1,0,0,0,0,0,0,0,1,0,0,0,0,0,1.0
5500000.0,en,10.396305,105.0,Released,7.3,131,1996,3,0,0,0,0,0,0,1,0,0,0,0,0,0,0,0,0,0,0,0,0,5.0
6000000.0,en,33.296684,90.0,Released,5.9,1671,2013,3,0,0,0,1,0,0,1,0,0,0,0,0,0,0,1,0,0,0,0,0,1.0
5500000.0,en,19.127239,105.0,Released,7.4,278,1973,3,0,0,0,0,0,0,0,0,0,0,0,0,0,0,0,0,0,0,0,1,20.0
7000000.0,en,14.072941,111.0,Released,7.1,426,2001,2,0,0,0,1,0,0,1,0,0,0,0,0,0,0,0,0,0,0,0,0,2.0
5500000.0,en,2.714043,91.0,Released,6.2,47,2001,3,0,0,0,0,0,0,1,0,0,0,0,0,0,0,1,0,0,0,0,0,2.0
5500000.0,en,2.141143,95.0,Released,3.3,16,1980,1,0,0,0,1,0,0,0,0,0,0,0,0,0,0,0,1,0,0,0,0,1.0
5300000.0,fr,20.982455,96.0,Released,7.5,526,2004,3,0,0,0,0,0,0,1,0,0,0,0,0,0,0,0,0,0,0,0,0,1.0
4361898.0,en,2.080741,92.0,Released,5.6,28,2003,1,0,0,0,1,0,0,0,0,0,0,0,0,0,0,1,0,0,0,0,0,1.0
5000000.0,en,7.79068,104.0,Released,6.2,73,2003,1,0,0,0,0,1,0,1,0,0,0,0,0,0,1,0,0,0,1,0,0,3.0
6500000.0,en,15.580335,120.0,Released,7.6,292,1989,3,0,0,0,0,0,0,1,0,0,0,0,0,0,0,0,0,0,0,0,0,16.0
21000000.0,en,5.336243,99.0,Released,4.8,15,2001,2,0,0,0,0,0,0,1,0,0,0,0,0,0,0,0,0,0,0,0,0,2.0
3850000.0,fr,10.787322,93.0,Released,6.8,97,2011,2,0,0,0,1,0,0,1,0,0,0,0,0,0,0,0,0,0,0,0,0,1.0
3500000.0,fr,32.476098,97.0,Released,7.1,538,2002,1,0,0,0,0,1,0,1,0,0,0,0,0,0,1,0,0,0,1,0,0,2.0
5500000.0,ja,3.21392,100.0,Released,5.4,31,2013,3,0,0,0,1,0,0,1,0,0,0,0,0,0,0,0,0,0,0,0,0,1.0
2200000.0,hi,5.206967,157.0,Released,7.2,97,2006,3,0,0,0,0,0,0,1,0,0,0,0,0,0,0,0,0,0,0,0,0,1.0
11500000.0,en,1.5846,90.0,Released,6.2,9,2014,3,0,0,0,0,0,0,1,0,0,0,0,0,0,0,0,0,0,0,0,0,1.0
8000000.0,en,3.653305,96.0,Released,5.6,28,2011,1,1,0,0,1,0,0,1,0,0,0,0,0,0,0,0,0,0,1,0,0,1.0
5250000.0,en,3.865122,96.0,Released,4.9,57,2007,1,0,0,0,1,0,0,0,0,0,0,0,0,0,0,0,0,0,0,0,0,4.0
25000000.0,en,1.391958,90.0,Released,7.3,18,1999,1,0,0,0,1,0,0,1,0,0,1,0,0,0,0,0,0,0,0,0,0,4.0
24000000.0,en,20.821846,100.0,Released,7.1,399,2011,1,0,0,0,0,1,0,0,0,0,0,0,0,0,0,0,0,0,1,0,0,2.0
45000000.0,en,9.451228,94.0,Released,6.0,140,2012,1,0,0,0,1,0,0,0,0,0,0,0,1,0,0,0,1,0,1,0,0,1.0
25000000.0,en,1.688495,95.0,Released,7.3,24,2004,1,0,0,0,1,0,0,1,0,0,0,0,0,0,0,0,0,0,0,0,0,1.0
5500000.0,en,5.033065,120.0,Released,5.9,45,2014,1,0,0,0,0,0,0,1,0,0,0,0,0,0,0,0,0,0,0,0,0,1.0
5100000.0,en,5.934016,103.0,Released,7.2,102,1980,3,0,0,0,0,0,0,1,0,1,0,0,0,0,0,1,1,0,0,0,0,2.0
4800000.0,hi,0.075817,130.0,Released,5.4,7,2011,3,1,0,0,0,1,0,1,0,0,1,0,0,0,0,0,0,0,0,0,0,1.0
5000000.0,en,48.375848,106.0,Released,6.5,1211,2013,3,0,0,0,0,0,0,0,0,0,0,0,1,0,0,0,0,0,1,0,0,7.0
4000000.0,en,42.187986,92.0,Released,6.3,1251,2005,3,0,0,0,0,0,0,0,0,0,0,0,1,0,0,0,0,0,0,0,0,5.0
15000000.0,en,53.698683,103.0,Released,6.8,2468,2016,3,0,0,0,0,0,0,1,0,0,0,0,0,0,0,0,1,0,1,0,0,1.0
5000000.0,en,14.752587,87.0,Released,6.1,345,2002,3,0,0,0,1,0,1,0,0,0,0,0,0,0,0,0,0,0,0,0,0,4.0
4900000.0,en,48.170508,81.0,Released,6.3,1129,2016,3,0,0,0,0,0,0,0,0,0,0,0,1,0,0,0,0,0,1,0,0,1.0
5000000.0,en,29.15813,83.0,Released,5.9,669,2011,3,0,0,0,0,0,0,0,0,0,0,0,1,0,0,0,0,0,0,0,0,3.0
5000000.0,en,56.30466,89.0,Released,4.9,983,2014,3,0,0,0,0,0,0,0,0,0,0,0,1,0,0,0,0,0,0,0,0,1.0
5000000.0,en,17.304055,96.0,Released,6.5,354,1987,3,0,0,0,0,0,0,0,0,0,0,0,1,0,0,0,0,0,1,0,0,6.0
5500000.0,es,9.59729,115.0,Released,7.5,205,2013,3,0,0,0,1,0,0,1,0,0,0,0,0,0,0,0,0,0,0,0,0,1.0
5000000.0,en,20.326337,95.0,Released,5.2,563,2012,3,0,0,0,0,0,0,0,0,0,0,0,1,0,0,0,0,0,0,0,0,3.0
4100000.0,en,4.028875,135.0,Released,6.4,42,1953,3,0,0,0,0,0,0,1,0,0,0,0,0,0,0,0,0,0,0,0,0,1.0
5000000.0,en,6.470766,113.0,Released,6.7,137,1975,3,0,0,0,1,0,0,0,0,0,0,0,0,0,0,0,0,0,0,0,0,2.0
11000000.0,en,16.856231,89.0,Released,5.1,272,1991,3,0,0,0,1,0,0,0,0,0,0,0,1,0,0,0,0,0,1,0,0,2.0
8000000.0,en,19.683187,110.0,Released,7.0,485,2003,3,0,0,0,0,1,0,1,0,0,0,0,0,0,0,0,0,0,0,0,0,1.0
5000000.0,en,9.358197,127.0,Released,6.8,157,1954,3,0,1,0,0,0,0,1,0,0,0,0,0,0,0,0,1,0,0,0,0,4.0
5000000.0,en,19.984477,84.0,Released,5.2,449,2014,3,0,0,0,0,0,0,0,0,0,0,0,1,0,0,0,0,0,1,0,0,1.0
5000000.0,en,30.271066,124.0,Released,7.9,719,1980,3,0,0,0,0,0,0,1,0,0,0,1,0,0,0,0,0,0,0,0,0,5.0
5000000.0,en,59.454473,117.0,Released,7.9,2886,2013,3,0,0,0,0,0,0,1,0,0,0,1,0,0,0,0,0,0,0,0,0,3.0
3300000.0,en,20.304235,83.0,Released,5.1,505,2015,3,0,0,0,0,0,0,0,0,0,0,0,1,0,0,0,0,0,1,0,0,1.0
9000000.0,en,60.715151,113.0,Released,8.1,4028,2000,3,0,0,0,0,0,0,0,0,0,0,0,0,0,1,0,0,0,1,0,0,8.0
5000000.0,en,35.871248,104.0,Released,6.3,1050,2013,3,0,0,0,0,0,0,0,0,0,0,0,1,0,0,0,0,0,0,0,0,2.0
5000000.0,en,18.077963,97.0,Released,6.9,398,2006,3,0,0,0,1,0,0,0,0,0,0,0,0,0,0,0,0,0,0,0,0,12.0
5000000.0,en,20.428237,110.0,Released,7.4,750,2000,3,0,0,0,1,0,0,1,0,0,0,0,0,1,0,0,0,0,0,0,0,5.0
4600000.0,en,32.14444,103.0,Released,7.1,688,2013,3,0,0,0,1,0,0,1,0,0,0,0,0,0,0,0,0,0,0,0,0,1.0
5000000.0,en,3.673566,94.0,Released,4.7,21,1991,3,0,0,0,1,0,0,0,0,0,0,0,0,0,0,0,0,0,0,0,0,1.0
3500000.0,en,3.656491,104.0,Released,6.8,37,1982,3,1,0,0,0,0,0,1,1,0,0,0,0,0,0,1,0,0,0,0,1,1.0
85000000.0,en,1.88484,77.0,Released,5.4,22,1999,3,0,0,1,1,0,0,0,1,0,0,0,0,0,0,0,0,0,0,0,0,1.0
5000000.0,en,4.227807,134.0,Released,6.1,38,1997,3,0,0,0,0,0,0,1,0,0,0,0,0,0,0,0,0,0,0,0,0,1.0
5000000.0,en,3.102862,129.0,Released,6.5,54,1981,3,0,0,0,0,0,0,1,0,0,0,0,0,0,0,0,0,0,0,0,0,1.0
10000000.0,en,15.688439,90.0,Released,5.9,365,2011,3,0,0,0,1,0,0,1,0,0,0,0,0,0,0,0,0,0,0,0,0,2.0
5000000.0,en,22.9951,134.0,Released,7.1,478,2016,3,1,0,0,0,0,0,1,0,0,0,0,0,0,0,0,0,0,0,0,0,6.0
4500000.0,en,5.769822,104.0,Released,6.4,14,1998,3,0,0,0,0,0,0,1,0,0,0,0,0,0,0,0,0,0,0,0,0,1.0
5000000.0,en,26.510558,93.0,Released,6.1,766,2014,3,0,0,0,0,0,0,0,0,0,0,0,1,0,0,0,0,0,1,0,0,4.0
11500000.0,en,7.544515,105.0,Released,5.4,63,2014,2,0,0,0,0,0,0,1,0,0,0,0,0,0,0,0,0,0,1,0,0,4.0
6000000.0,en,1.126941,109.0,Released,6.1,27,1997,3,0,0,0,0,0,0,1,0,0,0,0,0,0,0,0,0,0,0,0,0,3.0
5000000.0,en,35.307577,99.0,Released,7.5,1104,2014,3,0,0,0,0,0,0,1,0,0,0,0,0,0,0,0,0,0,0,0,0,2.0
5000000.0,en,4.079111,139.0,Released,6.0,11,1954,3,0,0,0,0,0,0,1,0,0,0,1,0,0,0,0,0,0,0,0,0,3.0
5000000.0,en,7.058868,99.0,Released,6.4,86,1981,3,1,0,0,0,1,0,0,0,0,0,0,0,0,0,0,0,0,1,0,0,1.0
5000000.0,en,12.904615,100.0,Released,4.8,191,1989,3,0,0,0,0,0,0,0,0,0,0,0,1,0,0,0,0,0,1,0,0,1.0
5000000.0,en,18.115566,95.0,Released,6.2,671,2002,3,0,0,0,1,0,0,1,0,0,0,0,0,0,0,1,0,0,0,0,0,2.0
5000000.0,en,62.554173,94.0,Released,5.0,1551,2013,3,0,0,0,0,1,0,1,0,0,0,0,0,0,0,0,0,0,0,0,0,1.0
5000000.0,en,9.483717,88.0,Released,5.0,170,1995,3,0,0,0,0,0,0,0,0,0,0,0,1,0,0,0,0,0,1,0,0,1.0
5000000.0,es,16.890285,106.0,Released,7.3,315,2001,3,0,0,0,0,0,0,1,0,0,0,0,0,0,0,1,0,0,0,0,0,5.0
4000000.0,en,49.12486,99.0,Released,7.5,2420,2004,3,0,0,0,1,0,0,0,0,0,0,0,1,0,0,0,0,0,0,0,0,5.0
20000000.0,en,8.309894,82.0,Released,4.3,48,2008,1,0,0,0,0,0,0,1,0,0,0,0,1,0,0,0,0,0,0,0,0,1.0
5000000.0,en,5.960149,135.0,Released,6.9,77,1996,3,0,0,0,0,0,0,1,0,0,0,0,0,0,1,1,0,0,0,0,0,4.0
5000000.0,en,9.302349,88.0,Released,5.9,209,1988,3,0,0,0,0,0,0,0,0,0,0,0,1,0,0,0,0,0,1,0,0,2.0
5000000.0,en,8.190888,89.0,Released,5.8,73,1986,3,0,0,0,0,0,0,0,0,0,0,0,1,0,1,0,0,0,0,0,0,1.0
5000000.0,en,5.87193,110.0,Released,6.9,83,1982,3,0,0,0,1,0,0,1,0,0,0,0,0,0,0,0,0,0,0,0,0,13.0
5000000.0,en,8.452666,107.0,Released,5.5,67,1983,3,1,0,0,0,1,0,1,0,0,0,0,0,0,0,1,0,0,1,0,1,1.0
5000000.0,en,17.028252,86.0,Released,5.0,356,2011,3,0,0,0,0,0,0,0,0,0,0,0,1,0,0,0,1,0,1,0,0,1.0
5000000.0,en,19.336367,102.0,Released,6.5,255,2008,3,0,0,0,1,0,0,1,0,0,0,0,0,0,0,0,0,0,0,0,0,1.0
5000000.0,en,38.006982,103.0,Released,6.7,777,2015,3,1,0,0,0,0,0,0,0,0,0,0,0,0,0,0,0,0,1,0,0,4.0
8000000.0,en,6.377523,118.0,Released,6.0,97,1982,3,1,0,0,0,0,0,0,0,1,0,0,0,0,0,0,0,0,0,0,0,3.0
5000000.0,en,0.835617,139.0,Released,5.4,8,1959,3,0,0,0,0,0,0,1,0,0,0,1,0,0,0,1,0,0,0,1,0,3.0
20000000.0,en,14.947588,92.0,Released,4.3,331,2016,2,0,0,0,1,0,0,0,0,0,0,0,0,0,0,1,0,0,0,0,0,3.0
5000000.0,en,5.1299,99.0,Released,6.3,9,2009,3,0,0,0,0,0,0,1,0,0,0,0,0,0,0,1,0,0,0,0,0,1.0
4.0,en,1.199451,89.0,Released,6.2,28,1932,3,0,0,0,0,0,0,1,0,0,0,0,0,0,0,1,0,0,0,1,0,1.0
26000000.0,en,3.810827,96.0,Released,5.2,42,2016,3,0,0,0,1,0,0,0,0,0,0,0,0,0,0,1,0,0,0,0,0,4.0
5500000.0,en,3.7387,82.0,Released,6.2,72,2000,3,0,0,1,0,0,0,0,1,1,0,0,0,0,0,0,1,0,0,0,0,1.0
5000000.0,en,9.85123,92.0,Released,6.3,147,2004,3,0,0,0,1,0,0,1,0,0,0,0,0,0,0,0,0,0,0,0,0,1.0
8000000.0,fr,3.03091,99.0,Released,6.7,77,2003,1,0,0,0,1,1,0,1,0,0,0,0,0,0,0,0,0,0,0,0,0,1.0
5000000.0,en,3.199904,106.0,Released,6.6,50,1976,3,1,1,0,0,0,0,1,0,0,0,0,0,0,0,1,0,0,0,0,0,5.0
5000000.0,en,2.739307,90.0,Released,4.9,47,2001,3,1,1,0,0,0,0,0,0,0,0,0,1,0,0,0,0,0,1,0,0,1.0
5000000.0,en,5.348446,118.0,Released,6.4,91,1978,2,1,1,0,0,0,0,0,0,0,0,0,0,0,0,0,0,0,1,1,0,6.0
5000000.0,en,4.070044,97.0,Released,6.7,89,1989,2,0,0,0,1,0,0,0,0,0,0,0,0,0,0,0,0,0,0,0,0,1.0
5000000.0,en,9.974681,94.0,Released,6.6,220,2006,2,0,0,0,1,0,0,0,0,0,0,0,0,0,0,0,0,0,0,0,0,1.0
5000000.0,en,6.308298,91.0,Released,6.5,44,1998,2,0,0,0,1,0,0,1,0,0,0,0,0,0,0,0,0,0,0,0,0,2.0
5000000.0,it,49.333137,175.0,Released,8.1,1128,1968,2,0,0,0,0,0,0,0,0,0,0,0,0,0,0,0,0,0,0,0,1,4.0
5000000.0,en,4.149628,94.0,Released,6.3,55,2001,2,1,0,0,1,0,0,0,0,0,0,0,0,0,0,0,0,0,1,0,0,6.0
5000000.0,en,46.114184,97.0,Released,7.6,1794,2009,3,0,0,0,0,0,0,1,0,0,0,0,0,0,0,0,1,0,0,0,0,3.0
20000000.0,en,3.562563,90.0,Released,5.2,18,2006,3,0,0,0,1,0,0,0,0,0,0,0,0,0,0,0,0,0,0,0,0,1.0
5000000.0,en,4.498368,41.0,Released,5.9,11,2010,1,0,0,0,0,0,1,0,0,0,0,0,0,0,0,0,0,0,0,0,0,1.0
5000000.0,en,7.673124,112.0,Released,6.8,103,1997,1,0,0,0,0,0,0,1,0,0,0,0,0,0,0,0,0,0,0,0,0,6.0
4000000.0,fr,4.992475,120.0,Released,6.5,91,2010,3,0,0,0,0,0,0,1,0,0,0,1,0,0,0,0,0,0,0,0,0,1.0
5000000.0,en,6.174435,110.0,Released,6.6,60,2008,1,0,0,0,1,0,0,1,0,0,0,0,0,0,0,0,0,0,0,0,0,1.0
13000000.0,en,0.805312,87.0,Released,4.6,5,1982,3,0,0,0,1,0,0,0,0,0,0,0,1,0,0,0,1,0,0,0,0,1.0
5000000.0,en,8.753409,99.0,Released,7.0,294,1994,1,0,0,0,0,0,0,1,0,1,0,0,0,0,0,0,0,0,0,0,0,9.0
5000000.0,en,3.943706,121.0,Released,5.4,40,2015,1,0,0,0,0,0,0,1,0,0,0,0,0,0,0,0,0,0,0,0,0,5.0
5000000.0,en,9.169411,97.0,Released,6.0,208,2010,1,0,0,0,1,0,0,1,0,0,0,0,0,0,0,1,0,0,0,0,0,1.0
5000000.0,en,2.732031,116.0,Released,6.0,55,1998,1,0,0,0,1,1,0,0,0,0,0,0,0,0,1,0,0,0,1,0,0,4.0
5000000.0,en,35.252056,101.0,Released,7.3,1247,2004,3,0,0,0,0,0,0,1,0,0,0,0,0,0,0,0,0,0,1,0,0,5.0
5000000.0,en,6.063868,103.0,Released,5.7,15,1992,1,0,0,0,0,1,0,1,0,0,0,0,0,0,0,0,0,0,0,0,0,6.0
5000000.0,en,21.343093,112.0,Released,6.6,355,2014,1,0,0,0,0,1,0,1,0,0,0,0,0,0,1,0,0,0,1,0,0,2.0
5000000.0,en,10.095184,91.0,Released,6.9,165,2010,2,0,0,0,0,0,0,1,0,0,0,0,0,0,0,0,0,0,0,0,0,3.0
5000000.0,en,4.129165,98.0,Released,5.9,58,2003,1,0,0,0,1,1,0,1,0,0,0,0,0,0,0,0,0,0,0,0,0,2.0
5000000.0,en,30.001024,95.0,Released,6.7,683,2016,1,0,0,0,0,1,0,0,0,0,0,0,1,0,0,0,0,0,1,0,0,2.0
5000000.0,en,6.759235,88.0,Released,5.8,27,2006,1,0,0,0,1,0,0,1,0,0,0,0,0,0,0,1,0,0,0,0,0,1.0
5000000.0,en,1.731035,99.0,Released,3.9,15,2014,1,0,0,0,0,0,0,1,0,0,0,0,0,0,1,0,1,0,0,0,0,1.0
7000000.0,en,11.700578,91.0,Released,6.8,281,1996,1,0,0,0,1,1,0,1,0,0,0,0,0,0,0,0,0,0,0,0,0,7.0
6000000.0,en,2.388683,97.0,Released,5.6,45,1996,1,0,0,0,0,1,0,1,0,0,0,0,0,0,0,0,0,0,1,0,0,2.0
16000000.0,hi,0.080704,136.0,Released,6.0,2,2007,2,0,0,0,0,0,0,1,0,0,1,1,0,0,0,0,0,0,0,0,0,1.0
1000000.0,en,0.888986,117.0,Released,6.6,14,2008,1,0,0,0,0,0,1,0,0,0,0,0,0,0,0,0,0,0,0,0,0,1.0
2200000.0,en,0.679351,94.0,Released,6.5,17,1980,3,0,0,0,0,0,0,1,0,0,0,0,0,0,0,0,0,0,0,0,0,1.0
5000000.0,en,19.940245,89.0,Released,7.3,847,2010,2,0,0,0,1,0,0,0,0,0,0,0,1,0,0,0,0,0,0,0,0,1.0
5000000.0,en,1.286991,92.0,Released,6.2,13,2008,1,0,0,0,0,0,0,1,0,0,0,0,0,0,0,1,0,0,0,0,0,1.0
36250000.0,en,0.042442,128.0,Released,6.6,4,1947,3,1,0,0,0,0,0,1,0,0,0,0,0,0,0,1,0,0,0,0,0,1.0
2000000.0,en,1.116206,90.0,Released,5.5,9,1999,1,0,0,0,1,0,0,1,0,0,0,0,0,0,0,0,0,0,0,0,0,2.0
5000000.0,en,3.05434,95.0,Released,4.7,33,2004,3,0,0,0,0,0,0,0,0,0,0,0,1,0,0,0,1,0,1,0,0,1.0
5000000.0,en,38.94708,94.0,Released,6.0,1360,2015,3,0,0,0,0,0,0,0,0,0,0,0,1,0,0,0,0,0,1,0,0,9.0
5000000.0,en,3.792015,90.0,Released,6.2,37,2007,1,0,0,0,0,0,0,1,0,0,0,0,0,0,0,0,0,0,0,1,0,12.0
5000000.0,de,0.219799,95.0,Released,3.8,4,2004,1,0,0,0,0,0,0,0,0,0,0,0,0,0,0,1,0,0,1,0,0,1.0
5000000.0,en,7.794,91.0,Released,4.2,151,2015,1,0,0,0,0,0,0,0,0,0,0,0,1,0,0,0,1,0,1,0,0,2.0
5000000.0,es,9.136965,107.0,Released,7.0,202,2011,3,0,0,0,0,0,0,0,0,0,0,0,0,0,0,0,0,0,1,0,0,4.0
10800000.0,en,8.39685,92.0,Released,6.3,80,2008,3,0,0,0,1,1,0,0,0,0,0,0,1,0,0,0,0,0,1,0,0,2.0
5000000.0,en,7.864905,87.0,Released,5.8,65,2009,3,0,0,0,1,0,0,1,0,1,0,0,0,0,0,0,0,0,0,0,0,8.0
20000000.0,en,1.963219,80.0,Released,3.2,13,2006,3,0,0,0,1,0,1,0,0,0,0,0,0,0,0,0,0,0,0,0,0,2.0
11750000.0,en,1.546169,95.0,Released,7.0,2,2009,2,0,0,0,0,0,0,1,0,0,0,0,0,0,0,0,0,0,0,0,0,0.0
5000000.0,en,10.619574,105.0,Released,7.4,105,2014,1,0,0,0,1,0,0,1,0,0,0,0,0,1,0,0,0,0,0,0,0,1.0
5000000.0,en,0.999655,67.0,Released,3.0,3,2014,3,0,0,1,0,0,0,0,1,0,0,0,0,0,0,0,0,0,0,0,0,1.0
8500000.0,en,1.985243,95.0,Released,6.1,24,2015,1,0,0,0,1,0,0,0,0,0,0,0,0,0,0,1,0,0,0,0,0,2.0
1000000.0,en,0.102003,89.0,Released,5.0,3,2011,3,0,0,0,0,1,0,1,0,0,0,0,0,0,0,0,0,1,1,0,0,2.0
15000000.0,en,10.48009,94.0,Released,4.5,118,2014,3,0,0,0,0,0,0,1,0,0,0,0,0,0,0,0,0,0,1,0,0,6.0
1000000.0,en,1.136568,109.0,Released,4.1,7,2013,3,1,0,0,0,0,0,0,0,0,0,0,0,0,0,0,0,0,1,1,0,1.0
5000000.0,en,11.095219,123.0,Released,6.4,131,1977,3,1,0,0,0,0,0,1,0,0,0,0,0,0,0,0,1,0,1,0,0,6.0
18500000.0,en,0.40703,90.0,Released,0.0,0,2012,3,0,0,0,1,0,0,1,0,0,0,0,0,0,0,0,0,0,0,0,0,1.0
5000000.0,en,0.028756,88.0,Released,0.0,0,2015,3,0,0,0,0,0,0,0,1,0,0,0,0,0,0,0,0,0,0,0,0,0.0
5000000.0,en,8.618793,88.0,Released,4.7,102,2016,1,0,0,0,1,0,0,0,0,1,0,0,1,0,0,0,0,0,1,0,0,12.0
1181389.0,en,2.394613,97.0,Released,3.5,36,2015,1,1,0,0,0,0,0,0,0,0,0,0,1,0,0,0,0,0,0,0,0,1.0
20000000.0,cs,2.387463,120.0,Released,7.0,22,2006,3,0,0,0,1,0,0,1,0,0,0,0,0,0,0,0,0,0,0,0,0,1.0
5000000.0,de,5.461487,99.0,Released,7.1,116,2009,3,0,0,0,1,0,0,1,0,0,0,0,0,0,0,0,0,0,0,0,0,1.0
1000000.0,en,14.805264,135.0,Released,7.4,231,1996,3,0,0,0,0,0,0,1,0,0,0,0,0,0,0,0,0,0,0,0,0,2.0
4798235.0,en,25.30216,107.0,Released,6.3,458,2011,1,0,0,0,0,0,0,0,0,0,0,0,1,0,0,0,0,0,1,0,0,2.0
4800000.0,en,38.83192,94.0,Released,5.7,887,2005,3,0,0,0,0,0,0,0,0,0,0,0,1,0,0,0,0,0,0,0,0,4.0
19500000.0,en,3.500741,94.0,Released,6.2,43,2005,1,0,0,0,1,0,0,1,0,0,0,0,0,0,0,0,0,0,0,0,0,6.0
5000000.0,en,19.807295,120.0,Released,7.1,471,2011,1,0,0,0,0,0,0,1,0,0,0,0,0,0,0,0,0,0,1,0,0,4.0
4700000.0,en,1.435742,112.0,Released,6.3,25,1988,1,0,0,0,0,0,0,0,0,0,0,0,1,0,0,0,0,0,1,0,0,1.0
13000000.0,en,7.667888,98.0,Released,6.3,47,2006,2,0,0,0,1,0,0,1,0,0,0,0,0,0,0,0,0,0,0,0,0,1.0
5000000.0,en,8.496364,81.0,Released,5.5,76,2014,3,0,0,0,1,0,0,0,0,0,0,0,0,0,0,0,0,0,0,0,0,1.0
4700000.0,en,9.617777,101.0,Released,5.9,139,1986,3,0,0,0,0,0,0,0,0,0,0,0,1,0,0,0,0,0,0,0,0,5.0
4638783.0,en,4.495256,106.0,Released,7.2,65,1973,3,0,0,0,0,0,0,0,0,0,0,0,0,0,0,0,0,0,0,0,1,4.0
4800000.0,en,35.754865,90.0,Released,5.6,862,2013,3,0,0,0,0,1,0,1,0,0,0,0,0,0,0,0,0,0,1,0,0,4.0
25000000.0,fr,0.20323,80.0,Released,4.8,4,2005,2,0,0,0,0,0,0,1,0,0,0,0,0,0,0,1,0,0,0,0,0,1.0
4.0,en,0.28076,83.0,Released,4.6,8,2011,3,0,0,0,1,0,0,0,0,0,0,0,0,0,0,1,0,0,0,0,0,1.0
20000000.0,en,3.11319,105.0,Released,7.0,46,2004,1,0,0,0,0,0,0,1,1,0,0,0,0,0,0,0,0,0,0,0,0,1.0
27500000.0,en,0.137535,89.0,Released,1.0,1,2007,3,1,0,0,1,0,0,1,0,0,0,0,0,0,0,0,0,0,0,0,1,1.0
4600000.0,fr,6.368933,100.0,Released,7.3,93,2010,3,0,0,0,1,0,0,1,0,0,0,0,0,0,0,1,0,0,0,0,0,1.0
4700000.0,en,0.217538,92.0,Released,5.6,6,2013,3,0,0,0,1,0,0,1,0,0,0,0,0,0,0,0,0,0,0,0,0,1.0
4600000.0,en,3.531877,97.0,Released,5.7,60,2007,1,0,0,0,0,0,0,1,0,0,0,0,0,0,0,0,0,0,0,0,0,1.0
13000000.0,en,0.706355,103.0,Released,5.9,18,2006,1,0,0,0,0,0,0,1,0,0,0,0,0,0,0,0,0,0,0,0,0,1.0
4500000.0,en,15.002502,96.0,Released,6.5,602,1984,3,0,0,0,1,1,0,0,0,0,0,0,0,0,0,0,0,0,0,0,0,4.0
4500000.0,en,22.585384,104.0,Released,5.8,408,1980,3,0,1,0,0,0,0,1,0,0,0,0,0,0,0,1,0,0,0,0,0,3.0
6000000.0,en,29.834065,117.0,Released,6.6,632,1994,3,0,0,0,1,0,0,1,0,0,0,0,0,0,0,1,0,0,0,0,0,7.0
4500000.0,en,20.403344,90.0,Released,7.0,322,1982,3,0,0,0,1,0,0,0,0,0,0,0,0,0,0,0,0,0,0,0,0,4.0
4500000.0,en,5.224593,116.0,Released,6.9,89,1956,3,0,1,0,0,0,0,1,0,0,0,0,0,0,0,0,0,0,0,0,0,2.0
15000000.0,en,30.196039,135.0,Released,7.2,629,2002,1,0,0,0,0,1,0,1,0,0,0,0,0,0,0,0,0,0,0,0,0,16.0
4500000.0,en,15.359952,108.0,Released,6.9,198,1996,2,0,0,0,0,1,0,1,0,0,0,0,0,0,0,1,0,0,1,0,0,7.0
4500000.0,en,11.573034,102.0,Released,7.9,2443,2000,3,0,0,0,0,1,0,1,0,0,0,0,0,0,0,0,0,0,0,0,0,6.0
18000000.0,en,1.847822,96.0,Released,6.2,19,1945,2,0,0,0,0,0,0,0,0,0,0,0,0,1,0,1,0,0,0,0,0,2.0
22500000.0,es,0.425551,115.0,Released,6.8,6,1998,2,0,0,0,0,0,0,1,0,0,1,0,0,0,0,1,0,0,0,0,0,1.0
4500000.0,en,3.819796,123.0,Released,7.0,71,1986,1,0,0,0,0,0,0,1,0,0,0,0,0,0,0,0,0,0,0,0,0,14.0
5000000.0,en,10.274542,98.0,Released,5.5,121,2014,3,0,0,0,1,0,0,0,0,0,0,0,0,0,0,0,0,0,0,0,0,2.0
6000000.0,en,61.210016,113.0,Released,7.7,3452,2001,1,0,0,0,0,0,0,1,0,1,0,0,0,0,1,0,0,0,0,0,0,3.0
40000000.0,en,0.177356,105.0,Released,6.1,18,2011,1,1,0,0,1,0,0,0,0,0,1,0,0,0,0,0,0,0,0,0,0,1.0
4500000.0,nl,0.011697,122.0,Released,7.7,25,1997,3,0,0,0,0,0,0,1,0,0,1,1,0,0,0,0,0,0,0,0,0,1.0
2000000.0,en,6.249262,101.0,Released,6.6,132,2002,3,0,0,0,1,1,0,1,0,0,0,0,0,0,0,0,0,0,0,0,0,2.0
4500000.0,en,3.108881,97.0,Released,6.3,30,2009,1,0,0,0,1,0,0,1,0,0,0,0,0,0,0,0,0,0,0,0,0,3.0
25000000.0,ko,17.074843,115.0,Released,7.4,356,2005,1,0,0,0,0,0,0,1,0,0,0,0,0,0,0,0,0,0,1,0,0,3.0
15000000.0,fr,0.774442,120.0,Released,6.2,13,2010,2,0,0,0,0,0,0,1,0,0,0,0,0,0,0,0,0,0,0,0,0,1.0
2750000.0,en,8.816995,99.0,Released,6.0,157,2001,3,0,0,0,1,0,0,1,0,0,0,0,0,0,0,0,0,0,0,0,0,1.0
4500000.0,cn,8.48639,110.0,Released,7.0,46,2006,3,1,0,0,0,1,0,0,0,0,0,0,0,0,0,0,0,0,1,0,0,1.0
100000000.0,en,5.223096,98.0,Released,6.6,73,2011,1,1,1,0,0,0,0,0,0,0,0,0,0,0,0,0,0,0,0,0,1,1.0
2700000.0,sv,7.759215,109.0,Released,7.7,139,2002,1,0,0,0,0,1,0,1,0,0,0,0,0,0,0,0,0,0,0,0,0,1.0
4500000.0,en,14.570359,104.0,Released,5.4,251,2010,1,0,0,0,0,0,0,1,0,0,0,0,1,0,1,0,0,0,1,0,0,1.0
15000000.0,en,0.371337,134.0,Released,5.3,2,2014,3,0,0,0,1,0,0,1,0,0,0,0,0,0,0,0,0,0,1,0,0,1.0
3000000.0,en,127.525581,133.0,Released,8.2,2919,1975,3,0,0,0,0,0,0,1,0,0,0,0,0,0,0,0,0,0,0,0,0,3.0
4400000.0,en,3.898737,85.0,Released,6.9,35,2015,3,0,0,0,1,0,0,0,0,0,0,0,1,0,0,0,0,0,0,0,0,1.0
4400000.0,en,7.315935,86.0,Released,6.7,78,1976,3,0,0,0,1,0,0,0,0,0,0,0,0,0,0,0,0,0,0,0,0,6.0
4500000.0,hi,2.551559,126.0,Released,7.3,57,2016,3,1,0,0,0,0,0,1,0,0,0,1,0,0,0,0,0,0,1,0,0,1.0
9000000.0,en,8.772574,199.0,Released,8.2,68,1985,3,0,0,0,0,0,0,1,1,0,0,0,0,0,0,0,0,0,0,0,0,1.0
4500000.0,en,6.988357,103.0,Released,5.5,71,2014,1,1,1,0,0,0,0,0,0,0,0,0,0,0,0,0,0,0,0,0,0,2.0
3730500.0,en,6.938854,112.0,Released,5.7,109,2012,3,1,0,0,0,1,0,1,0,0,0,0,0,0,0,0,0,0,0,0,0,2.0
5000000.0,en,11.21273,89.0,Released,7.0,217,2000,3,0,0,0,0,1,0,1,0,0,0,0,0,0,0,0,0,0,1,0,0,3.0
15000000.0,sv,7.217328,124.0,Released,6.5,63,2010,2,0,0,0,0,1,0,1,0,0,0,0,0,0,0,0,0,0,1,0,0,3.0
8000000.0,en,12.439495,101.0,Released,7.1,111,2003,3,0,0,0,0,0,0,1,1,0,0,0,0,0,0,0,0,0,0,0,0,3.0
3250000.0,en,2.126139,133.0,Released,6.6,19,2009,3,0,0,0,0,0,0,1,1,0,1,0,0,0,0,0,0,0,0,0,0,0.0
4500000.0,de,10.142218,120.0,Released,5.9,140,2009,3,0,0,0,0,0,0,0,0,0,0,0,0,0,1,0,1,0,1,0,0,1.0
4200000.0,en,16.536374,98.0,Released,6.1,1000,2006,1,0,0,0,1,0,0,1,1,0,0,0,0,1,0,0,0,1,0,0,0,5.0
18000000.0,en,0.933891,93.0,Released,6.9,11,1997,3,0,0,0,0,0,0,1,0,0,1,0,0,0,0,1,0,0,0,0,0,2.0
4200000.0,ru,12.540624,114.0,Released,6.3,210,2004,3,1,0,0,0,0,0,0,0,1,0,0,0,0,0,0,0,0,1,0,0,4.0
3705538.0,en,8.839651,112.0,Released,6.9,176,1992,3,0,0,0,0,1,0,1,0,0,0,0,0,0,0,1,0,0,1,0,0,8.0
4000000.0,en,12.891276,94.0,Released,6.1,183,1981,3,0,0,0,1,0,0,0,0,0,0,0,0,0,0,0,0,0,0,0,0,4.0
4000000.0,en,10.789912,90.0,Released,4.6,116,2010,1,0,0,0,0,0,0,0,0,0,0,0,1,0,0,0,1,0,0,0,0,7.0
114000.0,en,25.666029,96.0,Released,7.5,580,1968,3,0,0,0,0,0,0,0,0,0,0,0,1,0,0,0,0,0,0,0,0,7.0
4000000.0,en,45.66662,102.0,Released,7.3,1895,2003,3,0,0,0,0,0,0,1,0,0,0,0,0,0,0,0,0,0,0,0,0,4.0
4000000.0,en,35.892034,93.0,Released,7.8,1010,1977,3,0,0,0,1,0,0,1,0,0,0,0,0,0,0,1,0,0,0,0,0,22.0
4000000.0,en,8.988455,152.0,Released,6.6,50,1952,3,1,0,0,0,0,0,1,0,0,0,0,0,0,0,1,0,0,0,0,0,1.0
4000000.0,en,14.042041,111.0,Released,6.5,250,2001,3,0,0,0,0,0,0,1,0,0,0,0,0,0,0,1,0,0,0,0,0,8.0
4000000.0,en,40.016306,95.0,Released,5.2,593,2015,1,0,0,0,0,0,0,0,0,0,0,0,1,0,0,0,0,0,0,0,0,1.0
3600000.0,en,22.030517,112.0,Released,7.1,360,1995,3,0,0,0,0,0,0,1,0,0,0,0,0,0,0,1,0,0,0,0,0,2.0
4500000.0,en,2.503612,86.0,Released,4.8,67,2013,3,0,0,0,1,0,0,0,0,0,0,0,1,0,0,0,0,0,0,0,0,1.0
4000000.0,en,4.117968,105.0,Released,6.9,68,1974,3,0,0,0,1,0,0,1,0,0,0,0,0,0,0,1,0,0,0,0,0,4.0
4000000.0,en,24.161735,91.0,Released,4.1,1022,2015,3,0,0,0,0,0,0,0,0,0,0,0,0,0,0,0,0,0,1,0,0,9.0
4000000.0,en,1.379354,105.0,Released,6.4,22,1956,3,0,0,0,0,0,0,1,0,0,0,0,0,0,0,0,0,0,0,0,0,2.0
3500000.0,en,15.338211,106.0,Released,6.5,506,2010,3,0,0,0,1,0,0,1,0,0,0,0,0,0,0,0,0,0,0,0,0,1.0
4000000.0,en,29.852608,94.0,Released,7.1,550,1988,3,1,0,0,0,0,0,0,0,0,0,0,1,0,0,0,1,0,1,0,0,10.0
4000000.0,en,35.061467,172.0,Released,7.8,717,1963,3,0,1,0,0,0,0,1,0,0,0,1,0,0,0,0,0,0,1,1,0,1.0
2600000.0,en,7.288352,109.0,Released,5.8,34,2004,3,0,0,0,0,0,1,0,0,0,0,0,0,0,0,0,0,0,0,0,0,1.0
5000000.0,en,10.605752,88.0,Released,4.4,203,2013,3,0,0,0,0,0,0,0,0,0,0,0,1,0,0,0,0,0,1,0,0,1.0
4000000.0,en,43.40352,164.0,Released,7.5,1971,2014,3,0,0,0,0,0,0,1,0,0,0,0,0,0,0,0,0,0,0,0,0,11.0
4000000.0,en,17.229537,96.0,Released,6.4,420,2006,3,0,0,0,1,0,0,0,0,0,0,0,0,0,1,0,0,0,0,0,0,22.0
7000000.0,en,2.453459,93.0,Released,5.3,26,2001,2,1,0,0,1,0,0,0,0,0,0,0,0,0,0,0,0,0,0,0,0,2.0
6000000.0,en,1.433692,82.0,Released,5.9,15,2000,2,1,0,0,1,0,0,0,0,0,0,0,0,0,0,1,0,0,0,0,0,2.0
32000000.0,en,9.976428,101.0,Released,6.7,89,2003,1,0,0,0,0,0,0,1,0,0,0,0,0,0,0,1,0,0,0,0,0,2.0
4000000.0,en,2.930058,124.0,Released,6.8,72,1961,3,1,0,0,0,0,0,1,0,0,0,0,0,0,0,1,0,0,0,0,0,2.0
4000000.0,en,7.173059,91.0,Released,5.5,57,2006,3,0,0,0,0,0,0,1,0,0,0,0,0,0,0,0,0,0,1,0,0,2.0
12000000.0,en,1.735462,82.0,Released,4.8,10,1995,3,0,0,0,1,1,0,0,0,0,0,0,0,0,0,0,0,0,0,0,0,1.0
3400000.0,es,29.071955,105.0,Released,7.1,633,2007,3,0,0,0,0,0,0,1,0,0,0,0,1,0,0,0,0,0,1,0,0,2.0
4000000.0,en,18.428909,87.0,Released,5.4,346,2014,3,0,0,0,1,0,0,0,0,0,0,0,1,0,0,0,0,0,0,0,0,3.0
4000000.0,en,11.387335,110.0,Released,6.3,168,2002,3,0,0,0,1,0,0,1,0,0,0,0,0,0,0,1,0,0,0,0,0,2.0
4000000.0,en,5.975604,143.0,Released,6.1,77,1969,2,1,0,0,0,0,0,1,0,0,0,0,0,0,1,0,0,0,1,0,0,8.0
4000000.0,en,4.59841,84.0,Released,5.5,69,2006,2,0,0,0,1,1,0,0,0,0,0,0,0,0,0,0,0,0,0,0,0,2.0
4000000.0,en,22.87623,98.0,Released,6.5,530,1995,2,0,0,0,1,1,0,0,0,0,0,0,0,0,0,0,0,0,0,0,0,7.5
4000000.0,en,19.107285,104.0,Released,6.7,376,2002,3,0,0,0,1,0,0,1,0,0,0,0,0,0,0,1,0,0,0,0,0,2.0
7500000.0,en,0.456485,96.0,Released,3.3,8,2003,1,0,0,0,0,0,1,0,0,0,0,0,0,0,0,0,0,0,0,0,0,1.0
4000000.0,en,4.541908,110.0,Released,6.7,46,1988,1,0,0,0,0,0,0,1,0,0,0,0,0,0,0,0,0,0,0,0,0,14.0
4000000.0,en,4.348416,84.0,Released,7.3,63,1996,1,0,0,0,1,0,0,0,0,0,0,0,0,1,0,0,0,0,0,0,0,4.0
4000000.0,en,3.347885,94.0,Released,5.4,11,1999,1,0,0,0,1,0,0,0,0,0,0,0,0,0,0,1,0,0,0,0,0,1.0
4000000.0,en,6.091951,90.0,Released,6.2,80,2007,1,0,0,0,1,1,0,0,0,0,0,0,0,0,0,1,0,0,1,0,0,4.0
3000000.0,en,4.757625,96.0,Released,6.1,67,2005,1,0,0,0,1,0,0,1,0,0,0,0,0,0,0,0,0,0,0,0,0,2.0
4000000.0,en,12.062371,88.0,Released,5.9,316,2011,1,1,0,0,0,0,0,0,0,0,0,0,1,0,0,0,0,0,1,0,0,12.0
4000000.0,en,7.758188,101.0,Released,6.6,102,2005,1,0,0,0,0,0,0,0,0,1,0,0,0,0,0,0,0,0,0,0,0,1.0
4000000.0,en,12.781973,102.0,Released,8.0,167,2011,1,0,0,0,0,0,1,1,0,0,0,0,0,0,0,0,0,0,0,0,0,1.0
4000000.0,en,1.631993,87.0,Released,5.1,8,1987,1,0,1,0,0,0,0,0,0,1,0,0,0,0,0,0,0,0,0,0,0,1.0
10000000.0,en,12.690224,83.0,Released,6.5,415,2011,1,0,0,0,0,0,0,1,0,0,0,0,0,0,0,1,0,0,0,0,0,1.0
4000000.0,en,8.516229,103.0,Released,5.5,58,2015,3,0,0,0,0,0,0,1,0,0,0,0,0,0,0,0,0,0,1,0,0,1.0
4000000.0,en,5.90259,99.0,Released,6.5,25,2002,1,0,0,0,1,0,0,1,0,0,0,0,0,0,0,0,0,0,1,0,0,1.0
4000000.0,en,2.866934,106.0,Released,5.2,9,1999,3,0,0,0,0,0,0,1,0,0,0,0,0,0,0,0,0,0,0,0,0,2.0
4000000.0,en,9.140936,115.0,Released,6.9,228,2012,1,0,0,0,0,0,0,1,0,1,0,0,0,0,0,0,0,0,0,0,0,1.0
4000000.0,en,22.987897,118.0,Released,6.5,338,2014,1,0,0,0,0,0,0,1,0,0,0,0,0,0,0,0,0,0,0,0,0,8.0
3000000.0,en,1.204941,109.0,Released,7.0,23,1997,1,0,0,0,1,1,0,0,0,0,0,0,0,0,0,1,0,0,0,0,0,1.0
1300000.0,en,7.605291,102.0,Released,6.7,27,1988,1,0,0,0,0,1,0,1,0,0,0,0,1,0,0,0,0,0,1,0,0,15.0
1500000.0,en,2.855963,95.0,Released,6.0,26,2000,1,0,0,0,1,0,0,0,0,0,0,0,0,0,0,0,0,0,0,0,0,1.0
14000000.0,en,0.502396,87.0,Released,5.8,6,1999,2,0,0,0,1,0,0,0,0,0,1,0,0,0,0,0,0,0,0,0,0,2.0
4000000.0,en,1.771584,119.0,Released,8.1,18,2013,2,0,0,0,0,0,0,1,0,0,0,0,0,0,0,0,0,0,0,0,0,1.0
9500000.0,en,21.230737,104.0,Released,6.6,307,2010,1,0,0,0,0,1,0,1,0,0,0,0,0,0,0,0,0,0,1,0,0,2.0
25000000.0,en,0.068246,103.0,Released,6.0,1,2000,3,0,0,0,1,1,0,0,0,0,0,0,0,0,0,0,0,0,0,0,0,13.0
14000000.0,en,0.541652,93.0,Released,4.5,2,1998,2,0,0,0,1,0,0,0,0,0,0,0,0,0,0,1,0,0,0,0,0,2.0
16000000.0,en,18.790221,100.0,Released,6.1,291,2013,1,0,0,0,0,0,0,1,0,0,0,0,0,0,0,0,0,0,0,0,0,2.0
4000000.0,en,0.409089,100.0,Released,4.2,5,1999,1,0,0,0,0,0,0,1,0,0,0,0,0,0,0,1,0,0,0,0,0,1.0
4000000.0,es,3.663108,113.0,Released,7.1,36,2002,1,0,0,0,0,0,0,1,0,0,0,0,0,0,0,0,0,0,0,0,0,1.0
650000.0,en,12.496261,98.0,Released,6.2,285,2010,1,1,0,0,0,0,0,1,0,0,0,0,1,0,0,0,1,0,1,0,0,1.0
4000000.0,en,0.596889,92.0,Released,6.7,7,1997,1,0,0,0,0,0,0,1,0,0,0,0,0,0,0,0,0,0,0,0,0,3.0
11500000.0,pt,2.611364,106.0,Released,6.4,31,2014,3,0,0,0,0,0,0,1,0,0,0,0,0,0,0,0,0,0,0,0,0,1.0
4000000.0,en,3.238466,119.0,Released,6.2,37,2011,1,0,0,0,1,0,0,1,0,0,0,0,0,0,0,0,0,0,0,0,0,1.0
4000000.0,en,8.30723,99.0,Released,6.2,157,2011,3,1,1,0,0,1,0,0,0,0,0,0,0,0,0,0,0,0,1,0,0,2.0
20000000.0,en,3.408955,90.0,Released,5.8,38,2003,3,0,0,0,1,0,0,0,0,1,0,0,0,0,0,0,1,0,0,0,0,5.0
12000000.0,ru,1.876621,120.0,Released,7.3,23,2013,1,0,0,0,0,0,0,1,0,0,0,0,0,0,0,0,0,0,0,0,0,1.0
6000000.0,en,1.807571,142.0,Released,7.1,20,1972,1,0,0,0,1,0,0,1,0,0,0,1,0,1,0,0,0,0,0,0,0,1.0
20000000.0,en,6.783053,93.0,Released,5.2,13,2012,3,0,0,0,0,0,0,0,0,0,0,0,0,0,0,1,0,0,1,0,0,1.0
3950000.0,en,8.484123,127.0,Released,6.1,19,1930,3,1,0,0,0,0,0,1,0,0,0,1,0,0,0,0,0,0,0,0,0,1.0
4000000.0,en,0.936232,103.0,Released,5.7,9,2007,3,0,0,0,1,0,0,1,0,0,0,0,0,0,0,1,0,0,0,0,0,4.0
4000000.0,en,12.822534,93.0,Released,4.5,118,2016,3,0,0,0,0,0,0,0,0,0,0,0,1,0,0,0,0,0,0,0,0,2.0
4000000.0,en,4.989985,84.0,Released,6.6,207,2009,1,0,0,0,0,0,0,0,0,0,0,0,1,0,0,0,0,0,0,0,0,1.0
4000000.0,en,1.390659,78.0,Released,4.1,8,2012,3,0,0,0,0,0,0,0,0,0,0,0,1,0,0,0,0,0,0,0,0,2.0
4000000.0,en,1.923514,84.0,Released,5.2,20,2012,3,0,0,0,1,0,0,0,0,0,0,0,0,0,0,1,0,1,0,0,0,1.0
21000000.0,en,4.118612,113.0,Released,4.4,21,2014,3,0,1,0,0,0,0,1,0,0,0,0,0,0,0,1,0,0,0,0,0,1.0
3900000.0,en,9.541688,120.0,Released,7.5,89,1966,3,0,0,0,0,0,0,1,0,0,0,1,0,0,0,0,0,0,0,0,0,5.0
3800000.0,en,17.234745,121.0,Released,7.7,381,1976,3,0,0,0,0,0,0,1,0,0,0,0,0,0,0,0,0,0,0,0,0,6.0
4000000.0,en,48.98255,238.0,Released,7.7,970,1939,3,0,0,0,0,0,0,1,0,0,0,0,0,0,0,1,0,0,0,1,0,3.0
11500000.0,en,1.972668,98.0,Released,6.5,18,2014,3,0,0,0,0,0,0,1,0,0,0,0,0,0,0,0,0,0,0,0,0,1.0
3800000.0,en,3.490215,123.0,Released,6.2,38,1965,1,0,0,0,0,0,0,0,0,0,0,0,0,0,0,0,0,0,0,1,1,4.0
3768785.0,en,1.726175,107.0,Released,7.3,22,1950,3,1,0,0,1,0,0,0,0,0,0,0,0,1,0,1,0,0,0,0,1,3.0
967686.0,en,20.544999,101.0,Released,7.0,423,2010,3,0,0,0,1,1,0,1,0,0,0,0,0,0,0,0,0,0,0,0,0,1.0
25000000.0,pt,0.389471,115.0,Released,6.7,9,2005,2,0,0,0,0,0,0,1,0,0,0,0,0,0,0,0,0,0,0,0,0,1.0
3500000.0,en,8.45342,101.0,Released,6.5,195,2009,1,1,0,0,1,1,0,1,0,0,0,0,0,0,0,0,0,0,0,0,0,1.0
3700000.0,en,0.90522,102.0,Released,6.6,17,1948,1,0,0,0,0,0,0,0,0,0,0,0,0,1,0,1,0,0,0,0,0,1.0
3800000.0,en,2.201678,95.0,Released,6.0,21,2009,3,0,0,0,1,0,0,1,0,0,0,0,0,0,0,1,0,0,0,0,0,1.0
4000000.0,en,3.771652,109.0,Released,6.6,66,2006,3,0,0,0,1,0,0,1,0,0,0,0,0,0,0,0,0,0,0,0,0,3.0
3600000.0,en,21.119209,113.0,Released,7.4,299,1969,3,0,0,0,0,0,0,1,0,0,0,0,0,0,0,0,0,0,0,0,0,3.0
3500000.0,en,17.002623,91.0,Released,6.8,363,1997,3,0,0,0,1,0,0,0,0,0,0,0,0,0,0,0,0,0,0,0,0,4.0
3500000.0,en,46.116885,88.0,Released,7.1,1074,1980,3,0,0,0,1,0,0,0,0,0,0,0,0,0,0,0,0,0,0,0,0,3.6666666666666665
5000000.0,en,1.398981,88.0,Released,5.3,11,2015,3,1,1,0,0,0,0,0,0,0,0,0,0,0,0,0,0,0,1,0,0,1.0
3500000.0,en,25.5748,91.0,Released,7.0,503,1995,3,0,0,0,1,0,0,0,0,0,0,0,0,0,0,0,0,0,0,0,0,8.0
3500000.0,en,3.418871,97.0,Released,7.2,173,1993,3,1,0,0,0,1,0,1,0,0,0,0,0,0,0,0,0,0,0,0,0,3.5
3500000.0,en,10.729884,92.0,Released,5.9,129,1987,3,0,0,0,0,0,0,0,0,0,0,0,1,0,0,0,0,0,0,0,0,1.0
3716946.0,en,2.676535,121.0,Released,6.9,47,1970,2,1,0,0,1,0,0,0,0,0,0,0,0,0,0,0,0,0,0,0,1,4.0
3500000.0,en,7.821438,134.0,Released,7.4,82,1967,3,0,0,0,0,1,0,1,0,0,0,0,0,0,0,0,0,0,0,0,0,4.0
3500000.0,en,3.281509,149.0,Released,7.4,46,1959,3,0,0,0,0,0,0,1,0,0,0,0,0,0,0,0,0,0,0,0,0,5.0
3500000.0,en,2.938973,121.0,Released,6.2,35,1966,3,1,0,0,0,1,0,1,0,0,0,0,0,0,1,0,0,0,1,0,0,2.0
3500000.0,en,10.219942,116.0,Released,7.1,158,1972,3,0,0,0,0,1,0,1,0,0,0,0,0,0,1,0,0,0,1,0,0,8.0
3500000.0,en,50.319662,92.0,Released,6.3,1434,2016,3,0,0,0,0,0,0,0,0,0,0,0,1,0,1,0,0,0,0,0,0,1.0
57500000.0,en,0.593068,93.0,Released,5.4,8,1998,1,1,0,0,1,0,0,0,0,0,0,0,0,0,0,0,0,0,0,0,0,1.0
3500000.0,en,8.406025,96.0,Released,5.7,70,1996,3,0,0,0,1,0,0,0,0,0,0,0,0,0,0,1,0,0,0,0,0,4.0
10000000.0,en,5.588652,105.0,Released,6.8,81,1998,1,0,0,0,0,0,0,1,0,0,0,0,0,0,0,0,0,0,0,0,0,5.0
2000000.0,es,25.894065,129.0,Released,7.8,626,2009,3,0,0,0,0,1,0,1,0,0,0,0,0,0,1,1,0,0,0,0,0,2.0
10800000.0,en,3.280081,94.0,Released,4.8,36,2008,3,0,0,0,0,0,0,0,0,0,0,0,1,0,0,0,0,0,1,0,0,1.0
3600000.0,en,35.674774,84.0,Released,7.6,742,1987,3,0,0,0,1,0,0,0,0,1,0,0,1,0,0,0,0,0,0,0,0,11.0
7000000.0,en,3.115754,81.0,Released,5.4,43,2001,1,1,0,0,1,0,0,0,0,0,0,0,0,0,0,0,0,0,0,0,0,1.0
1000000.0,en,20.466433,86.0,Released,3.8,476,2013,3,0,0,0,0,0,0,0,0,0,0,0,1,0,0,0,0,1,0,0,0,1.0
25000000.0,es,0.015597,105.0,Released,5.4,4,1999,1,0,0,0,0,0,0,1,0,0,1,0,0,0,0,0,0,0,0,0,0,1.0
3500000.0,nb,12.982319,103.0,Released,6.7,583,2010,2,0,0,0,0,0,0,0,0,1,0,0,1,0,0,0,0,0,0,0,0,1.0
20000000.0,en,0.595136,104.0,Released,5.8,9,2006,3,0,0,0,1,0,0,0,0,0,0,0,0,0,0,1,0,0,0,0,0,1.0
3500000.0,en,3.643608,98.0,Released,6.7,28,2006,1,0,0,0,1,0,0,1,0,0,0,0,0,0,0,0,0,0,0,0,0,1.0
3500000.0,en,6.396936,91.0,Released,5.6,90,2004,1,1,0,0,0,0,0,0,0,0,0,0,0,0,0,0,0,0,0,0,0,2.0
25000000.0,en,0.909067,111.0,Released,2.9,7,2016,1,1,0,0,0,1,0,0,0,0,0,0,0,0,0,0,0,0,0,0,0,1.0
3500000.0,en,1.348114,98.0,Released,5.2,10,2008,3,0,0,0,0,1,0,1,0,0,0,0,0,0,1,0,0,0,1,0,0,1.0
61500000.0,en,0.964802,104.0,Released,2.0,1,1999,1,1,0,0,1,1,0,0,0,0,0,0,0,0,0,0,0,0,1,0,0,1.0
11000000.0,en,0.042346,200.0,Released,0.0,0,2016,2,0,0,0,0,0,0,1,0,0,0,0,0,0,0,0,0,0,0,0,0,2.0
3500000.0,en,1.271621,96.0,Released,4.6,10,2009,3,0,0,0,0,0,0,0,0,0,0,0,1,0,1,0,0,0,1,0,0,1.0
3500000.0,en,25.891466,78.0,Released,7.9,419,2013,3,1,0,1,0,0,0,0,0,0,0,0,0,0,0,0,0,0,0,0,0,1.0
3500000.0,en,1.618138,100.0,Released,0.0,0,2015,3,0,0,0,0,0,1,0,0,0,0,0,0,0,0,0,0,0,0,0,0,3.0
3500000.0,en,4.304341,85.0,Released,3.3,19,2013,3,1,1,0,0,0,0,1,0,1,0,0,0,0,0,0,0,0,0,0,0,5.0
3500000.0,en,3.158056,92.0,Released,5.3,37,2014,3,1,0,0,0,0,0,1,0,0,0,0,0,0,0,0,0,0,1,0,0,1.0
12750000.0,en,3.230779,86.0,Released,5.0,11,2015,3,0,0,0,0,0,0,1,0,0,0,0,0,0,0,0,0,0,0,0,0,1.0
3440000.0,en,1.913302,90.0,Released,3.6,6,2014,3,0,0,0,0,1,0,0,0,0,0,0,0,0,1,0,0,0,1,0,0,1.0
3400000.0,en,5.690619,94.0,Released,6.5,84,1977,3,0,0,0,1,0,0,0,0,0,0,0,0,1,0,0,0,0,0,0,0,6.0
8000000.0,fr,17.537154,80.0,Released,6.9,358,2005,3,0,0,0,0,0,1,0,1,0,0,0,0,0,0,0,0,0,0,0,0,1.0
3500000.0,en,26.259389,107.0,Released,6.7,524,2011,3,0,0,0,0,0,0,1,0,0,0,0,0,0,0,0,0,0,1,0,0,3.0
10000000.0,en,1.419431,100.0,Released,6.2,15,2011,2,0,0,0,0,0,0,1,0,0,0,0,0,0,0,0,0,0,0,0,0,1.0
3000000.0,en,11.637458,92.0,Released,6.0,127,2008,2,0,0,0,1,0,0,1,0,0,0,0,0,0,0,0,0,0,0,0,0,1.0
3300000.0,en,192.528841,105.0,Released,8.3,4254,2014,3,0,0,0,0,0,0,1,0,0,0,0,0,0,0,0,0,0,0,0,0,1.0
3300000.0,pt,44.356711,130.0,Released,8.1,1814,2002,3,0,0,0,0,1,0,1,0,0,0,0,0,0,0,0,0,0,0,0,0,2.0
600000.0,en,4.859873,99.0,Released,6.8,97,1999,3,0,0,0,1,0,0,1,0,0,0,0,0,0,0,0,0,0,0,0,0,1.0
3400000.0,en,6.723057,118.0,Released,6.8,47,2015,3,0,0,0,0,0,0,1,0,0,0,0,0,1,0,0,0,0,0,0,0,1.0
20000000.0,en,3.069605,85.0,Released,6.4,66,2006,1,0,0,0,0,1,0,1,0,0,0,0,0,0,1,0,0,0,1,0,0,2.0
3800000.0,da,21.826888,115.0,Released,7.9,927,2012,3,0,0,0,0,0,0,1,0,0,0,0,0,0,0,0,0,0,0,0,0,3.0
3300000.0,en,15.128316,94.0,Released,7.4,344,1983,3,0,0,0,1,0,0,0,1,0,0,0,0,0,0,0,0,0,0,0,0,4.0
3300000.0,en,1.814802,91.0,Released,6.7,37,2006,3,0,0,0,0,0,0,1,0,0,0,0,0,0,0,1,0,0,0,0,0,2.0
4300000.0,en,5.643023,98.0,Released,6.2,66,1982,3,1,0,0,0,1,0,1,0,0,0,0,1,0,0,0,0,0,1,0,0,4.0
3300000.0,en,2.964785,96.0,Released,4.1,9,2014,1,0,0,0,1,0,0,0,0,0,0,0,0,0,0,0,0,0,0,0,0,1.0
2000000.0,en,0.11615,92.0,Released,8.0,1,1999,1,0,0,0,0,0,0,1,0,0,0,0,0,0,0,1,0,0,0,0,0,1.0
20000000.0,fr,13.437038,128.0,Released,6.8,174,2008,2,0,0,0,0,0,0,1,0,0,0,0,0,0,0,0,0,0,0,0,0,1.0
3200000.0,en,26.180367,136.0,Released,7.5,863,1968,3,0,0,0,0,0,0,1,0,0,0,0,1,0,1,0,0,0,0,0,0,6.0
3200000.0,en,11.735287,123.0,Released,7.4,265,1962,3,0,0,0,0,0,0,0,0,0,0,0,0,0,0,0,0,0,0,0,1,4.0
11750000.0,en,8.308442,99.0,Released,6.9,150,2009,1,0,0,0,0,0,0,1,0,0,0,0,0,0,0,1,0,0,0,0,0,1.0
3000000.0,es,3.027892,101.0,Released,6.9,101,2004,3,0,0,0,0,1,0,1,0,0,0,0,0,0,0,0,0,0,1,0,0,1.0
3200000.0,en,11.933449,105.0,Released,6.8,347,2010,3,0,0,0,1,0,0,1,0,0,0,0,0,0,0,1,0,0,0,0,0,2.0
3200000.0,en,8.825113,95.0,Released,6.1,160,2005,1,1,0,0,1,0,0,0,0,0,0,0,1,0,0,0,0,0,0,0,0,1.0
2700000.0,en,17.332585,109.0,Released,7.0,418,1978,3,0,0,0,1,0,0,0,0,0,0,0,0,0,0,0,0,0,0,0,0,6.0
2500000.0,en,47.812466,110.0,Released,7.2,987,1964,3,1,1,0,0,0,0,0,0,0,0,0,0,0,0,0,0,0,1,0,0,6.0
2400000.0,en,11.753553,110.0,Released,5.7,112,2012,1,0,0,0,0,0,0,0,0,0,0,0,1,0,0,0,1,0,0,0,0,1.0
3180000.0,en,42.868495,130.0,Released,8.0,1076,1946,3,0,0,0,0,0,0,1,1,1,0,0,0,0,0,0,0,0,0,0,0,5.0
4000000.0,en,63.513324,93.0,Released,7.8,2655,1996,3,0,0,0,0,1,0,1,0,0,0,0,0,0,0,0,0,0,0,0,0,8.0
13000000.0,en,1.918959,115.0,Released,6.3,15,2000,3,0,0,0,1,0,0,0,0,0,0,0,0,0,0,0,0,0,0,0,0,16.0
3000000.0,en,22.789649,91.0,Released,5.7,722,2010,3,0,0,0,0,0,0,0,0,0,0,0,1,0,0,0,0,0,1,0,0,1.0
3000000.0,en,5.735912,91.0,Released,7.4,54,1998,3,0,0,0,1,0,0,0,0,0,0,0,0,0,0,1,0,0,0,0,0,5.0
4000000.0,en,11.414843,120.0,Released,7.3,453,2002,3,0,0,0,0,0,1,0,0,0,0,0,0,0,0,0,0,0,0,0,0,6.0
11500000.0,zh,6.017273,111.0,Released,6.9,49,2014,3,0,0,0,0,0,0,1,0,0,0,0,0,0,0,0,0,0,0,0,0,6.0
3000000.0,en,21.607228,87.0,Released,5.7,361,1985,3,0,0,0,0,0,0,0,0,0,0,0,1,0,0,0,0,0,0,0,0,2.0
3000000.0,en,7.961559,117.0,Released,6.9,156,1985,3,0,0,0,0,0,0,1,0,0,0,0,0,0,0,1,0,0,0,0,0,7.0
3000000.0,en,54.403033,86.0,Released,6.0,2428,2013,3,0,0,0,0,0,0,0,0,0,0,0,1,0,0,0,1,0,1,0,0,3.0
3000000.0,en,41.045084,110.0,Released,6.7,1573,2012,3,0,0,0,0,0,0,0,0,0,0,0,1,0,1,0,0,0,1,0,0,4.0
3000000.0,en,0.295226,113.0,Released,5.0,1,2002,3,0,0,0,1,0,0,0,0,0,0,0,0,0,0,0,0,0,0,0,0,2.5
3000000.0,en,16.553594,108.0,Released,7.6,165,1958,3,0,0,0,0,0,0,1,0,0,0,0,0,0,0,1,0,0,0,0,0,4.0
3000000.0,en,24.393296,95.0,Released,6.2,361,1970,3,0,1,0,0,0,0,0,0,0,0,0,0,0,1,0,1,0,0,0,0,2.0
3000000.0,en,11.241802,98.0,Released,5.3,106,1997,3,0,0,0,1,0,0,1,1,0,0,0,0,0,0,0,0,0,0,0,0,3.0
16000000.0,ja,9.18885,93.0,Released,5.9,137,2000,3,1,1,1,0,0,0,0,1,1,0,0,0,0,0,0,0,0,0,0,0,1.0
3000000.0,en,11.158167,86.0,Released,5.7,216,1986,3,0,0,0,0,0,0,0,0,0,0,0,1,0,1,0,0,0,1,0,0,1.0
3000000.0,en,23.109959,161.0,Released,7.7,542,1957,3,0,0,0,0,0,0,1,0,0,0,1,0,0,0,0,0,0,0,1,0,4.0
3000000.0,en,1.586598,100.0,Released,4.7,25,1990,3,0,0,0,1,0,0,0,1,0,0,0,0,0,0,0,1,0,0,0,0,2.0
2000000.0,en,3.832858,121.0,Released,6.7,86,1976,3,0,0,0,1,1,0,0,0,0,0,0,0,0,0,0,0,0,1,0,0,8.0
3000000.0,en,22.889294,125.0,Released,8.1,483,1960,3,0,0,0,1,0,0,1,0,0,0,0,0,0,0,1,0,0,0,0,0,4.0
3000000.0,en,10.341982,87.0,Released,4.2,193,1993,3,0,0,0,0,0,0,0,0,1,0,0,1,0,0,0,0,0,1,0,0,1.0
3000000.0,en,7.924982,128.0,Released,6.4,120,1966,3,0,0,0,0,0,0,0,0,0,0,0,0,0,1,0,0,0,1,0,0,8.0
3000000.0,en,1.697846,100.0,Released,6.4,28,2005,3,0,0,0,1,0,1,0,0,0,0,0,0,1,0,0,0,0,0,0,0,4.0
2000000.0,en,14.936661,84.0,Released,6.6,367,2015,1,0,0,0,0,0,0,0,0,0,0,0,0,0,0,1,0,0,1,0,1,1.0
3000000.0,en,0.720091,97.0,Released,7.0,11,1985,3,0,0,0,0,0,0,1,0,0,0,0,0,1,0,1,0,0,0,0,0,3.0
3000000.0,en,2.747402,84.0,Released,5.3,36,2009,3,1,0,0,1,1,0,0,0,0,0,0,0,0,0,0,0,0,0,0,0,1.0
3000000.0,en,6.734965,146.0,Released,7.3,41,1960,3,0,0,0,0,0,0,1,0,0,0,0,0,0,0,0,0,0,0,0,0,4.0
3000000.0,en,13.338539,186.0,Released,7.6,155,1961,3,0,0,0,0,0,0,1,0,0,0,1,0,0,0,0,0,0,0,0,0,2.0
14000000.0,en,0.185373,94.0,Released,4.5,4,1999,1,0,0,0,1,0,0,0,0,0,0,0,0,0,0,1,0,0,0,0,0,3.0
3000000.0,en,5.344815,133.0,Released,7.3,82,1948,3,0,0,0,0,0,0,0,0,0,0,0,0,0,0,0,0,0,0,0,1,1.0
3000000.0,en,0.982624,99.0,Released,3.7,10,2006,3,0,0,0,1,0,0,0,0,0,0,0,0,0,0,1,0,0,0,0,0,1.0
3000000.0,en,23.299907,108.0,Released,7.4,568,2013,3,0,0,0,0,0,0,1,0,0,0,0,0,0,0,1,0,0,0,0,0,11.0
3000000.0,en,4.103764,95.0,Released,3.8,46,1987,3,0,0,0,1,0,0,0,1,1,0,0,0,0,0,0,0,0,0,0,0,1.0
3000000.0,en,5.003615,97.0,Released,6.3,94,1988,3,1,0,0,0,0,0,0,0,0,0,0,1,0,0,0,1,0,1,0,0,3.0
3000000.0,en,0.019984,94.0,Released,5.0,3,2004,3,0,0,0,0,0,0,1,0,0,0,0,0,0,0,0,0,0,0,0,0,3.0
3000000.0,en,1.026243,86.0,Released,5.8,19,2002,3,0,0,0,1,0,0,1,0,0,0,0,0,0,0,0,0,0,0,0,0,2.0
25000000.0,en,2.787375,115.0,Released,6.8,34,2005,1,0,0,0,0,0,0,1,0,0,1,0,0,0,0,1,0,0,0,0,0,2.0
3800000.0,en,3.667372,97.0,Released,6.5,59,1999,3,0,0,0,1,0,0,0,0,0,0,0,0,0,0,0,0,0,0,0,0,1.0
3000000.0,en,2.144354,82.0,Released,3.1,11,2000,3,0,0,0,1,0,0,0,0,0,0,0,0,0,0,1,0,0,0,0,0,1.0
3000000.0,en,3.937939,117.0,Released,5.7,35,1996,2,0,0,0,0,0,0,1,0,0,0,1,0,0,0,1,0,0,0,0,0,5.0
3000000.0,en,5.325156,90.0,Released,6.0,57,2010,2,0,0,0,1,0,0,1,0,0,0,0,0,0,0,0,0,0,0,0,0,5.0
3000000.0,en,23.981601,100.0,Released,7.4,798,1971,2,0,0,0,0,0,0,0,1,1,0,0,0,0,0,0,0,0,0,0,0,1.0
3000000.0,en,3.107149,98.0,Released,5.2,38,1993,2,0,0,0,0,0,0,0,0,1,0,0,1,0,0,0,1,0,0,0,0,1.0
3000000.0,en,5.016607,95.0,Released,5.4,39,1997,2,0,0,0,1,1,0,0,0,0,0,0,0,0,0,0,0,0,0,0,0,1.0
3000000.0,en,13.857194,94.0,Released,7.6,234,1978,2,0,0,0,0,0,0,1,0,0,0,0,0,0,0,1,0,0,0,0,0,4.0
21000000.0,en,6.997495,104.0,Released,6.4,25,2001,2,0,0,0,0,0,0,1,0,0,0,0,0,0,0,0,0,0,0,0,0,2.0
3000000.0,en,4.337685,87.0,Released,5.9,90,1999,2,0,0,0,1,0,0,0,0,0,0,0,0,0,0,0,0,0,0,0,0,2.0
2962051.0,en,3.636634,108.0,Released,6.6,94,1996,2,0,0,0,0,0,0,1,0,0,0,1,0,0,0,0,0,0,0,0,0,2.0
12200000.0,en,15.492257,86.0,Released,7.2,345,2013,1,0,0,0,1,0,0,1,0,0,0,0,0,0,0,0,0,0,0,0,0,3.0
3000000.0,af,2.504169,94.0,Released,6.9,94,2005,3,0,0,0,0,1,0,1,0,0,0,0,0,0,0,0,0,0,0,0,0,4.0
3000000.0,en,10.757539,139.0,Released,7.4,194,1998,1,0,0,0,1,0,0,1,0,0,0,0,0,0,0,0,0,0,0,0,0,3.0
20000000.0,en,1.580027,89.0,Released,6.1,4,2003,3,0,0,0,1,0,1,0,0,0,0,0,0,0,0,0,0,0,0,0,0,2.0
2800000.0,en,15.754614,102.0,Released,5.1,366,2014,1,0,0,0,1,0,0,0,0,0,0,0,1,0,0,0,0,0,0,0,0,12.0
3000000.0,ko,56.76349,120.0,Released,8.0,1945,2003,3,1,0,0,0,0,0,1,0,0,0,0,0,0,1,0,0,0,1,0,0,3.0
3000000.0,en,3.644872,110.0,Released,6.5,37,2010,3,1,0,0,0,0,0,1,1,0,0,0,0,0,0,0,0,0,1,0,0,1.0
3000000.0,en,16.900433,86.0,Released,5.7,211,2011,1,1,0,0,1,0,0,0,0,0,0,0,0,0,0,0,0,0,1,0,0,2.0
3000000.0,es,1.569246,101.0,Released,5.2,17,2016,3,1,0,0,1,0,0,0,0,0,0,0,0,0,0,0,0,0,0,0,0,1.0
3000000.0,en,4.682881,110.0,Released,6.5,95,1996,1,0,0,0,1,0,0,1,0,0,0,0,0,0,0,0,0,0,1,0,0,1.0
1000000.0,en,1.128559,87.0,Released,5.8,12,2006,3,1,0,0,0,0,0,1,1,0,0,0,0,0,0,0,0,1,0,0,0,2.0
3000000.0,en,12.68672,123.0,Released,6.9,250,2009,1,0,0,0,0,0,0,1,0,0,0,0,0,0,0,0,0,0,0,0,0,1.0
18500000.0,en,3.750338,99.0,Released,5.6,67,2012,1,0,0,0,1,0,0,0,0,0,0,0,0,0,0,1,0,0,0,0,0,2.0
25000000.0,en,2.857848,176.0,Released,4.0,21,1998,3,0,0,0,0,0,0,0,0,0,0,0,1,0,0,0,1,0,1,0,0,2.0
3000000.0,en,20.95282,87.0,Released,5.3,444,2012,3,0,0,0,1,0,0,0,0,0,0,0,0,0,0,1,0,0,0,0,0,1.0
20000000.0,en,0.18094,120.0,Released,3.7,3,2004,2,0,0,0,0,0,0,1,1,0,0,0,0,1,0,0,0,0,0,0,0,1.0
3000000.0,en,1.75311,94.0,Released,5.2,34,2012,1,0,0,0,1,0,0,0,0,0,0,0,0,0,0,0,0,0,0,0,0,1.0
2700000.0,de,3.120747,98.0,Released,6.7,59,2004,1,0,0,0,1,0,0,1,0,0,0,0,0,0,0,0,0,0,0,0,0,2.0
63400000.0,en,0.384496,100.0,Released,6.3,2,2014,3,0,0,0,0,0,0,1,0,0,0,1,0,0,0,0,0,0,0,1,0,1.0
5000000.0,en,2.504156,96.0,Released,3.9,37,2010,1,0,0,0,0,0,0,0,0,0,0,0,1,0,0,0,0,0,1,0,0,1.0
3000000.0,en,0.431332,97.0,Released,5.8,5,1999,3,0,0,0,1,0,0,1,0,0,0,0,0,0,0,0,0,0,0,0,0,1.0
3000000.0,en,11.882563,112.0,Released,5.7,197,2011,1,0,0,0,0,0,0,0,0,0,0,0,0,0,0,0,1,0,0,0,0,2.0
3000000.0,en,9.342465,88.0,Released,6.1,15,2009,3,0,0,0,0,0,0,1,0,0,0,0,1,0,0,1,0,0,0,0,0,1.0
3000000.0,en,12.564554,83.0,Released,4.9,148,2015,2,0,0,0,0,0,0,0,0,0,0,0,1,0,0,0,0,0,1,0,0,1.0
3000000.0,en,0.68822,80.0,Released,3.0,5,2005,3,0,0,0,1,0,0,0,0,0,0,0,0,0,0,0,0,0,0,0,0,1.0
20000000.0,en,0.194848,90.0,Released,0.0,0,2010,3,0,0,0,1,0,0,0,1,0,0,0,0,0,0,0,0,0,0,0,0,1.0
11750000.0,en,2.015525,96.0,Released,5.4,32,2009,2,0,0,0,0,0,0,1,0,0,0,0,0,0,0,0,0,0,0,0,0,1.0
3000000.0,en,2.680629,85.0,Released,5.2,18,2013,3,1,0,0,0,0,0,1,0,0,0,0,0,0,0,0,0,0,1,0,0,1.0
15000000.0,en,12.036888,84.0,Released,5.3,171,2014,3,0,0,0,1,0,0,0,0,0,0,0,0,0,0,0,0,0,0,0,0,4.0
3000000.0,en,1.737032,80.0,Released,2.9,28,2013,3,0,0,0,1,0,0,0,0,0,0,0,0,0,0,0,0,0,0,0,0,2.0
3000000.0,en,9.249229,90.0,Released,5.8,136,2011,3,1,0,0,0,0,0,1,0,0,0,0,0,0,0,0,0,0,0,0,0,1.0
2500000.0,en,5.164423,92.0,Released,7.1,95,1967,2,1,0,0,0,1,0,1,0,0,0,0,0,0,0,0,0,0,1,0,0,3.0
3.0,en,0.008263,100.0,Released,0.0,0,2009,3,0,0,0,1,0,0,1,0,0,0,0,0,0,0,0,0,0,0,0,0,1.0
26360000.0,en,1.998826,88.0,Released,4.8,14,2013,1,0,0,0,0,0,0,0,0,0,0,0,0,0,0,0,0,0,1,0,0,1.5
3000000.0,en,1.968679,95.0,Released,4.6,16,2014,3,0,0,0,0,0,0,0,0,0,0,0,0,0,1,0,0,0,1,0,0,1.0
3000000.0,en,1.141463,79.0,Released,2.8,10,2015,3,0,0,0,0,0,0,0,0,0,0,0,0,0,0,0,0,0,1,0,0,1.0
14000000.0,en,0.214704,88.0,Released,6.0,1,1988,2,0,0,0,0,0,0,1,0,0,0,0,0,0,0,0,0,0,1,0,0,1.0
3200000.0,en,1.034844,95.0,Released,6.1,5,2009,3,1,0,0,0,1,0,0,0,0,0,0,0,0,0,0,0,0,1,0,0,1.0
20000000.0,en,1.975941,95.0,Released,6.3,22,2010,3,0,0,0,1,0,0,1,0,0,0,0,0,0,0,1,0,0,0,0,0,1.0
2900000.0,pt,5.928937,113.0,Released,7.6,126,1998,3,0,0,0,0,0,0,1,0,0,0,0,0,0,0,0,0,0,0,0,0,4.0
2900000.0,en,3.370225,136.0,Released,7.3,25,1961,3,0,0,0,1,0,0,1,0,0,0,0,0,0,0,0,0,0,0,0,0,5.0
3000000.0,en,5.485217,80.0,Released,4.9,54,2015,3,1,0,0,0,1,0,0,0,0,0,0,0,0,0,0,0,0,0,0,0,1.0
19500000.0,en,0.18887,105.0,Released,6.8,3,2005,3,0,0,0,1,0,0,1,0,0,0,0,0,0,0,1,0,0,0,0,0,0.0
3000000.0,en,3.077885,90.0,Released,4.1,52,2015,3,0,0,0,0,0,0,1,0,0,0,0,1,0,1,0,0,0,1,0,0,5.0
3000000.0,en,1.781462,93.0,Released,6.6,36,2010,1,0,0,0,0,0,1,0,0,0,0,0,0,0,0,0,0,0,0,0,0,2.1666666666666665
2500000.0,fr,4.952983,91.0,Released,6.6,271,2003,3,0,0,0,0,0,0,0,0,0,0,0,1,0,1,0,0,0,1,0,0,4.0
2902660.0,en,1.35088,93.0,Released,6.1,34,2011,3,0,0,0,1,0,0,1,0,0,0,0,0,0,0,1,0,0,0,0,0,1.0
3000000.0,en,0.687656,89.0,Released,4.3,12,2015,3,1,0,0,0,0,0,0,0,0,0,0,1,0,0,0,0,0,1,0,0,1.0
8000000.0,en,6.39503,116.0,Released,6.9,99,2005,3,0,0,0,0,0,0,1,0,0,0,0,0,0,0,0,0,0,0,0,0,2.0
2883848.0,en,39.30982,122.0,Released,8.0,808,1959,3,0,0,0,1,0,0,0,0,0,0,0,0,0,0,1,0,0,0,0,0,4.0
2800000.0,en,9.070842,88.0,Released,5.3,192,1988,3,0,0,0,0,0,0,0,0,0,0,0,1,0,0,0,0,0,1,0,0,1.0
2777000.0,en,67.417542,102.0,Released,7.4,1642,1939,3,0,1,0,0,0,0,0,1,1,0,0,0,0,0,0,0,0,0,0,0,3.0
2800000.0,en,36.444894,106.0,Released,7.7,854,1974,3,0,0,0,1,0,0,0,0,0,0,0,0,0,0,0,1,0,0,0,0,6.0
2000000.0,en,15.351412,95.0,Released,5.4,190,2007,3,1,0,0,0,0,0,0,0,0,0,0,1,0,0,0,1,0,0,0,0,7.0
1800000.0,en,2.436019,144.0,Released,7.6,44,2006,3,0,0,0,1,0,0,1,0,0,0,0,0,0,0,1,0,0,0,0,0,1.0
18000000.0,en,0.93392,112.0,Released,6.5,19,1997,3,0,0,0,0,0,0,1,0,0,0,0,0,0,0,0,0,0,0,0,0,2.0
2700000.0,en,11.35972,118.0,Released,7.0,59,1979,3,0,1,0,0,0,0,0,1,0,0,0,0,0,0,0,0,0,0,0,0,2.0
28000000.0,en,0.296981,141.0,Released,9.5,2,2015,3,0,0,0,1,0,0,0,0,1,0,0,0,0,0,0,0,0,0,0,0,1.0
36500000.0,en,1.776624,90.0,Released,4.9,10,2008,1,1,1,1,1,0,0,0,0,0,0,0,0,0,0,0,1,0,0,0,0,1.0
2686000.0,en,1.897263,109.0,Released,6.0,30,1963,3,0,1,0,1,0,0,0,0,0,0,0,0,0,0,1,0,0,0,0,0,4.0
13000000.0,nl,0.144031,103.0,Released,7.0,3,1996,3,0,0,0,1,0,0,1,0,0,0,0,0,0,0,0,0,0,0,0,0,1.0
2627000.0,en,0.531444,120.0,Released,6.0,8,1944,3,0,0,0,0,0,0,1,0,0,0,0,0,0,0,1,0,0,0,1,0,3.0
2600000.0,en,22.793929,93.0,Released,7.2,609,1974,3,0,0,0,1,0,0,0,0,0,0,0,0,0,0,0,0,0,0,0,1,6.0
2600000.0,en,14.013414,91.0,Released,5.9,237,1984,3,0,0,0,0,0,0,0,0,0,0,0,1,0,0,0,0,0,1,0,0,2.0
2159280.0,pl,13.265432,80.0,Released,7.1,260,2013,3,0,0,0,0,0,0,1,0,0,0,0,0,0,0,0,0,0,0,0,0,2.0
2600000.0,en,11.552247,134.0,Released,7.1,61,1987,1,0,0,0,0,0,0,1,0,0,0,0,0,0,0,1,0,0,0,0,0,7.0
2800000.0,en,1.73892,86.0,Released,5.3,22,2006,1,0,0,0,1,0,0,0,0,0,0,0,0,0,0,0,0,0,0,0,0,1.0
2600000.0,en,0.895946,105.0,Released,7.6,23,2004,2,0,0,0,0,0,1,0,0,0,0,0,0,0,0,0,0,0,0,0,0,2.0
2600000.0,es,19.02965,92.0,Released,7.0,308,2007,1,0,0,0,0,0,0,0,0,0,0,0,0,0,0,0,1,0,1,0,0,1.0
31500000.0,zh,0.406645,99.0,Released,7.4,13,2009,1,1,1,0,1,0,0,1,0,0,1,0,0,0,0,0,0,0,0,0,0,2.0
2600000.0,en,3.687574,97.0,Released,5.2,38,2007,1,0,0,0,0,0,0,0,0,0,0,0,1,0,0,0,0,0,1,0,0,1.0
2540800.0,en,36.556954,103.0,Released,7.8,727,1952,3,0,0,0,1,0,0,0,0,0,0,0,0,1,0,1,0,0,0,0,0,1.0
3000000.0,en,0.545825,97.0,Released,7.1,47,2010,2,0,0,0,0,0,1,0,0,0,0,0,0,0,0,0,0,0,0,0,0,1.0
2500000.0,en,18.661541,86.0,Released,5.4,516,2013,3,0,0,0,1,0,0,0,0,0,0,0,1,0,0,0,0,0,0,0,0,3.0
2500000.0,en,0.973582,87.0,Released,4.6,19,2012,3,0,0,0,0,0,1,0,0,0,0,0,0,0,0,0,0,0,0,0,0,1.0
26000000.0,en,14.885388,108.0,Released,6.8,225,1996,2,0,0,0,1,0,0,1,0,0,0,0,0,0,0,0,0,0,0,0,0,2.0
2500000.0,en,12.030456,98.0,Released,5.0,229,1982,3,0,0,0,0,0,0,0,0,0,0,0,1,0,1,0,1,0,0,0,0,1.0
2500000.0,en,18.30961,98.0,Released,6.3,264,1971,3,1,0,0,0,0,0,0,0,0,0,0,0,0,0,0,1,0,0,0,0,1.0
2500000.0,en,6.82919,112.0,Released,7.5,66,1963,3,1,0,0,0,0,0,1,0,0,0,0,0,0,0,0,0,0,0,0,1,2.0
12200000.0,en,9.799357,74.0,Released,7.1,95,2013,3,0,0,0,1,0,1,0,0,0,0,0,0,0,0,0,0,0,0,0,0,2.0
2500000.0,en,10.363642,104.0,Released,7.1,212,1991,3,0,0,0,0,0,0,1,0,0,0,0,0,0,0,1,0,0,0,0,0,8.0
2500000.0,en,30.583959,102.0,Released,7.1,618,2004,3,0,0,0,1,0,0,1,0,0,0,0,0,0,0,1,0,0,0,0,0,2.0
2500000.0,en,23.672571,105.0,Released,7.7,959,1995,3,0,0,0,0,0,0,1,0,0,0,0,0,0,0,1,0,0,0,0,0,11.0
3200000.0,fr,0.205034,100.0,Released,6.9,8,2003,1,0,0,0,0,0,0,0,0,0,0,0,1,0,1,0,0,0,1,0,0,1.0
2500000.0,en,5.581743,107.0,Released,6.7,22,1999,1,0,0,0,1,0,0,1,0,0,0,0,0,0,0,1,0,0,0,0,0,1.0
2500000.0,en,2.487255,91.0,Released,6.8,32,2004,1,0,0,0,1,0,0,0,0,0,0,0,0,0,0,1,0,0,0,0,0,1.0
16000000.0,en,0.262135,102.0,Released,5.2,15,2007,2,0,0,0,0,0,0,1,0,0,0,0,0,0,0,0,0,0,0,0,0,1.0
2500000.0,en,23.419061,85.0,Released,6.8,450,2012,2,0,0,0,1,1,0,1,0,0,0,0,0,0,0,0,1,0,0,0,0,2.0
2500000.0,en,7.958831,106.0,Released,7.2,77,2003,3,0,0,0,0,0,0,1,0,0,0,0,0,0,0,1,0,0,0,0,0,2.0
2500000.0,en,25.722747,95.0,Released,6.8,1048,2013,3,0,0,0,1,0,0,1,0,0,0,0,0,0,0,1,0,0,0,0,0,1.0
24000000.0,en,9.774126,101.0,Released,7.2,197,2008,3,0,0,0,1,0,1,0,0,0,0,0,0,0,0,0,0,0,0,0,0,5.0
1000000.0,en,0.197469,90.0,Released,7.0,3,2008,3,0,0,0,0,0,1,1,0,0,0,0,0,0,0,0,0,0,0,0,0,1.0
13000000.0,en,0.142255,100.0,Released,7.0,1,2006,2,0,0,0,0,0,0,1,0,0,0,0,0,0,0,0,0,0,0,0,0,1.0
2500000.0,en,0.301884,100.0,Released,7.1,7,2007,1,0,0,0,0,0,0,1,0,0,0,0,0,0,0,0,0,0,0,0,0,1.0
3000000.0,en,0.424957,80.0,Released,5.5,6,2010,2,0,0,0,0,0,1,0,0,0,0,0,0,0,0,0,0,0,0,0,0,1.0
14000000.0,en,3.393648,106.0,Released,6.1,50,2008,1,0,0,0,1,0,0,0,0,0,0,0,0,0,0,1,0,0,0,0,0,1.0
36500000.0,de,5.025938,103.0,Released,6.1,61,2000,2,0,0,0,0,0,0,0,0,0,0,0,1,0,0,0,0,0,1,0,0,3.0
2500000.0,en,4.624691,90.0,Released,6.0,40,2008,1,0,0,0,0,0,0,1,0,0,0,0,0,0,0,0,1,0,1,0,0,1.0
2500000.0,en,12.204569,96.0,Released,6.6,441,2010,1,1,0,0,1,0,0,1,0,0,0,0,0,0,0,0,0,0,0,0,0,4.0
2500000.0,en,0.630226,89.0,Released,5.0,15,2010,3,0,0,0,1,0,0,0,1,0,0,0,0,0,0,0,0,0,0,0,0,1.0
2500000.0,de,4.270489,87.0,Released,4.9,63,2015,1,0,0,0,1,0,0,0,0,0,0,0,1,0,0,0,0,0,0,0,0,1.0
35000000.0,en,3.674294,94.0,Released,4.8,40,2016,2,0,0,0,0,0,0,0,0,0,0,0,1,0,0,0,0,0,0,0,0,1.0
2400000.0,en,4.623059,120.0,Released,7.0,11,1996,3,0,0,0,0,0,0,1,0,0,0,0,0,0,0,0,0,0,0,0,0,16.0
2400000.0,en,1.946715,101.0,Released,4.8,21,2006,3,0,0,0,0,0,0,1,0,0,0,0,1,0,0,0,0,0,1,0,0,1.0
30000000.0,en,27.940093,84.0,Released,6.3,664,2006,1,0,1,0,1,0,0,0,0,0,0,0,0,0,0,0,1,0,0,0,0,4.0
2500000.0,en,1.759506,110.0,Released,4.5,19,2015,3,0,0,0,0,1,0,0,0,0,0,0,0,0,0,0,0,0,0,0,0,1.0
2380000.0,en,8.395624,101.0,Released,7.4,363,2006,3,0,0,0,0,1,0,1,0,0,0,0,0,0,0,0,0,0,0,0,0,4.0
2500000.0,en,8.248149,101.0,Released,3.1,47,2012,3,1,1,0,0,0,0,0,0,0,0,0,0,0,0,0,1,0,0,0,0,1.0
2361000.0,en,0.628051,101.0,Released,7.0,4,1944,3,0,0,0,1,0,0,0,0,0,0,0,0,1,0,0,0,0,0,0,0,3.0
2450000.0,en,0.500753,105.0,Released,4.6,5,2011,3,0,0,0,0,0,0,1,1,0,0,0,0,0,0,0,0,0,0,0,0,1.0
14000000.0,en,0.376662,97.0,Released,10.0,1,1998,1,0,0,0,1,0,0,1,1,0,0,0,0,0,0,0,0,0,0,0,0,2.0
2300000.0,en,1.606314,107.0,Released,6.9,18,1951,3,0,0,0,0,0,0,0,0,0,0,0,0,1,0,1,0,0,0,0,0,3.0
10000000.0,en,0.197264,91.0,Released,4.7,6,2011,2,0,0,0,0,0,0,1,0,0,0,0,0,0,0,0,0,0,0,0,0,2.0
16500000.0,en,5.759493,108.0,Released,5.6,88,2014,3,0,0,0,0,0,0,0,0,0,0,0,0,0,0,0,0,0,1,0,0,1.0
2000000.0,en,6.86302,90.0,Released,6.7,93,1987,2,0,1,1,1,0,0,0,1,1,0,0,0,1,0,0,0,0,0,0,0,1.0
2280000.0,en,32.875469,124.0,Released,7.2,808,1940,3,0,0,1,0,0,0,0,1,0,0,0,0,1,0,0,0,0,0,0,0,1.75
25000000.0,en,0.015295,90.0,Released,0.0,0,2014,2,0,0,0,0,0,0,1,0,0,0,0,0,0,0,0,0,0,1,0,0,1.0
4000000.0,en,14.206525,95.0,Released,5.7,254,1982,3,0,0,0,0,0,0,0,0,0,0,0,1,0,0,0,0,0,1,0,0,5.0
2200000.0,en,12.639469,92.0,Released,5.1,196,1985,3,0,0,0,0,0,0,0,0,0,0,0,1,0,0,0,0,0,1,0,0,1.0
2200000.0,en,2.371477,117.0,Released,6.2,11,2007,1,0,0,0,0,0,0,1,0,0,0,0,0,0,0,0,0,0,0,0,0,2.0
2300000.0,en,2.470443,115.0,Released,6.6,48,2015,3,0,0,0,0,0,0,1,0,1,0,0,0,0,0,0,0,0,0,0,0,3.0
25000000.0,en,1.532518,90.0,Released,5.7,5,2008,2,0,0,0,0,0,0,0,0,0,0,0,0,0,0,1,0,0,1,0,0,1.0
2160000.0,en,0.1813,119.0,Released,5.8,4,1945,3,0,0,0,0,0,0,1,0,0,0,0,0,0,0,0,0,0,0,0,0,1.0
2300000.0,en,2.713171,97.0,Released,5.6,19,2015,3,0,0,0,0,0,0,1,0,0,0,0,0,0,0,0,0,0,1,0,0,1.0
19500000.0,en,0.258413,90.0,Released,3.5,5,2005,3,0,0,0,1,0,0,0,0,0,1,0,0,0,0,1,0,0,0,0,0,1.0
21000000.0,en,2.025701,90.0,Released,5.4,12,2014,3,0,0,0,1,0,0,0,0,0,0,0,0,1,0,1,0,0,0,0,0,1.0
27500000.0,en,2.659804,85.0,Released,5.7,59,2007,3,1,0,0,1,0,0,0,0,0,0,0,1,0,0,0,0,0,0,0,0,3.0
2100000.0,en,8.38717,172.0,Released,7.6,143,1946,3,0,0,0,0,0,0,1,0,0,0,1,0,0,0,1,0,0,0,0,0,1.0
2100000.0,en,6.677093,113.0,Released,6.7,125,2001,1,0,0,0,0,1,0,1,0,0,0,0,0,0,0,0,0,0,0,0,0,2.0
22000000.0,en,2.526356,89.0,Released,7.0,51,2001,2,0,0,0,1,0,0,1,0,0,0,0,0,0,0,0,0,0,0,0,0,1.0
2100000.0,en,0.039007,126.0,Released,0.0,0,2015,1,0,0,0,0,1,0,1,0,0,0,0,0,0,0,0,0,0,0,0,0,1.0
1500000.0,es,31.691617,78.0,Released,7.1,934,2007,3,0,0,0,0,0,0,0,0,0,0,0,1,0,1,0,0,0,0,0,0,3.0
15000000.0,en,0.47909,88.0,Released,4.5,4,2010,2,0,0,0,0,0,0,1,0,0,0,0,0,0,1,0,0,0,1,0,0,2.0
28000000.0,en,0.027801,95.0,Released,0.0,0,2015,3,0,0,0,1,0,0,1,0,0,0,0,0,0,1,1,0,0,1,0,0,0.0
4000000.0,en,2.122451,77.0,Released,5.1,36,2015,3,0,0,0,0,0,0,0,0,0,0,0,1,0,0,0,1,0,1,0,0,1.0
64000000.0,de,0.803761,81.0,Released,4.1,15,2015,3,0,1,0,0,0,0,1,0,0,0,0,0,0,0,0,0,0,0,0,1,1.0
2000000.0,en,41.298723,115.0,Released,6.9,760,1963,3,1,1,0,0,0,0,0,0,0,0,0,0,0,0,0,0,0,1,0,0,4.0
2500000.0,en,1.791331,96.0,Released,5.3,39,1989,1,1,0,0,1,0,0,0,0,0,0,0,1,0,0,0,0,0,0,0,0,2.5
2000000.0,en,10.664202,89.0,Released,7.0,200,1973,3,0,0,0,1,0,0,0,0,0,0,0,0,0,0,1,1,0,0,0,0,22.0
2000000.0,en,100.876794,100.0,Released,6.6,1832,2015,3,0,0,0,0,0,0,0,0,0,0,0,1,0,0,0,0,0,1,0,0,1.0
2000000.0,en,13.223111,88.0,Released,6.6,215,1972,3,0,0,0,1,0,0,0,0,0,0,0,0,0,0,0,0,0,0,0,0,22.0
2000000.0,en,22.139842,129.0,Released,8.0,657,1962,3,0,0,0,0,1,0,1,0,0,0,0,0,0,0,0,0,0,0,0,0,1.0
2000000.0,en,37.117362,95.0,Released,7.3,957,1981,3,1,1,0,0,0,0,0,0,0,0,0,0,0,0,0,1,0,1,0,0,8.0
10000000.0,cn,15.046612,102.0,Released,7.2,242,1994,3,1,0,0,1,0,0,0,0,0,0,0,0,0,0,0,0,0,0,0,0,1.0
2000000.0,en,15.557144,118.0,Released,7.2,353,1999,3,0,0,0,0,1,0,1,0,0,0,0,0,0,0,0,0,0,0,0,0,3.0
2000000.0,en,11.66632,85.0,Released,5.2,125,2011,3,0,0,0,0,0,0,0,0,0,0,0,1,0,1,0,0,0,0,0,0,1.5
2000000.0,de,34.938177,137.0,Released,7.9,958,2006,3,0,0,0,0,0,0,1,0,0,0,0,0,0,0,0,0,0,1,0,0,2.0
1000000.0,en,5.961119,129.0,Released,6.8,77,2011,3,0,0,0,0,0,0,1,0,0,0,0,0,0,0,0,0,0,0,0,0,4.0
2000000.0,en,17.639478,134.0,Released,7.6,240,1961,3,0,0,0,0,0,0,1,0,0,0,0,0,0,0,0,0,0,0,0,0,1.0
2000000.0,en,1.867004,119.0,Released,6.5,8,1940,3,0,1,0,0,0,0,1,0,0,0,0,0,0,0,1,0,0,0,0,0,1.0
8000000.0,fr,13.944645,80.0,Released,7.3,231,2003,1,0,1,1,1,0,0,1,0,0,0,0,0,0,0,0,0,0,0,0,0,2.0
22500000.0,en,2.304552,89.0,Released,6.6,24,1998,2,0,0,0,1,0,0,1,0,0,0,0,0,0,0,0,0,0,0,0,0,1.0
2000000.0,en,7.792851,101.0,Released,7.1,120,2003,3,0,0,0,1,0,0,1,0,0,0,0,0,0,0,0,0,0,0,0,0,2.0
2700000.0,en,14.799323,80.0,Released,7.6,718,2004,3,0,0,0,0,0,0,1,0,0,0,0,0,0,0,1,0,0,0,0,0,11.0
2000000.0,es,23.281616,154.0,Released,7.6,521,2000,3,0,0,0,0,0,0,1,0,0,0,0,0,0,0,0,0,0,1,0,0,6.0
2000000.0,en,20.331593,100.0,Released,6.7,339,2003,3,0,0,0,0,1,0,1,0,0,0,0,0,0,0,0,0,0,0,0,0,6.0
2000000.0,en,5.381536,118.0,Released,6.8,47,1947,3,0,0,0,0,0,0,1,0,0,0,0,0,0,0,1,0,0,0,0,0,3.0
2000000.0,en,20.834883,100.0,Released,6.8,565,2010,3,0,0,0,0,0,0,1,0,0,0,0,0,0,0,0,0,0,0,0,0,1.0
3750109.0,en,14.045887,106.0,Released,7.6,138,2003,3,1,1,0,0,0,1,0,0,0,0,0,0,0,0,0,0,0,0,0,0,3.0
2000000.0,en,0.483974,106.0,Released,4.8,6,1938,3,0,0,0,0,0,0,1,0,0,0,0,0,1,0,1,0,0,0,0,0,1.0
19500000.0,en,9.719094,90.0,Released,7.0,107,2005,3,0,0,0,1,0,0,1,0,0,0,0,0,0,0,0,0,0,0,0,0,1.0
2000000.0,en,16.930914,109.0,Released,7.7,286,2010,3,0,0,0,0,0,1,0,0,0,0,0,0,0,0,0,0,0,0,0,0,3.0
6000000.0,en,28.819424,96.0,Released,6.3,658,2015,3,0,0,0,0,0,0,1,0,0,0,0,0,1,0,1,0,0,0,0,0,1.0
2000000.0,en,18.223139,116.0,Released,7.2,298,1999,3,0,0,0,0,1,0,1,0,0,0,0,0,0,0,0,0,0,0,0,0,1.0
2000000.0,en,12.999023,120.0,Released,6.3,197,2005,3,1,0,0,0,1,0,1,0,0,0,0,0,0,0,0,0,0,1,0,0,6.0
2000000.0,en,6.728882,97.0,Released,5.6,92,2015,2,0,0,0,0,1,0,1,0,0,0,0,0,0,0,0,0,0,1,0,0,2.0
2000000.0,en,1.95686,96.0,Released,4.8,26,2002,2,0,0,0,1,0,0,1,0,0,0,0,0,0,0,1,0,0,0,0,0,15.0
2000000.0,en,7.151154,98.0,Released,5.9,58,1986,3,0,0,0,0,0,0,0,0,0,0,0,1,0,0,0,0,0,0,0,0,1.0
2000000.0,en,14.846001,101.0,Released,6.3,140,2006,3,0,0,0,1,0,0,1,0,0,0,0,0,0,0,1,0,0,0,0,0,3.0
2000000.0,he,14.08251,90.0,Released,7.8,291,2008,3,0,0,1,0,0,0,1,0,0,0,0,0,0,0,0,0,0,0,1,0,1.0
2000000.0,en,0.031947,120.0,Released,5.0,2,2003,1,0,1,0,0,0,0,0,1,0,0,0,0,0,0,0,0,0,0,0,0,0.0
2000000.0,en,2.283796,102.0,Released,7.2,23,2007,1,0,0,0,0,0,1,0,0,0,0,0,0,0,0,0,0,0,0,0,0,3.0
2000000.0,en,18.224326,98.0,Released,6.8,279,2015,1,0,0,0,0,0,0,1,0,0,0,0,0,0,0,1,0,0,0,0,0,1.0
2000000.0,en,3.43159,109.0,Released,7.6,31,2007,1,0,0,0,0,0,1,0,0,0,0,0,0,0,0,0,0,0,0,0,0,1.0
15000000.0,en,4.749885,104.0,Released,6.5,77,2010,1,0,0,0,0,0,0,1,0,0,0,0,0,0,0,0,0,0,0,0,1,3.0
2000000.0,en,3.980072,92.0,Released,6.8,31,2005,1,0,0,0,0,0,1,0,0,0,0,1,0,0,0,0,0,0,0,0,0,2.0
2000000.0,en,1.096355,99.0,Released,7.1,19,2000,1,1,0,0,0,0,0,1,0,0,0,0,0,0,0,0,0,0,1,0,0,1.0
12000000.0,en,1.196943,96.0,Released,5.6,13,1997,1,0,0,0,1,0,0,1,0,0,0,0,0,0,0,0,0,0,0,0,0,2.0
2000000.0,en,3.125382,120.0,Released,4.6,19,2010,1,0,0,0,1,0,0,0,0,0,0,0,0,0,0,0,0,0,0,0,0,1.0
2000000.0,fr,5.261065,104.0,Released,6.3,86,1985,1,1,0,0,0,0,0,0,0,0,0,0,0,0,0,0,0,0,1,0,0,5.0
6000000.0,en,6.337735,97.0,Released,6.1,23,2005,1,0,0,0,1,0,0,1,0,0,0,0,0,0,0,0,0,0,0,0,0,1.0
2000000.0,en,7.359286,94.0,Released,5.2,210,2007,2,0,0,0,1,0,0,0,0,0,0,0,1,0,0,0,0,0,0,0,0,1.0
2000000.0,en,1.892183,91.0,Released,5.8,36,1998,1,1,1,0,0,0,0,0,0,0,0,0,0,0,0,0,1,0,0,0,0,1.0
24000000.0,en,0.001186,148.0,Released,0.0,0,2000,1,0,0,0,0,0,0,0,0,0,0,0,0,0,0,1,0,0,1,0,0,0.0
2000000.0,en,3.911445,90.0,Released,7.1,52,2004,1,0,0,0,1,0,0,1,0,0,0,0,0,1,0,0,0,0,0,0,0,2.0
3800000.0,en,2.559806,84.0,Released,5.9,18,2009,1,0,0,0,1,0,0,0,0,0,0,0,0,0,0,0,0,0,0,0,0,1.0
12000000.0,en,0.744406,96.0,Released,6.3,10,1997,2,0,0,0,1,0,0,1,0,0,0,0,0,0,0,1,0,0,0,0,0,4.0
13500000.0,en,5.16023,129.0,Released,5.2,32,2015,1,0,0,0,0,0,0,1,0,0,0,0,0,0,0,0,0,0,0,0,0,8.0
7000000.0,en,0.253595,93.0,Released,6.7,3,2008,1,0,0,1,0,0,0,0,1,0,1,0,0,0,0,0,0,0,0,0,0,0.0
25000000.0,en,0.046868,100.0,Released,5.0,1,2005,2,1,0,0,0,0,0,1,0,0,0,0,0,0,0,0,0,0,1,0,0,1.0
110000000.0,en,2.952932,97.0,Released,5.6,13,2013,3,0,1,0,0,0,0,0,1,0,0,0,0,0,0,0,0,0,0,0,0,1.0
3500000.0,en,5.563068,94.0,Released,5.5,143,2014,1,0,0,0,1,0,0,1,0,0,0,0,0,1,0,1,0,0,0,0,0,6.0
18000000.0,en,1.161034,95.0,Released,6.4,9,2009,3,0,0,0,1,0,0,1,0,0,0,0,0,0,1,0,0,0,1,0,0,1.0
2000000.0,en,7.502934,97.0,Released,5.9,88,1993,1,0,0,0,1,0,0,0,0,0,0,0,1,0,0,1,1,0,0,0,0,1.0
25000000.0,en,5.350423,92.0,Released,6.1,96,2005,2,1,0,0,0,0,0,1,0,0,0,0,0,0,0,1,0,0,0,0,0,1.0
2000000.0,en,4.261509,96.0,Released,6.3,41,2006,1,0,0,0,0,0,0,1,0,0,0,0,0,0,0,0,0,0,0,0,0,1.0
250000.0,en,6.752141,87.0,Released,6.0,333,2015,3,0,0,0,0,0,0,0,0,0,0,0,1,0,0,0,1,0,0,0,0,1.0
12850990.0,en,20.362373,91.0,Released,6.7,406,2008,1,0,0,0,0,0,0,0,0,0,0,0,1,0,0,0,0,0,1,0,0,2.0
26360000.0,en,5.099368,98.0,Released,5.4,40,2013,1,0,0,0,0,0,0,0,0,0,0,0,0,0,0,0,0,0,1,0,0,6.0
13750000.0,en,6.632891,86.0,Released,5.3,124,2009,3,0,0,0,1,0,0,0,0,0,0,0,1,0,0,0,0,0,0,0,0,1.0
20000000.0,en,1.717376,120.0,Released,6.8,16,2008,2,1,0,0,0,1,0,1,0,0,1,0,0,0,0,0,0,0,0,0,0,1.0
40000000.0,en,4.922397,99.0,Released,6.9,18,2004,3,0,0,0,0,1,0,1,0,0,0,0,0,0,0,0,0,0,1,0,0,1.0
1000000.0,en,13.222268,92.0,Released,6.1,381,2011,3,0,0,0,0,0,0,0,0,0,0,0,1,0,0,0,0,0,1,0,0,1.0
100000.0,en,7.447714,86.0,Released,5.5,92,2012,1,0,0,0,0,0,0,0,0,0,0,0,1,0,0,0,0,0,0,0,0,1.0
2000000.0,en,9.68793,98.0,Released,5.2,84,2010,3,0,0,0,0,1,0,1,0,0,0,0,1,0,0,0,0,0,1,0,0,1.0
2.0,en,0.050625,81.0,Released,0.0,0,2015,3,0,0,0,0,0,1,0,0,0,0,0,0,0,0,0,0,0,0,0,0,1.0
2000000.0,en,5.941852,82.0,Released,6.7,165,1971,3,0,0,0,1,0,0,0,0,0,0,0,0,0,0,0,0,0,0,0,0,22.0
500000.0,en,0.174311,103.0,Released,3.5,2,2012,1,0,0,0,0,0,0,0,0,0,0,0,0,0,0,0,0,0,1,0,0,1.0
27500000.0,en,0.361554,76.0,Released,5.8,2,2007,3,1,1,0,0,0,0,1,0,0,0,0,0,0,0,0,0,0,0,0,0,1.0
2300000.0,en,8.055084,87.0,Released,7.2,102,1947,1,0,0,0,0,1,0,1,0,0,0,0,0,0,1,0,0,0,0,0,0,1.0
2000000.0,en,4.346271,88.0,Released,4.4,27,2008,3,0,0,0,0,0,0,0,0,0,0,0,1,0,0,0,0,0,1,0,0,1.0
14000000.0,en,3.419685,97.0,Released,5.6,37,2002,3,1,1,0,0,0,0,1,0,0,0,0,0,0,0,0,0,0,0,0,0,3.0
2000000.0,en,5.100741,96.0,Released,5.7,50,2012,3,0,0,0,1,1,0,0,0,0,0,0,0,0,0,0,0,0,0,0,0,2.0
2000000.0,en,2.253589,87.0,Released,6.7,45,2013,3,0,0,0,1,0,0,0,0,0,0,0,0,0,0,0,0,0,0,0,0,1.0
12200000.0,en,0.209475,106.0,Released,6.6,8,2013,3,0,0,0,1,0,0,0,0,1,0,0,0,1,0,0,0,0,0,0,0,1.0
10000000.0,en,3.613577,107.0,Released,5.3,36,2013,3,0,0,0,1,0,0,1,0,0,0,0,0,0,0,0,0,0,0,0,0,1.0
20000000.0,de,1.296784,85.0,Released,6.3,12,1967,3,0,0,0,0,0,0,0,0,0,0,1,1,0,1,0,0,0,0,0,0,1.0
7000000.0,en,4.50829,88.0,Released,5.2,46,2013,1,0,0,0,1,0,0,1,0,0,0,0,0,0,0,0,0,0,0,0,0,3.0
16500000.0,en,8.902102,99.0,Released,6.1,24,1966,3,0,0,0,1,0,0,0,0,0,0,0,0,1,0,0,0,0,0,0,0,5.0
2000000.0,en,1.619635,102.0,Released,5.9,10,2007,1,0,0,0,0,0,1,0,0,0,0,0,0,0,0,0,0,0,0,0,0,6.0
40000000.0,en,1.002585,108.0,Released,3.9,8,2011,3,1,1,0,0,0,0,0,0,0,0,1,0,0,0,0,0,0,0,0,1,1.0
26000000.0,en,1.332804,90.0,Released,4.2,35,2015,3,0,0,0,1,0,0,0,0,0,0,0,0,0,0,0,1,0,0,0,0,1.0
2000000.0,en,2.00163,89.0,Released,4.4,24,2015,3,0,0,0,0,0,0,1,0,0,0,0,1,0,1,0,0,0,1,0,0,1.0
2000000.0,en,1.187764,92.0,Released,4.4,19,2015,3,0,0,0,0,0,0,0,0,0,0,0,0,0,0,0,0,0,1,0,0,1.0
19000000.0,en,6.463806,99.0,Released,6.7,59,1986,1,0,0,0,0,1,0,1,0,0,0,0,0,0,0,0,0,0,0,0,0,1.0
1900000.0,en,1.980265,103.0,Released,6.7,24,2003,1,0,0,0,0,0,0,1,0,1,0,0,0,0,0,0,1,0,0,0,0,5.0
1950000.0,en,3.696123,90.0,Released,5.8,49,2015,3,1,0,0,0,0,0,0,0,0,0,0,0,0,0,0,0,0,1,0,0,2.0
1987650.0,en,32.841229,94.0,Released,6.6,827,2010,3,0,0,0,0,0,0,1,0,0,0,0,0,0,1,0,0,0,1,0,0,2.0
1500000.0,en,8.518866,97.0,Released,7.4,443,2011,1,0,0,0,1,0,0,1,0,0,0,0,0,0,0,1,0,0,0,0,0,1.0
775000.0,ar,4.892203,88.0,Released,7.8,55,2013,3,0,0,0,0,0,1,1,0,0,0,1,0,0,0,0,0,0,0,0,0,1.0
13000000.0,fr,4.665026,95.0,Released,5.8,12,2006,2,0,0,0,0,0,0,1,0,0,0,0,0,0,0,0,0,0,0,0,0,1.0
12000000.0,hi,1.294967,160.0,Released,5.6,10,2013,1,0,0,0,0,0,0,1,0,0,0,0,0,1,0,0,0,0,0,0,0,1.0
25000000.0,en,14.331992,94.0,Released,7.5,275,2008,1,0,0,0,0,1,1,0,0,0,0,1,0,0,0,0,0,0,1,0,0,2.0
12750000.0,en,3.068463,82.0,Released,5.8,27,2015,3,0,0,0,0,0,0,1,0,0,0,0,0,0,0,0,0,0,1,0,0,1.0
1900000.0,en,1.367751,89.0,Post Production,6.9,21,2015,3,0,0,0,0,0,0,1,0,0,0,0,0,0,0,0,0,0,0,0,0,1.0
1800000.0,en,14.838986,87.0,Released,5.6,328,2010,3,0,0,0,0,0,0,1,0,0,0,0,1,0,0,0,0,0,1,0,0,1.0
1500000.0,en,1.950959,98.0,Released,7.2,244,2009,3,0,0,0,0,0,0,1,0,0,0,0,0,0,0,0,0,0,0,0,0,2.0
1800000.0,en,14.884756,125.0,Released,7.6,281,1951,3,0,0,0,0,0,0,1,0,0,0,0,0,0,0,0,0,0,0,0,0,3.0
1800000.0,en,41.996783,95.0,Released,8.0,1442,1964,3,0,0,0,1,0,0,1,0,0,0,0,0,0,0,0,0,0,0,1,0,6.0
1800000.0,es,2.179428,118.0,Released,6.2,36,2002,3,0,0,0,0,0,0,1,0,0,0,0,0,0,0,1,0,0,0,0,0,1.0
1800000.0,en,12.471239,93.0,Released,6.8,403,2012,3,0,0,0,0,0,0,1,0,1,0,0,0,0,0,0,0,0,0,0,0,1.0
1700000.0,en,13.315383,93.0,Released,5.5,215,1973,3,1,0,0,0,0,0,0,0,0,0,0,0,0,0,0,1,0,0,0,0,2.0
21000000.0,en,3.363321,109.0,Released,5.6,9,2001,2,0,0,0,0,0,0,1,0,0,0,0,0,1,0,0,0,0,0,0,0,1.0
2000000.0,en,1.699101,109.0,Post Production,5.3,14,2011,1,0,0,0,0,0,0,1,0,0,0,0,0,0,0,0,0,0,1,0,0,1.0
28000000.0,ta,0.320387,155.0,Released,6.7,5,2015,3,0,0,0,1,0,0,0,0,0,0,0,0,0,0,1,0,0,0,0,0,1.0
25000000.0,en,0.692497,87.0,Released,6.4,88,2011,1,0,0,0,1,0,1,0,0,0,0,0,0,0,0,0,0,0,0,0,0,4.0
13500000.0,en,0.023436,93.0,Released,5.5,12,1993,3,0,0,0,1,0,0,0,0,0,0,0,0,0,0,0,0,0,0,0,0,1.0
94000000.0,en,0.749699,108.0,Released,6.8,9,2003,3,0,1,0,0,0,0,1,0,0,1,0,0,0,0,0,0,0,0,0,0,1.0
1800000.0,en,11.756943,114.0,Released,6.7,192,1968,3,0,0,0,0,0,0,0,0,0,0,0,0,0,0,0,0,0,0,0,1,2.0
15000000.0,en,0.225627,87.0,Released,6.9,17,1952,1,0,0,0,0,1,0,1,0,0,0,0,0,0,0,0,0,0,0,0,0,4.0
10200000.0,en,6.833164,113.0,Released,5.3,33,2007,3,0,0,0,0,0,0,0,0,0,0,0,1,0,0,0,0,0,1,0,0,1.0
5750000.0,en,0.060127,87.0,Released,0.0,0,2016,3,0,0,0,1,0,0,0,0,0,0,0,1,0,0,0,0,0,1,0,0,1.0
1800000.0,en,1.959405,86.0,Released,4.2,22,2013,3,1,0,0,0,0,0,0,0,0,0,0,0,0,0,0,1,0,0,0,0,1.0
1800000.0,en,0.21544,101.0,Released,5.0,4,2012,3,0,0,0,1,0,0,0,0,0,0,0,0,0,0,1,0,0,0,0,0,1.0
1530000.0,de,27.36562,81.0,Released,7.2,664,1998,3,1,0,0,0,0,0,1,0,0,0,0,0,0,0,0,0,0,1,0,0,6.0
500000.0,en,8.650779,93.0,Released,6.3,152,2002,1,0,0,0,0,0,0,1,0,0,0,0,1,0,0,1,0,0,1,0,0,1.0
1493619.0,en,2.492747,90.0,Released,4.9,19,2013,3,0,1,0,0,0,0,0,1,0,0,0,0,0,0,0,0,0,0,0,0,1.0
20000000.0,es,2.756435,106.0,Released,7.0,28,2008,2,0,0,0,0,0,0,1,0,0,0,0,0,0,0,0,0,0,0,0,0,3.0
1700000.0,en,18.828683,88.0,Released,6.1,236,1972,3,1,0,0,0,0,0,0,0,0,0,0,0,0,0,0,1,0,0,0,0,2.0
1700000.0,en,6.979638,130.0,Released,6.4,89,2001,3,0,0,0,0,0,0,1,0,0,0,0,0,0,0,0,0,0,1,0,0,2.0
2000000.0,en,26.281839,108.0,Released,6.3,519,2010,1,0,0,0,0,1,0,0,0,0,0,0,1,0,0,0,0,0,1,0,0,1.0
1700000.0,en,2.079125,98.0,Released,5.5,39,1999,2,0,0,0,1,1,0,0,0,0,0,0,0,0,0,0,0,0,0,0,0,1.0
20000000.0,en,3.939753,86.0,Released,6.0,59,2004,1,0,0,0,0,0,0,1,0,0,0,0,0,0,0,1,0,0,1,0,0,2.0
1000000.0,hi,14.017809,104.0,Released,7.3,221,2013,3,0,0,0,0,0,0,1,0,0,0,0,0,0,0,1,0,0,0,0,0,1.0
25000000.0,en,3.677831,100.0,Released,5.9,7,2005,2,0,0,0,0,0,0,1,0,0,0,0,0,0,0,1,0,0,0,0,0,1.0
1644736.0,en,3.426314,126.0,Released,7.2,79,1938,3,0,0,0,1,0,0,0,0,0,0,0,0,0,0,1,0,0,0,0,0,5.0
1650000.0,en,6.915201,118.0,Released,7.2,133,1953,3,0,0,0,0,0,0,1,0,0,0,0,0,0,0,1,0,0,0,1,0,5.0
1600000.0,en,8.535178,103.0,Released,7.1,61,1949,3,0,0,0,0,0,0,0,0,0,0,0,0,0,0,0,0,0,0,0,1,4.0
12000000.0,en,2.160586,102.0,Released,6.0,24,2013,3,0,0,0,0,0,0,1,0,0,0,0,0,1,0,0,0,0,0,0,0,1.0
14000000.0,en,0.796009,84.0,Released,6.3,3,1999,1,0,0,0,1,0,0,1,0,0,0,0,0,0,0,0,0,0,0,0,0,1.0
15000000.0,en,0.13456,105.0,Released,4.3,4,2010,1,0,0,0,0,1,0,1,0,0,0,0,0,0,0,0,0,0,1,0,0,1.0
16000000.0,ar,4.554574,96.0,Released,6.8,52,2007,1,0,0,0,1,0,0,1,0,0,0,0,0,0,0,1,0,0,0,0,0,1.0
16500000.0,en,3.215465,92.0,Released,4.6,55,2014,3,0,0,0,0,0,0,0,0,0,0,0,1,0,0,0,0,0,1,0,0,1.0
1500000.0,he,1.49436,114.0,Released,7.6,20,2006,1,0,0,0,0,0,0,1,0,0,0,0,0,0,0,1,0,0,0,0,0,1.0
1600000.0,en,20.810292,113.0,Released,7.5,372,1974,3,0,0,0,0,1,0,1,0,0,0,0,0,0,1,0,0,0,0,0,0,12.0
17500000.0,hi,0.122704,144.0,Released,0.0,0,2006,1,0,0,0,0,0,0,0,0,0,0,0,0,0,0,1,0,0,0,0,0,1.0
1600000.0,fr,3.654018,123.0,Released,6.7,32,1969,3,0,0,0,0,1,0,1,0,0,0,0,0,0,0,1,0,0,0,0,0,1.0
1650000.0,en,3.313339,111.0,Released,6.5,2,2003,1,0,0,0,0,0,0,1,0,0,0,0,0,0,1,0,0,0,0,0,0,1.0
10000000.0,en,5.379319,99.0,Released,4.4,111,2016,3,0,0,0,0,0,0,0,0,0,0,0,1,0,0,0,0,0,0,0,0,1.0
2000000.0,en,9.67299,108.0,Released,6.7,129,2007,3,0,0,0,1,0,0,0,0,0,0,0,0,0,0,0,0,0,0,0,0,1.0
1500000.0,en,17.49699,92.0,Released,6.6,363,1988,3,1,0,0,0,0,0,0,0,0,0,0,0,0,0,0,0,0,0,0,0,1.0
1500000.0,en,12.2624,129.0,Released,7.9,241,1939,3,0,0,0,1,0,0,1,0,0,0,0,0,0,0,0,0,0,0,0,0,5.0
1500000.0,en,13.291991,91.0,Released,6.8,279,1995,3,0,0,0,0,1,0,1,0,0,0,0,0,0,0,0,0,0,0,0,0,2.0
1500000.0,en,13.788054,81.0,Released,6.9,226,2005,3,0,0,0,1,0,0,1,0,0,0,0,0,0,0,0,0,0,0,0,0,3.0
1000000.0,en,3.990215,97.0,Released,5.9,48,2001,3,0,0,0,1,0,0,0,0,0,0,0,0,0,0,0,0,0,0,0,0,3.0
17000000.0,en,6.526588,90.0,Released,4.5,99,2016,3,1,0,0,0,0,0,1,0,0,0,0,0,0,0,0,0,0,0,0,0,4.0
1500000.0,en,11.145915,111.0,Released,7.3,160,1945,3,0,0,0,0,0,0,1,0,0,0,0,0,0,1,0,0,0,1,0,0,8.0
2000000.0,en,5.446832,103.0,Released,6.5,64,1994,3,0,0,0,0,0,0,1,0,0,0,0,0,0,1,0,0,0,0,0,0,6.0
1500000.0,en,10.009994,110.0,Released,7.1,166,1998,2,0,0,0,1,1,0,1,0,0,0,0,0,0,0,1,0,0,0,0,0,2.0
1500000.0,en,58.594852,103.0,Released,6.8,1737,2010,3,0,0,0,0,0,0,0,0,0,0,0,1,0,0,0,0,0,1,0,0,7.0
1500000.0,en,11.35344,92.0,Released,6.7,144,1984,2,0,0,0,1,1,0,0,0,0,0,0,0,0,0,0,1,0,1,0,0,1.0
1500000.0,es,8.589355,114.0,Released,7.4,153,2000,3,0,0,0,0,1,0,1,0,0,0,0,0,0,0,0,0,0,1,0,0,1.0
1000000.0,en,2.828303,101.0,Released,6.5,39,2012,3,0,0,0,0,0,1,0,0,0,0,0,0,0,0,0,0,0,0,0,0,1.0
1500000.0,en,3.618646,111.0,Released,6.5,43,2005,1,0,0,0,0,0,0,1,0,0,0,0,0,0,0,0,0,0,0,0,0,1.0
1500000.0,en,15.017068,104.0,Released,5.5,342,2013,3,0,0,0,1,0,0,0,0,0,0,0,0,0,0,1,0,0,0,0,0,1.0
1500000.0,en,5.817519,96.0,Released,6.1,111,1993,1,1,0,0,0,1,0,1,0,0,0,0,0,0,0,0,0,0,1,0,0,2.0
1500000.0,en,9.856826,98.0,Released,6.8,151,2001,1,0,0,0,0,0,0,1,0,0,0,0,0,0,0,0,0,0,0,0,0,1.0
20000000.0,en,4.262374,106.0,Released,6.5,48,2008,1,0,0,0,0,0,0,1,0,0,0,0,0,0,0,1,0,0,0,0,0,8.0
4000000.0,en,0.06124,93.0,Released,3.0,1,2015,3,1,0,0,0,0,0,0,0,0,0,0,1,0,0,0,0,0,1,0,0,1.0
1500000.0,en,11.064228,100.0,Released,6.2,251,2001,1,0,0,0,0,0,0,0,0,0,0,0,1,0,1,0,0,0,0,0,0,5.0
20000000.0,en,1.742383,80.0,Released,5.7,12,2006,3,0,0,0,1,0,0,0,0,0,0,0,0,0,0,1,0,0,0,0,0,1.0
10000000.0,en,0.414754,95.0,Released,4.5,3,2011,1,0,0,0,0,0,0,1,0,0,0,0,0,0,0,0,0,0,0,0,0,1.0
1500000.0,en,12.677016,83.0,Released,5.7,159,2006,1,0,0,0,1,0,0,0,0,0,0,0,1,0,0,0,0,0,0,0,0,1.0
1.0,en,28.27648,87.0,Released,8.1,856,1936,3,0,0,0,1,0,0,1,0,0,0,0,0,0,0,0,0,0,0,0,0,1.0
1800000.0,en,0.87066,91.0,Released,6.4,9,2002,1,0,0,0,1,0,0,1,1,0,0,0,0,0,0,0,0,0,0,0,0,1.0
1500000.0,en,7.5591,86.0,Released,5.9,107,2007,1,0,0,0,1,0,0,0,0,0,0,0,1,0,0,0,0,0,0,0,0,1.0
1500000.0,en,2.02817,99.0,Released,3.5,1,2005,3,0,0,0,1,0,0,0,0,0,0,0,0,0,0,0,0,0,0,0,0,2.0
1500000.0,en,0.859014,97.0,Released,6.6,8,2015,3,0,0,0,1,0,0,0,0,0,0,0,0,0,0,0,0,0,0,0,0,1.0
1500000.0,en,0.071377,108.0,Released,6.0,2,2005,3,0,0,0,0,0,0,1,0,0,0,0,0,0,0,1,0,0,0,0,0,2.0
1200000.0,en,0.193172,128.0,Released,6.0,2,2010,1,0,0,0,0,0,0,1,0,0,0,1,0,0,0,0,0,0,0,1,0,4.0
1500000.0,en,4.680206,93.0,Released,6.6,183,2009,1,0,0,0,0,0,0,0,0,0,0,0,1,0,1,0,1,0,0,0,0,1.0
2000000.0,en,1.20173,90.0,Released,6.8,16,2008,3,0,0,0,0,0,0,1,0,0,0,0,0,0,0,0,0,0,0,0,0,1.0
1.0,en,0.094105,90.0,Released,10.0,2,2015,3,0,0,0,1,0,0,1,0,0,0,0,0,0,0,1,0,0,0,0,0,0.0
1500000.0,en,14.504326,101.0,Released,5.1,242,2012,1,0,0,0,0,0,0,0,0,0,0,0,1,0,0,0,0,0,1,0,0,5.0
6500000.0,en,10.322858,109.0,Released,6.5,358,2014,3,0,0,0,1,0,0,0,0,0,0,0,1,0,0,0,0,0,1,0,0,1.0
400000.0,en,1.404175,98.0,Released,6.9,24,2005,3,0,0,0,0,0,1,0,0,0,0,0,0,0,0,0,0,0,0,0,0,2.0
1.0,en,0.077876,87.0,Released,6.8,6,2005,3,0,0,0,1,0,0,1,0,1,0,0,0,0,0,1,1,0,0,0,0,1.0
12000000.0,en,0.35819,98.0,Released,6.0,1,2013,3,0,0,0,1,0,0,1,0,0,0,0,0,0,0,0,0,0,0,0,0,1.0
9000000.0,en,9.159265,112.0,Released,6.4,13,2013,3,0,0,0,1,0,0,1,0,0,0,0,0,0,0,0,0,0,0,0,0,1.0
125000000.0,en,1.893697,85.0,Released,2.6,9,2014,1,0,0,0,0,0,0,0,0,0,0,0,0,0,0,0,1,0,0,0,0,1.0
16500000.0,en,0.71087,102.0,Released,7.4,7,2017,3,0,0,0,1,0,0,1,1,0,0,0,0,0,0,0,0,0,0,0,0,1.0
4000000.0,en,1.105357,102.0,Released,4.2,13,2015,3,1,0,0,0,1,0,0,0,0,0,0,0,0,0,0,0,0,1,0,0,1.0
1500000.0,de,2.815228,90.0,Released,3.3,52,2015,3,0,0,0,0,0,0,1,0,0,0,0,1,0,1,0,0,0,1,0,0,1.0
50000000.0,en,0.446858,93.0,Released,7.5,6,2016,3,1,0,0,0,0,0,0,0,0,0,0,1,0,0,0,0,0,1,0,0,1.0
1488423.0,en,80.171283,83.0,Released,6.9,1914,1937,3,0,0,1,0,0,0,0,1,1,0,0,0,0,0,0,0,0,0,0,0,3.0
1400000.0,es,0.684881,106.0,Released,6.8,10,2004,3,0,0,0,0,0,0,1,0,0,1,0,0,0,0,0,0,0,0,0,0,1.0
1455000.0,en,3.598457,113.0,Released,5.4,12,1968,3,0,0,0,0,0,0,0,0,0,0,0,0,0,0,0,0,0,0,0,1,1.0
1.0,en,1.452152,94.0,Released,5.9,18,2004,3,0,1,0,1,0,0,0,0,0,0,0,1,0,0,0,0,0,0,0,0,1.0
2000000.0,en,1.193219,101.0,Released,5.3,6,2016,3,0,0,0,0,0,0,1,0,0,0,0,0,0,0,0,0,0,0,0,0,1.0
3150000.0,en,8.039223,100.0,Released,5.2,97,2014,3,0,0,0,0,0,0,0,0,0,0,0,1,0,0,0,0,0,1,0,0,2.0
11500000.0,fr,2.486992,75.0,Released,6.2,32,2014,3,0,0,0,0,1,0,1,0,0,0,0,0,0,0,0,0,0,1,0,0,1.0
16500000.0,en,0.43049,91.0,Released,0.0,0,2014,3,0,0,0,0,0,0,0,0,0,0,0,1,0,0,0,0,0,1,0,0,1.0
1377800.0,en,9.815394,105.0,Released,6.1,203,1966,3,0,1,0,1,1,0,0,1,0,0,0,0,0,0,0,1,0,0,0,0,1.0
1350000.0,en,16.032594,105.0,Released,7.5,1648,1998,3,0,0,0,1,1,0,0,0,0,0,0,0,0,0,0,0,0,0,0,0,7.0
5250000.0,en,0.592821,104.0,Released,0.0,0,1983,1,0,0,0,0,0,0,0,0,0,0,0,0,0,0,0,0,0,0,0,1,1.0
1300000.0,da,10.240917,105.0,Released,7.7,207,1998,3,0,0,0,0,0,0,1,0,0,0,0,0,0,0,0,0,0,0,0,0,3.0
1300000.0,en,3.443916,95.0,Released,6.7,51,1996,3,0,0,0,1,0,0,1,0,0,0,0,0,0,0,0,0,0,0,0,0,2.0
1300000.0,vi,0.072066,135.0,Released,5.0,1,2006,1,0,0,0,0,0,0,1,0,0,0,0,0,0,0,0,0,0,0,0,0,1.0
22000000.0,en,0.430758,105.0,Released,6.5,6,2000,1,0,0,0,0,0,0,1,0,0,0,0,0,0,0,0,0,0,0,0,0,1.0
3500000.0,en,0.143784,79.0,Released,6.1,30,2012,1,0,0,0,1,0,0,0,0,0,0,0,1,0,0,0,0,0,0,0,0,1.0
1400000.0,ky,0.077873,135.0,Released,0.0,0,2014,3,1,0,0,0,0,0,1,0,0,0,0,0,0,0,0,0,0,0,0,0,1.0
1800000.0,en,0.319792,88.0,Released,2.8,10,1985,1,0,0,0,0,0,0,0,0,0,0,0,0,0,0,0,1,0,0,0,0,1.0
1000000.0,en,1.600797,85.0,Released,5.9,18,2003,1,1,0,0,1,0,0,0,0,0,0,0,0,0,0,0,0,0,0,0,0,1.0
19500000.0,en,0.285131,122.0,Released,2.3,4,2005,3,0,0,0,1,0,0,0,0,0,0,0,0,0,0,1,0,0,0,0,0,1.0
1300000.0,en,5.628399,82.0,Released,3.2,34,2010,3,0,0,0,1,0,0,0,0,0,0,0,0,0,0,0,0,0,0,0,0,2.0
1300000.0,en,5.065752,103.0,Released,5.0,66,2009,3,0,0,0,0,0,0,1,0,0,0,0,1,0,0,1,0,0,0,0,0,1.0
1288000.0,en,18.426825,130.0,Released,7.7,336,1940,3,0,0,0,0,0,0,1,0,0,0,0,0,0,1,0,0,0,0,0,0,8.0
1250000.0,en,16.517777,87.0,Released,6.0,315,1981,3,0,0,0,0,0,0,0,0,0,0,0,1,0,0,0,0,0,1,0,0,5.0
1250000.0,en,6.903314,101.0,Released,7.4,112,1945,3,0,0,0,0,0,0,1,0,0,0,0,0,0,0,0,0,0,0,0,0,4.0
1250000.0,en,4.45544,88.0,Released,5.3,62,1984,3,0,0,0,0,0,0,0,0,0,0,0,1,0,0,0,1,0,0,0,0,1.0
12000000.0,en,0.106949,100.0,Released,5.9,10,2013,1,0,0,0,0,0,0,1,0,0,0,0,0,0,0,0,0,0,0,0,0,1.5
15000000.0,en,0.165909,87.0,Released,5.8,2,2011,3,0,1,1,1,0,0,0,1,0,0,0,0,0,0,0,0,0,0,0,0,1.0
1250000.0,en,9.903992,92.0,Released,6.7,79,1953,3,0,0,0,0,1,0,1,0,0,0,0,0,0,0,0,0,0,1,0,0,1.0
1250000.0,en,7.70019,118.0,Released,6.8,72,1941,3,0,0,0,0,0,0,1,0,0,0,0,0,0,0,0,0,0,0,0,0,4.0
1420000.0,en,4.480579,123.0,Released,4.1,13,2014,3,0,0,0,1,0,0,0,0,0,0,0,0,0,0,1,0,0,1,0,0,16.0
1200000.0,en,10.869492,100.0,Released,6.7,185,1989,3,0,0,0,0,0,0,1,0,0,0,0,0,0,0,0,0,0,0,0,0,15.0
1200000.0,en,63.655973,103.0,Released,7.2,2184,2004,3,0,0,0,0,1,0,0,0,0,0,0,1,0,1,0,0,0,0,0,0,7.0
3000000.0,en,16.312803,100.0,Released,6.6,362,2001,3,0,0,0,1,1,0,0,0,0,0,0,0,0,1,0,0,0,0,0,0,4.0
1.0,en,0.025364,99.0,Released,0.0,0,2015,3,1,0,0,0,0,0,0,0,0,0,0,0,0,0,0,0,0,1,0,0,1.0
1300000.0,es,1.473405,87.0,Released,5.7,17,2013,3,0,0,0,1,0,0,1,0,0,0,0,0,0,0,0,0,0,0,0,0,1.0
1200000.0,hi,8.109958,114.0,Released,6.8,57,2001,3,0,0,0,1,0,0,1,0,0,0,0,0,0,0,1,0,0,0,0,0,5.0
22000000.0,en,7.142448,111.0,Released,6.8,88,2000,1,0,0,0,0,0,0,1,0,0,0,0,0,0,0,1,0,0,0,0,0,2.0
1200000.0,en,6.920873,99.0,Released,6.9,149,1955,3,0,0,0,1,0,0,0,0,0,0,0,0,0,1,0,0,0,1,0,0,8.0
1200000.0,en,4.826908,85.0,Released,6.5,101,1999,3,0,0,0,1,0,0,0,0,0,0,0,0,0,0,0,0,0,0,0,0,2.0
1200000.0,en,3.085411,114.0,Released,6.3,24,2013,3,0,0,0,0,0,0,1,0,0,0,0,0,0,0,0,0,0,0,0,0,1.0
1200000.0,en,66.925866,99.0,Released,8.0,3697,1992,3,0,0,0,0,1,0,0,0,0,0,0,0,0,0,0,0,0,1,0,0,10.0
2000000.0,en,1.280733,88.0,Released,6.4,8,1940,3,0,0,0,0,0,0,1,1,1,0,0,0,0,0,0,0,0,0,0,0,2.0
1200000.0,it,88.377076,161.0,Released,8.1,2311,1966,3,0,0,0,0,0,0,0,0,0,0,0,0,0,0,0,0,0,0,0,1,4.0
12750000.0,pt,9.683622,110.0,Released,7.8,165,2015,3,0,0,0,0,0,0,1,0,0,0,0,0,0,0,0,0,0,0,0,0,1.0
1250000.0,en,1.6116,106.0,Released,5.8,25,2012,3,0,0,0,1,0,0,1,0,0,0,0,0,0,0,0,0,0,0,0,0,1.0
20000000.0,en,0.002386,88.0,Released,0.0,0,2003,3,0,0,0,1,0,0,0,0,0,0,0,0,1,0,0,0,0,0,0,0,0.0
900000.0,en,0.097913,97.0,Released,6.8,6,2011,1,0,0,0,0,0,1,0,0,0,0,0,0,0,0,0,0,0,0,0,0,2.0
1200000.0,en,0.047781,85.0,Released,0.0,0,2007,3,0,0,0,1,0,0,0,0,0,0,0,0,0,0,0,0,0,0,0,0,1.0
1344000.0,fr,20.422246,103.0,Released,4.1,140,2011,3,0,0,0,0,0,0,1,0,0,0,0,0,0,0,1,0,0,0,0,0,1.0
12000000.0,en,0.021678,98.0,Released,0.0,0,2013,3,0,0,0,1,0,0,1,0,0,0,0,0,0,0,0,0,0,0,0,0,1.0
7000000.0,en,1.998557,88.0,Released,6.0,11,2003,1,0,1,0,1,1,0,1,0,0,0,0,0,0,0,0,0,0,0,0,0,1.0
1200000.0,en,8.148187,88.0,Released,3.9,44,2008,1,0,0,0,1,0,0,0,0,0,0,0,0,0,0,0,0,0,0,0,0,1.0
1200000.0,en,2.968235,115.0,Released,6.8,18,1936,3,1,1,0,0,0,0,1,0,0,0,0,0,0,0,0,0,0,0,1,0,3.0
24000000.0,en,1.36514,98.0,Released,4.4,12,2011,3,0,0,0,0,0,0,0,0,0,0,0,1,0,0,0,0,0,1,0,0,1.0
1200000.0,en,0.057564,84.0,Released,4.8,12,2012,3,0,0,0,0,0,0,0,0,0,0,0,1,0,1,0,0,0,1,0,0,0.0
2600000.0,en,8.001156,91.0,Released,6.1,20,1993,2,1,1,0,1,0,0,0,0,0,0,0,0,0,0,0,0,0,0,0,0,4.0
1200000.0,en,1.079125,97.0,Released,6.7,13,1970,3,1,1,0,0,0,0,0,0,0,0,0,0,0,0,0,0,0,0,0,0,1.0
4000000.0,en,1.906151,91.0,Released,4.2,26,2015,3,0,0,0,0,0,0,0,0,0,0,0,1,0,0,0,0,0,0,0,0,1.0
5000000.0,en,0.100533,100.0,Released,2.0,1,2013,3,0,0,0,0,0,0,0,0,0,0,0,1,0,0,0,0,0,0,0,0,1.0
3000000.0,en,10.230583,94.0,Released,6.2,237,2005,3,0,0,0,1,0,0,0,0,0,0,0,0,0,0,0,0,0,0,0,0,1.0
20000000.0,en,12.818441,90.0,Released,7.2,151,2004,2,0,0,0,0,1,0,1,0,0,0,0,0,0,0,0,0,0,1,0,0,4.0
1100000.0,en,1.220072,99.0,Released,6.8,15,1987,2,0,0,0,1,0,0,0,0,0,0,0,1,0,0,0,0,0,0,0,0,1.0
4500000.0,en,0.014406,105.0,Released,5.0,1,2002,3,0,0,0,0,0,1,0,0,0,0,0,0,0,0,0,0,0,0,0,0,0.0
1596010.0,en,0.552361,75.0,Released,6.9,8,2002,3,0,0,0,0,0,0,0,0,0,0,0,1,0,0,0,0,0,0,0,0,1.0
597966.0,en,0.147886,97.0,Released,6.0,9,2006,3,0,0,0,0,0,0,1,0,0,0,0,0,0,0,0,0,0,0,0,0,1.0
1100000.0,en,7.717237,110.0,Released,5.7,77,2010,3,0,0,0,0,0,0,0,0,1,0,0,1,0,0,0,1,0,0,0,0,1.0
1100000.0,id,40.285095,101.0,Released,7.3,1055,2011,3,1,0,0,0,1,0,0,0,0,0,0,0,0,0,0,0,0,1,0,0,1.0
7500000.0,en,0.249457,90.0,Released,3.1,6,2010,3,1,0,0,0,0,0,0,0,0,0,0,1,0,0,0,1,0,0,0,0,1.0
5000000.0,en,0.447166,77.0,Released,4.4,11,2013,3,0,0,0,0,0,1,0,0,0,0,0,1,0,1,0,0,0,0,0,0,1.0
878000.0,en,43.729123,102.0,Released,7.9,1422,1942,3,0,0,0,0,0,0,1,0,0,0,0,0,0,0,1,0,0,0,0,0,3.0
2000000.0,en,4.653047,84.0,Released,6.1,90,2008,3,0,0,0,0,0,0,0,0,0,0,0,1,0,0,0,0,0,1,0,0,1.0
1250000.0,hi,3.000435,156.0,Released,7.0,27,2009,3,0,0,0,1,0,0,1,0,0,0,0,0,0,0,1,0,0,0,0,0,1.0
1000000.0,en,11.095414,89.0,Released,6.3,177,1972,3,0,1,0,0,0,0,1,0,0,0,0,0,0,0,0,1,0,0,0,0,1.0
1000000.0,en,72.19808,119.0,Released,7.5,1791,1976,3,0,0,0,0,0,0,1,0,0,0,0,0,0,0,0,0,0,0,0,0,2.0
11500000.0,en,0.926084,92.0,Released,4.1,7,2014,3,0,0,0,0,0,0,1,0,0,0,0,0,0,0,0,0,0,0,0,0,1.0
1000000.0,en,2.833166,128.0,Released,6.1,39,1963,3,0,1,0,1,0,0,0,0,0,0,1,0,0,0,1,0,0,0,0,0,2.0
1000000.0,en,41.972329,82.0,Released,5.5,1047,2015,3,0,0,0,0,0,0,0,0,0,0,0,1,0,0,0,0,0,1,0,0,1.0
1300000.0,en,58.845025,114.0,Released,8.0,2535,1976,3,0,0,0,0,1,0,1,0,0,0,0,0,0,0,0,0,0,0,0,0,21.0
1000000.0,en,6.532855,91.0,Released,6.4,161,1981,3,0,0,0,0,0,0,1,0,0,0,0,1,0,0,0,0,0,0,0,0,7.0
950000.0,en,48.901542,110.0,Released,6.9,940,1962,3,1,1,0,0,0,0,0,0,0,0,0,0,0,0,0,0,0,1,0,0,4.0
1000000.0,en,20.649145,88.0,Released,4.9,483,2012,3,0,0,0,0,0,0,0,0,0,0,0,1,0,0,0,0,0,1,0,0,1.0
1000000.0,en,22.583834,94.0,Released,6.9,449,1987,3,0,0,0,0,0,0,0,0,0,0,0,1,0,0,0,0,0,0,0,0,1.0
5000000.0,en,6.96858,121.0,Released,5.7,72,2016,3,0,0,0,0,0,0,1,0,0,0,0,0,0,0,0,0,0,0,0,0,1.0
1000000.0,en,6.926926,90.0,Released,5.6,126,2005,3,0,0,0,0,0,0,0,0,0,0,0,1,0,0,0,0,0,1,0,0,3.0
1000000.0,ja,3.322721,107.0,Released,5.9,43,1999,3,1,1,0,0,0,0,0,0,0,0,0,1,0,0,0,1,0,0,0,0,1.0
3500000.0,en,26.881611,112.0,Released,6.9,890,2010,3,0,0,0,0,0,0,1,0,0,0,0,0,0,0,1,0,0,0,0,0,2.0
1000000.0,en,9.773398,103.0,Released,6.9,144,2005,3,0,0,0,0,0,0,1,0,0,0,0,0,0,0,0,0,0,0,0,0,1.0
1000000.0,en,13.152822,83.0,Released,4.6,262,2012,3,0,0,0,0,0,0,0,0,0,0,0,1,0,0,0,0,0,1,0,0,3.0
2090000.0,en,4.289003,109.0,Released,6.6,53,1970,3,0,0,0,1,0,0,1,0,0,0,0,0,0,0,0,0,0,1,0,0,1.0
1000000.0,en,1.444258,89.0,Released,5.5,21,1956,3,1,0,0,0,0,0,1,0,0,0,0,0,1,0,1,0,0,0,0,1,1.0
1000000.0,en,14.139004,100.0,Released,6.7,251,2006,3,0,0,0,0,0,1,0,0,0,0,0,0,0,0,0,0,0,0,0,0,3.0
1000000.0,en,3.851,100.0,Released,6.2,33,1949,3,1,0,0,0,0,0,1,0,0,0,1,0,0,0,0,0,0,0,1,0,1.0
1000000.0,en,2.162522,122.0,Released,7.2,44,2008,3,0,0,0,0,0,1,0,0,0,0,0,0,1,0,0,0,0,0,0,0,21.0
5000000.0,en,17.845161,100.0,Released,5.0,349,2014,2,1,1,0,0,0,0,0,0,0,0,0,1,0,0,0,0,0,1,0,0,4.0
11000000.0,en,0.42583,109.0,Released,7.5,12,2016,2,0,0,0,0,0,0,1,1,0,0,0,0,0,0,1,0,0,0,0,0,1.0
1000000.0,en,9.115486,98.0,Released,6.6,179,2012,3,0,0,0,1,0,0,1,0,0,0,0,0,0,0,1,0,0,0,0,0,1.0
1000000.0,en,15.017162,94.0,Released,7.4,217,2008,3,0,0,0,0,0,1,0,0,0,0,0,0,0,0,0,0,0,0,0,0,1.0
1000000.0,en,1.86221,107.0,Released,6.8,35,2011,3,0,0,0,0,0,0,1,0,0,0,0,0,0,0,0,0,0,0,0,0,2.0
14000000.0,en,1.334481,96.0,Released,6.0,20,1998,1,0,0,0,1,0,0,1,0,0,0,0,0,0,0,1,0,0,0,0,0,5.0
1000000.0,en,15.699363,90.0,Released,6.7,292,2014,3,0,0,0,0,0,0,1,0,0,0,0,0,0,0,0,0,0,0,0,0,1.0
1000000.0,en,17.806082,101.0,Released,6.7,277,2011,3,0,0,0,0,0,0,1,0,0,0,0,0,0,0,0,0,0,1,0,0,1.0
1000000.0,en,10.12895,83.0,Released,6.7,187,2014,3,0,0,0,1,0,0,0,0,0,0,0,0,0,0,1,0,0,0,0,0,1.0
1000000.0,en,4.805651,97.0,Released,6.7,99,2008,3,0,0,0,0,0,0,1,0,0,0,0,0,0,0,0,0,0,0,0,0,1.0
1000000.0,en,5.247956,89.0,Released,7.4,85,2013,3,0,0,0,0,0,1,0,0,0,0,0,0,1,0,0,0,0,0,0,0,1.0
1000000.0,en,4.86805,84.0,Released,5.4,24,1997,3,0,0,0,0,0,0,1,0,0,0,0,0,0,0,1,0,0,0,0,0,2.0
13000000.0,en,0.367312,86.0,Released,6.6,7,1996,3,0,0,0,1,0,0,1,0,0,0,0,0,0,0,1,0,0,0,0,0,5.0
1000000.0,en,5.323184,92.0,Released,7.2,59,2006,3,0,0,0,0,0,1,0,0,0,0,0,0,0,0,0,0,0,0,0,0,1.0
1000000.0,en,3.424158,94.0,Released,6.3,25,2000,3,0,0,0,1,0,0,1,0,0,0,0,0,0,0,1,0,0,0,0,0,1.0
1000000.0,en,9.954848,92.0,Released,6.7,191,2002,2,0,0,0,1,0,0,0,0,1,0,0,1,0,1,0,0,0,1,0,0,3.0
1.0,en,0.29245,100.0,Released,6.7,7,1998,3,0,0,0,0,0,0,1,0,0,0,0,0,0,0,0,0,0,0,0,0,1.0
1000000.0,en,0.280083,119.0,Released,7.3,4,2001,1,0,0,0,0,1,0,1,0,0,0,0,0,0,1,0,0,0,1,0,0,1.0
1000000.0,hi,0.043023,170.0,Released,6.1,7,2000,1,0,0,0,0,0,0,1,0,0,1,0,0,0,0,1,0,0,0,0,0,1.0
1000000.0,en,5.06516,94.0,Released,6.2,115,1997,1,0,0,0,1,0,0,0,0,0,0,0,0,0,0,0,0,0,0,0,0,3.0
2500000.0,en,3.65924,108.0,Released,5.9,30,2003,1,0,0,0,0,0,0,1,0,0,0,0,0,0,0,1,0,0,0,0,0,8.0
1000000.0,en,0.948316,97.0,Released,7.7,10,1997,1,0,0,0,1,0,0,0,0,0,0,0,0,0,0,0,0,0,0,0,0,0.0
1000000.0,en,0.672695,92.0,Released,6.7,13,2002,1,0,0,0,0,0,0,1,0,0,0,0,0,0,0,0,0,0,0,0,0,2.0
11500000.0,en,16.570708,100.0,Released,6.4,348,2014,1,0,0,0,0,0,0,1,0,0,0,0,0,0,0,0,0,0,0,0,0,1.0
1000000.0,he,0.51799,120.0,Released,6.8,27,2009,2,0,0,0,0,1,0,1,0,0,0,0,0,0,0,0,0,0,0,0,0,1.0
1000000.0,en,8.542921,88.0,Released,6.7,160,2006,1,0,0,0,1,0,0,1,0,1,0,0,0,0,0,1,0,0,0,0,0,1.0
1000000.0,en,37.555398,106.0,Released,7.5,1063,2014,1,0,0,0,0,0,0,1,0,0,0,0,0,0,0,0,1,0,0,0,0,2.0
1000000.0,en,5.20209,79.0,Released,5.6,17,2003,3,0,0,0,1,0,0,1,0,0,0,0,0,0,0,1,0,0,0,0,0,1.0
1000000.0,id,8.887411,115.0,Released,7.5,210,2012,1,0,0,0,0,0,1,0,0,0,0,0,0,0,0,0,0,0,0,0,0,1.0
1000000.0,en,0.748565,106.0,Released,6.6,53,2007,1,0,0,0,0,0,1,0,0,0,0,0,0,0,0,0,0,0,0,0,0,2.0
1000000.0,en,0.436148,97.0,Released,4.7,3,2006,1,0,0,0,0,0,1,0,0,0,0,0,0,0,0,0,0,0,0,0,0,1.0
20000000.0,en,0.030253,120.0,Released,2.8,3,2004,2,0,0,0,0,0,0,1,0,0,0,0,0,0,0,0,0,0,0,0,0,1.0
25000000.0,en,0.690089,90.0,Released,4.0,1,2000,1,0,0,0,1,0,0,1,0,0,0,0,0,0,0,0,0,0,0,0,0,3.0
1000000.0,en,1.883947,92.0,Released,7.2,29,2013,3,0,1,0,0,0,1,1,0,0,0,0,0,0,0,0,0,0,0,0,0,1.0
650000.0,en,1.631274,93.0,Released,6.4,55,2015,3,0,0,0,0,0,1,0,0,0,0,0,0,0,0,0,0,0,0,0,0,1.0
1000000.0,en,0.341461,114.0,Released,4.7,5,2012,3,1,0,0,0,0,0,1,0,0,0,0,0,0,0,0,0,0,0,0,0,1.0
42500000.0,en,0.887821,200.0,Released,3.4,6,2005,2,0,0,0,0,0,0,0,0,0,0,0,0,0,0,0,0,0,1,0,0,1.0
12500000.0,en,8.628485,95.0,Released,6.0,197,2009,3,0,0,0,0,0,0,0,0,0,0,0,1,0,1,0,0,0,0,0,0,2.0
500000.0,en,6.507094,93.0,Released,6.2,135,2010,1,0,0,0,1,1,0,0,0,0,0,0,0,0,0,0,0,0,1,0,0,1.0
1000000.0,en,1.190729,88.0,Released,6.3,16,1998,1,0,0,0,1,1,0,0,0,0,0,0,0,0,0,0,0,0,0,0,0,3.0
1000000.0,en,0.340019,104.0,Released,5.2,7,1999,3,0,0,0,0,1,0,1,0,0,0,0,0,0,0,1,0,0,0,0,0,1.0
14000000.0,en,0.678475,98.0,Released,6.0,3,1998,2,0,0,0,1,0,0,1,0,0,0,0,0,0,0,0,0,0,0,0,0,1.0
1000000.0,en,9.055447,82.0,Released,5.5,11,2000,1,1,0,0,1,0,0,0,0,0,0,0,0,0,0,0,0,0,0,0,0,2.0
18000000.0,en,0.108468,118.0,Released,4.4,5,2009,3,0,0,0,1,0,0,0,0,0,0,0,0,0,0,1,0,0,0,0,0,1.0
1000000.0,en,2.175696,78.0,Released,6.2,20,2006,1,0,0,0,0,1,0,1,0,0,0,0,0,0,0,1,0,0,1,0,0,1.0
1000000.0,en,1.50211,97.0,Released,5.4,25,2016,3,0,0,0,0,0,0,1,0,0,0,0,0,0,0,0,1,0,0,0,0,1.0
1000000.0,en,1.260314,81.0,Released,6.6,32,2006,1,0,0,0,0,0,0,1,0,1,0,0,0,0,0,0,1,0,0,0,0,1.0
14000000.0,en,0.547654,96.0,Released,0.0,1,1999,2,0,0,0,1,0,0,1,0,0,0,0,0,0,0,0,0,0,0,0,0,2.0
45000000.0,en,0.0206,97.0,Rumored,4.8,2,2005,2,1,0,0,1,0,0,0,0,0,0,0,0,0,0,0,1,0,0,0,0,0.0
1000000.0,en,0.429587,88.0,Released,3.3,9,2006,3,1,0,0,0,0,0,1,0,0,0,0,0,0,0,0,0,0,1,0,0,3.0
12000000.0,en,0.098351,96.0,Released,8.0,1,2002,2,0,0,0,1,0,0,1,0,0,0,0,0,0,0,0,0,0,0,0,0,1.0
1000000.0,es,3.629777,105.0,Released,6.2,32,2013,3,0,0,0,0,1,0,1,0,0,0,0,0,0,0,0,0,0,0,0,0,1.0
39500000.0,en,0.060003,144.0,Released,8.0,1,2015,1,0,0,0,1,0,0,0,1,0,0,0,0,0,0,0,0,0,0,0,0,0.0
900000.0,en,7.145832,76.0,Released,6.4,55,2006,3,0,0,0,0,0,0,1,0,0,0,0,0,0,0,1,0,0,0,0,0,1.0
1000000.0,en,3.638411,96.0,Released,4.9,23,2014,3,0,0,0,1,0,0,1,0,0,0,0,0,0,0,0,0,0,0,0,0,1.0
1000000.0,en,1.255771,99.0,Released,5.4,8,2006,3,1,0,0,0,1,0,1,0,0,0,0,0,0,0,0,0,0,1,0,0,1.0
18000000.0,en,0.783842,84.0,Released,3.5,4,2009,3,0,0,0,1,0,0,0,0,0,0,0,0,0,0,1,0,0,0,0,0,1.0
9600000.0,en,0.118324,94.0,Released,6.1,6,1965,3,0,0,0,0,0,0,1,0,0,0,0,0,0,0,0,0,0,0,0,0,6.0
20000000.0,en,0.023681,87.0,Released,5.5,3,2004,2,0,0,0,0,0,0,1,0,0,0,0,0,0,0,0,0,0,0,0,0,1.0
1000000.0,en,2.948576,93.0,Released,6.1,47,2008,3,0,0,0,0,0,0,1,0,0,0,0,0,0,0,0,0,0,0,0,0,1.0
1000000.0,en,0.243853,90.0,Released,4.5,2,2015,3,0,0,0,0,0,0,1,0,0,0,0,0,0,0,0,0,0,0,0,0,1.0
500000.0,en,1.563711,92.0,Released,4.7,31,2009,3,0,0,0,0,0,0,0,0,0,0,0,1,0,0,0,0,0,0,0,0,1.0
1000000.0,en,0.653495,85.0,Released,4.8,11,2012,3,0,0,0,0,0,0,0,0,0,0,0,1,0,0,0,0,0,1,0,0,2.0
21000000.0,es,1.233688,96.0,Released,7.6,26,2014,3,0,0,0,0,0,0,1,0,0,0,0,0,0,0,1,0,0,0,0,0,1.0
1000000.0,de,0.153625,90.0,Released,5.7,3,2011,3,0,0,0,1,0,0,1,0,0,0,0,0,0,0,1,0,0,0,0,0,1.0
18000000.0,en,0.328498,85.0,Released,5.0,4,2009,3,0,0,0,1,0,0,0,0,0,0,0,0,0,0,1,0,0,0,0,0,1.0
1000000.0,en,0.4594,84.0,Released,3.2,3,2014,3,0,0,0,0,0,0,0,0,0,0,0,0,0,0,0,0,0,0,0,1,2.0
20000000.0,en,7.207051,83.0,Released,4.9,78,2012,3,0,0,0,0,0,0,0,0,0,0,0,1,0,0,0,0,0,1,0,0,1.0
3500000.0,en,6.679954,95.0,Released,5.7,117,2012,3,0,0,0,0,0,0,0,0,0,0,0,1,0,1,0,0,0,1,0,0,1.0
13000000.0,en,1.284741,94.0,Released,5.3,3,2006,2,0,0,0,0,0,0,1,0,0,0,0,0,0,0,0,0,0,1,0,0,1.0
1000000.0,en,0.973323,90.0,Released,6.6,8,2014,3,0,0,0,0,0,0,1,0,0,0,0,0,1,0,0,1,0,0,0,0,1.0
1.0,en,1.859965,95.0,Released,4.0,42,2014,3,0,0,0,0,0,0,0,0,0,0,0,1,0,0,0,0,0,0,0,0,1.0
1000000.0,en,3.418372,93.0,Released,3.5,34,2013,3,1,0,0,1,0,0,0,0,0,0,0,0,0,0,0,1,0,1,0,0,1.0
11500000.0,en,0.65434,90.0,Released,4.1,7,2014,3,0,0,0,0,0,0,1,0,0,0,0,0,0,0,0,0,0,0,0,0,1.0
950000.0,en,0.178689,103.0,Released,6.6,28,1968,1,0,0,0,0,0,0,1,0,0,0,0,0,0,0,1,1,0,0,0,0,1.0
950000.0,en,7.310879,87.0,Released,5.7,92,2013,3,0,0,0,0,0,0,0,0,0,0,0,1,0,0,0,0,0,1,0,0,1.0
950000.0,en,8.976128,100.0,Released,5.5,155,2014,3,0,0,0,0,0,0,1,0,0,0,0,0,0,1,0,0,0,1,0,0,1.0
12000000.0,en,0.280829,90.0,Released,5.0,1,2007,3,0,0,0,1,0,0,0,0,0,0,0,0,0,0,1,0,0,0,0,0,2.0
913000.0,de,0.795698,83.0,Released,7.4,8,2014,3,0,0,0,0,0,1,0,0,0,0,0,0,0,0,0,0,0,0,0,0,1.0
910000.0,en,16.015599,108.0,Released,8.0,357,1954,3,0,0,0,0,1,0,1,0,0,0,0,0,0,0,0,0,0,0,0,0,3.0
930000.0,en,5.974156,100.0,Released,5.3,66,2011,1,0,0,0,1,0,0,0,0,0,0,0,0,0,0,0,0,0,0,0,0,1.0
852510.0,ro,9.270133,113.0,Released,7.3,156,2007,2,0,0,0,0,0,0,1,0,0,0,0,0,0,0,0,0,0,0,0,0,1.0
4000000.0,en,0.392658,97.0,Released,5.0,2,2015,3,0,0,0,0,0,0,0,0,0,0,0,1,0,0,0,0,0,0,0,0,1.0
950000.0,en,25.918007,103.0,Released,6.8,701,2005,3,0,0,0,0,0,0,1,0,0,0,0,0,0,0,0,0,0,1,0,0,3.0
900000.0,en,4.0971,96.0,Released,6.1,73,2005,1,0,0,0,0,0,0,1,0,0,0,0,0,0,0,0,0,0,1,0,0,2.0
10000000.0,fa,2.34239,107.0,Released,7.4,23,2011,2,0,0,0,0,0,0,1,0,0,0,0,0,0,0,0,0,0,0,0,0,1.0
900000.0,en,20.967146,85.0,Released,7.3,390,2013,3,0,0,0,0,0,0,1,0,0,0,0,0,0,0,0,0,0,0,0,0,2.0
18500000.0,en,10.639774,100.0,Released,5.8,160,2012,3,0,0,0,1,0,0,0,0,1,0,0,0,0,0,0,0,0,1,0,0,1.0
858000.0,en,47.651878,70.0,Released,6.8,1405,1942,3,0,0,1,0,0,0,1,1,0,0,0,0,0,0,0,0,0,0,0,0,2.0
12000000.0,en,0.957022,88.0,Released,6.5,15,2007,3,0,0,0,1,0,0,0,0,0,0,0,0,0,0,0,0,0,0,0,0,3.0
850000.0,en,5.424916,107.0,Released,6.7,56,2003,1,0,0,0,1,0,0,1,0,0,0,0,0,0,0,1,0,0,0,0,0,2.0
10000000.0,fr,0.007254,78.0,Released,0.0,0,2011,2,0,0,0,0,0,0,1,0,0,0,0,0,0,0,0,0,0,0,0,0,1.0
1000000.0,en,0.175885,90.0,Released,5.0,1,2013,3,0,0,0,0,0,0,1,0,0,0,0,0,0,0,0,0,0,0,0,0,1.0
850000.0,en,14.238376,85.0,Released,5.8,110,2012,2,0,0,0,1,0,0,0,0,0,0,0,0,0,0,0,0,0,0,0,0,1.0
18500000.0,en,9.436431,91.0,Released,6.4,163,2012,1,0,0,0,1,0,0,1,0,0,0,0,0,0,0,1,0,0,0,0,0,2.0
855000.0,en,0.339757,95.0,Released,5.2,9,2002,3,0,0,0,1,0,0,1,1,0,0,0,0,0,0,0,1,0,0,0,0,1.0
45000000.0,en,3.060685,85.0,Released,6.5,34,2006,1,0,0,0,0,1,0,1,0,0,0,0,0,0,0,0,0,0,1,0,0,2.0
50000000.0,en,5.023091,86.0,Released,5.0,62,2015,3,1,0,0,1,0,0,0,0,0,0,0,0,0,0,0,1,0,0,0,0,2.0
4000000.0,en,0.504251,90.0,Released,2.0,1,2015,3,0,0,0,0,0,0,0,0,0,0,0,0,0,1,0,0,0,1,0,0,1.0
800000.0,fa,12.049373,123.0,Released,7.7,469,2011,3,0,0,0,0,0,0,1,0,0,0,0,0,0,0,0,0,0,0,0,0,1.0
18000000.0,en,0.108135,93.0,Rumored,7.0,1,2009,3,0,0,0,1,0,0,1,0,0,0,0,0,0,0,0,0,0,1,0,0,1.0
800000.0,en,5.870319,88.0,Released,6.9,103,1995,3,0,0,0,1,0,0,1,0,0,0,0,0,0,0,0,0,0,0,0,0,3.0
800000.0,en,0.59424,114.0,Released,5.6,10,1993,2,0,0,0,0,0,0,1,0,0,0,0,0,0,0,1,0,0,0,0,0,2.0
800000.0,en,3.643662,88.0,Released,7.8,13,2002,3,0,0,0,0,0,0,1,0,0,0,0,0,0,0,1,0,0,0,0,0,3.0
379000.0,de,1.824184,109.0,Released,7.6,45,1929,3,0,0,0,0,0,0,1,0,0,0,0,0,0,0,1,0,0,1,0,0,1.0
20000000.0,en,0.006943,95.0,Released,0.0,0,2008,2,0,0,0,0,0,0,1,0,0,0,0,0,0,0,0,0,0,0,0,0,0.0
20000000.0,en,0.038706,83.0,Released,7.8,3,2004,1,0,0,0,0,0,0,1,0,0,1,0,0,0,0,0,0,0,0,0,0,1.0
800000.0,en,2.171288,101.0,Released,6.1,7,2000,1,1,0,0,0,0,0,1,0,0,0,0,0,0,1,0,0,0,1,0,0,5.0
800000.0,en,5.292536,94.0,Released,7.3,23,2003,1,0,0,0,0,0,0,1,0,0,0,0,0,0,0,0,0,0,0,0,0,1.0
22000000.0,en,0.004922,87.0,Released,0.0,0,2000,1,0,0,0,0,0,0,1,0,0,0,0,0,0,0,0,0,0,0,0,0,1.0
800000.0,en,1.186971,90.0,Released,3.7,25,2014,1,0,0,0,1,0,0,0,0,0,0,0,0,0,0,0,0,0,0,0,0,1.0
800000.0,no,11.205726,91.0,Released,6.1,311,2009,3,0,0,0,1,0,0,0,0,0,0,0,1,0,0,0,0,0,0,0,0,2.0
780000.0,en,6.003418,90.0,Released,6.6,98,2003,3,1,1,0,0,0,0,1,0,0,0,1,0,0,0,0,0,0,0,1,0,1.0
3500000.0,en,0.322553,14.0,Released,5.9,8,2012,3,0,0,0,0,0,0,0,0,0,0,0,1,0,0,0,1,0,0,0,0,1.0
777000.0,en,19.326115,110.0,Released,6.9,324,1973,3,0,0,0,1,0,0,1,0,0,0,0,0,0,0,0,0,0,0,0,0,5.0
1000000.0,en,1.517771,75.0,Released,8.0,6,2006,1,0,0,0,0,0,1,0,0,0,0,0,0,0,0,0,0,0,0,0,0,2.0
750000.0,en,1.453146,86.0,Released,6.5,35,2007,3,0,0,1,1,0,0,0,0,0,0,0,0,0,0,0,0,0,0,0,0,1.0
750000.0,en,25.186002,85.0,Released,6.8,556,2012,3,0,0,0,1,0,0,1,0,0,0,0,0,0,0,1,1,0,0,0,0,2.0
25000000.0,en,5.498834,89.0,Released,7.7,43,2011,1,0,0,0,1,0,1,0,0,0,0,0,0,0,0,0,0,0,0,0,0,4.5
500000.0,en,12.203041,95.0,Released,6.0,210,2011,1,0,0,0,0,1,0,0,0,0,0,0,1,0,0,0,0,0,1,0,0,2.0
750000.0,en,14.386807,102.0,Released,5.4,219,2011,1,0,0,0,0,0,0,0,0,0,0,0,1,0,0,0,0,0,1,0,0,2.0
750000.0,it,8.429295,107.0,Released,7.6,127,1970,1,0,0,0,0,0,0,1,0,0,0,0,0,0,0,0,0,0,0,0,0,2.0
500000.0,en,0.471264,88.0,Released,5.6,5,2002,3,0,0,0,0,0,0,1,0,0,0,0,0,0,0,0,0,0,1,0,0,4.0
10800000.0,en,3.283886,99.0,Released,4.5,52,2008,3,0,0,0,0,1,0,1,0,0,0,0,1,0,0,0,0,0,1,0,0,1.0
750000.0,en,12.284939,90.0,Released,5.7,209,2008,3,0,0,0,0,0,0,0,0,0,0,0,1,0,1,0,0,0,1,0,0,4.0
10800000.0,en,1.039149,95.0,Released,3.8,4,2008,3,0,0,0,0,0,0,0,0,0,0,0,1,0,0,0,0,0,0,0,0,1.0
730000.0,en,18.644023,85.0,Released,7.6,334,1952,3,0,0,0,0,0,0,0,0,0,0,0,0,0,0,0,0,0,0,0,1,5.0
700000.0,en,9.188431,171.0,Released,7.7,87,1994,3,0,0,0,0,0,1,0,0,0,0,0,0,0,0,0,0,0,0,0,0,2.0
400000.0,en,1.623769,86.0,Released,5.9,13,2005,3,0,0,0,0,0,1,0,0,0,0,0,0,0,0,0,0,0,0,0,0,1.0
700000.0,en,7.731064,97.0,Released,6.7,31,2001,3,0,0,0,0,0,0,1,0,0,0,0,0,0,0,0,0,0,0,0,0,2.0
20000000.0,en,2.868942,104.0,Released,6.5,31,2015,3,0,0,0,0,0,0,1,0,0,0,0,0,0,1,0,0,0,1,0,0,1.0
15000000.0,en,0.631571,84.0,Released,5.5,7,2009,3,0,0,0,0,1,0,1,0,0,0,0,0,1,0,0,0,0,0,0,0,1.0
700000.0,en,12.378031,107.0,Released,6.5,240,2006,3,0,0,0,0,0,0,1,0,0,0,0,0,0,0,0,0,0,0,0,0,2.0
700000.0,en,0.578798,107.0,Released,0.0,0,1999,1,0,0,0,0,0,0,1,0,0,0,0,0,0,0,0,0,0,0,0,0,1.0
50000000.0,en,0.003142,92.0,Released,0.0,0,1997,2,1,0,0,1,0,0,0,0,0,0,0,0,0,0,1,1,0,1,0,0,1.0
750000.0,en,1.471139,80.0,Released,5.2,16,2016,3,0,0,0,0,1,0,1,0,0,0,0,0,0,0,0,0,0,1,0,0,1.0
650.0,en,1.352222,90.0,Released,4.8,87,2013,3,0,0,0,0,0,0,0,0,1,0,0,1,0,0,0,0,0,0,0,0,1.0
50000000.0,en,0.429083,103.0,Released,6.2,5,2009,1,0,0,0,0,0,1,0,0,0,1,0,0,0,0,0,0,0,0,0,0,1.0
456550.0,en,0.045648,70.0,Released,0.0,0,2014,3,0,0,0,0,0,1,0,0,0,0,0,0,0,0,0,0,0,0,0,0,1.0
20000000.0,en,4.596157,90.0,Released,5.6,63,2012,3,0,0,0,0,0,0,0,0,0,0,0,0,0,1,0,0,0,1,0,0,1.0
625000.0,en,0.283059,68.0,Released,4.8,5,2013,3,0,0,0,0,0,0,1,0,0,0,0,0,0,0,0,0,0,0,0,0,1.0
700000.0,en,2.659006,87.0,Released,5.3,26,2015,3,0,0,0,1,0,0,1,0,0,0,0,0,0,0,0,0,0,0,0,0,1.0
609000.0,en,3.898498,101.0,Released,7.4,59,1935,3,0,0,0,1,0,0,0,0,0,0,0,0,1,0,1,0,0,0,0,0,1.0
60000.0,en,41.690578,81.0,Released,6.3,1055,1999,3,0,0,0,0,0,0,0,0,0,0,0,1,0,1,0,0,0,0,0,0,1.0
600000.0,en,3.409764,225.0,Released,7.1,66,1970,3,0,0,0,0,0,1,0,0,0,0,1,0,1,0,0,0,0,0,0,0,1.0
600000.0,en,10.861167,83.0,Released,6.4,66,1977,3,0,0,0,1,0,0,0,0,0,0,0,0,0,0,0,0,0,0,0,0,6.0
600000.0,en,0.099902,106.0,Released,5.5,2,2000,1,1,1,0,0,0,0,1,0,0,0,0,0,0,0,0,0,0,0,0,0,3.0
51500000.0,en,0.006069,103.0,Released,0.0,0,2007,2,0,0,0,0,0,0,0,0,0,0,0,0,0,1,0,0,0,1,0,0,1.0
600000.0,en,0.069277,90.0,Released,6.0,2,1998,3,0,0,0,0,0,0,1,0,0,0,0,0,0,0,0,0,0,0,0,0,1.0
17500000.0,en,0.350557,88.0,Released,3.0,1,2014,3,0,0,0,0,1,0,1,0,0,0,0,0,0,0,0,0,0,0,0,0,1.0
522360.0,fr,0.071349,105.0,Released,5.0,1,2015,3,0,0,0,0,0,1,0,0,0,0,0,0,1,0,0,0,0,0,0,0,1.0
600000.0,en,0.012942,90.0,Released,0.0,0,2014,3,0,0,0,0,0,0,1,0,0,0,0,0,0,0,0,0,0,0,0,0,0.0
11000000.0,fr,2.651304,102.0,Released,6.0,63,2016,2,0,0,0,1,0,0,1,0,0,0,0,0,0,0,0,0,0,0,0,0,1.0
16500000.0,en,1.501688,98.0,Released,4.8,4,2014,3,0,0,0,0,0,0,0,0,0,0,0,0,0,0,0,0,0,1,0,0,1.0
560000.0,en,10.730056,88.0,Released,7.3,168,1964,3,0,0,0,1,0,0,0,0,0,0,0,0,1,0,0,0,0,0,0,0,5.0
56000.0,en,0.010909,80.0,Rumored,0.0,0,2011,3,0,0,0,0,0,1,0,0,0,0,0,0,0,0,0,0,0,0,0,0,1.0
550000.0,en,0.001586,98.0,Released,4.6,4,1983,3,0,0,0,0,0,0,1,0,0,0,0,0,0,0,0,0,0,1,0,0,1.0
28000000.0,sl,0.061248,83.0,Released,6.0,1,2015,3,0,0,0,1,0,0,1,0,0,0,0,0,0,0,0,0,0,0,0,0,1.0
500000.0,en,6.093989,122.0,Released,7.0,100,2008,3,0,0,0,0,0,0,1,0,0,0,0,0,0,0,0,0,0,0,0,0,4.0
550000.0,hi,0.48088,115.0,Released,4.2,3,2013,3,0,0,0,0,0,1,1,0,0,0,0,0,0,0,0,0,0,0,0,0,2.0
7000000.0,en,2.651418,86.0,Released,6.1,35,1974,3,0,1,0,0,0,0,0,1,0,0,0,0,0,0,1,0,0,0,0,0,1.0
130000.0,en,15.611857,79.0,Released,5.4,315,2004,3,0,0,0,0,0,0,1,0,0,0,0,0,0,0,0,0,0,1,0,0,2.0
18500000.0,en,1.292948,87.0,Released,5.8,22,2012,3,0,0,0,1,0,0,0,0,0,0,0,0,0,0,0,0,0,0,0,0,1.0
500000.0,en,2.537032,97.0,Released,5.7,30,1977,3,0,0,0,0,0,0,0,0,0,0,0,1,0,0,0,1,0,0,0,0,1.0
500000.0,en,0.772668,105.0,Released,7.2,8,2005,3,0,0,0,0,0,1,0,1,0,0,0,0,0,0,0,0,0,0,0,0,1.0
500000.0,en,11.578545,88.0,Released,7.4,210,2003,3,0,0,0,1,0,0,1,0,0,0,0,0,0,0,0,0,0,0,0,0,2.0
500000.0,en,0.05021,120.0,Released,6.2,21,2009,3,0,0,0,0,0,0,1,0,0,0,0,0,0,0,0,0,0,0,0,0,1.0
1000000.0,en,0.906096,94.0,Released,7.3,10,2006,1,0,0,0,0,0,1,0,0,0,0,0,0,0,0,0,0,0,0,0,0,1.0
2053648.0,en,2.778633,102.0,Released,7.8,17,1999,1,0,0,0,0,0,1,0,0,0,0,0,0,0,0,0,0,0,0,0,0,1.0
12000000.0,en,0.920591,102.0,Released,7.5,4,2002,2,0,0,0,1,0,0,1,1,0,0,0,0,0,0,1,0,0,0,0,0,2.0
46000.0,ps,1.447734,83.0,Released,6.3,32,2003,3,0,0,0,0,0,0,1,0,0,0,0,0,0,0,0,0,0,0,0,0,1.0
500000.0,en,0.109579,93.0,Released,7.0,2,2012,3,0,0,0,0,0,1,0,0,0,0,0,0,0,0,0,0,0,0,0,0,1.0
22000000.0,en,1.09454,86.0,Released,5.6,6,2000,1,0,0,0,0,0,0,1,0,0,0,0,0,1,0,1,0,0,0,0,0,2.0
20000000.0,en,0.082978,101.0,Released,4.8,4,2003,3,0,0,0,1,1,0,0,1,0,0,0,0,0,0,0,0,0,0,0,0,2.0
25000000.0,en,0.619136,111.0,Released,7.0,11,1999,1,0,0,0,0,0,0,1,0,0,0,0,0,0,0,1,0,0,0,0,0,5.0
500000.0,en,8.519202,90.0,Released,6.9,106,2004,2,0,0,0,0,1,0,1,0,0,0,0,0,0,0,0,0,0,0,0,0,1.0
20000000.0,en,0.36447,86.0,Released,4.8,4,1997,3,0,0,0,0,1,0,1,0,0,0,0,0,0,0,1,0,0,0,0,0,2.0
12000000.0,en,0.039077,98.0,Released,4.0,3,2002,1,0,0,0,1,0,0,0,0,0,0,0,0,0,0,1,0,0,0,0,0,1.0
500000.0,en,0.665512,95.0,Released,5.3,4,2003,1,0,0,0,0,1,0,1,0,0,0,0,0,0,0,0,0,0,1,0,0,1.0
19500000.0,en,3.433625,91.0,Released,6.4,26,2005,3,0,0,0,1,0,0,1,0,0,0,0,0,0,0,1,0,0,0,0,0,2.0
6850000.0,en,17.378455,90.0,Released,6.0,356,2013,1,0,0,0,0,0,0,1,0,0,0,0,0,0,0,1,0,0,0,0,0,2.0
500000.0,en,0.425195,88.0,Released,7.1,17,2012,3,0,0,0,0,0,1,0,0,0,0,0,0,0,0,0,0,0,0,0,0,1.0
2000000.0,ja,39.756748,207.0,Released,8.2,878,1954,1,1,0,0,0,0,0,1,0,0,0,0,0,0,0,0,0,0,0,0,0,2.0
1000000.0,en,0.388401,89.0,Released,6.9,7,2012,1,0,0,0,0,0,1,0,0,0,0,0,0,0,0,0,0,0,0,0,0,1.0
500000.0,en,1.354816,97.0,Released,4.7,13,1991,1,0,0,0,1,0,0,0,0,0,0,0,0,0,0,1,0,0,0,0,0,1.0
500000.0,en,0.459625,84.0,Released,4.9,8,2007,1,0,0,0,1,0,0,0,0,0,0,0,0,0,0,0,0,0,0,0,0,5.0
500000.0,en,9.108949,85.0,Released,5.7,251,2010,1,0,0,0,1,0,0,1,0,1,0,0,1,0,1,0,0,0,0,0,0,1.0
500000.0,en,1.65426,100.0,Released,4.2,11,2007,3,0,0,0,1,0,0,1,0,0,0,0,0,0,0,1,0,0,0,0,0,2.0
20000000.0,en,1.390909,112.0,Released,6.2,9,2002,3,0,0,0,0,0,0,1,0,0,0,0,0,0,0,0,0,0,0,0,0,1.0
500000.0,en,26.406001,94.0,Released,6.2,587,2010,3,0,0,0,0,0,0,1,0,0,0,0,0,0,0,0,1,0,1,0,0,1.0
25000000.0,en,0.218736,91.0,Released,4.0,1,2005,2,0,0,0,1,0,0,1,0,0,0,0,0,0,0,0,0,0,0,0,0,1.0
12000000.0,en,0.383442,91.0,Released,5.0,1,2007,3,0,0,0,1,0,0,0,0,0,0,0,0,0,0,0,0,0,0,0,0,1.0
500000.0,en,2.391847,87.0,Released,4.5,34,2012,3,0,0,0,1,0,0,0,0,0,0,0,1,0,0,0,0,0,0,0,0,1.0
19500000.0,zh,1.68502,98.0,Released,6.9,22,2006,3,1,0,0,1,0,0,0,0,0,0,0,0,0,0,0,0,0,0,0,0,2.0
1000000.0,en,0.607782,95.0,Released,7.0,8,2006,1,0,0,0,0,0,1,0,0,0,0,0,0,1,0,0,0,0,0,0,0,1.0
500000.0,en,0.046903,87.0,Released,5.0,2,2001,1,0,0,0,0,0,0,1,0,0,0,0,0,0,0,0,0,0,0,0,0,8.0
50000000.0,en,10.924273,104.0,Released,5.9,208,2015,1,1,0,0,0,0,0,1,0,0,0,0,0,0,0,0,0,0,1,0,0,5.0
456550.0,en,0.021419,96.0,Released,0.0,0,2014,3,0,0,0,0,0,1,0,0,0,0,0,0,0,0,0,0,0,0,0,0,1.0
4500000.0,en,14.142073,103.0,Released,7.3,371,2012,1,0,0,0,0,0,0,1,0,0,0,0,0,0,0,1,0,0,0,0,0,2.0
500000.0,en,1.600171,104.0,Released,3.5,14,2012,3,0,0,0,1,0,0,0,0,0,0,0,1,0,0,0,0,0,0,0,0,1.0
25000000.0,en,0.0,90.0,Released,0.0,0,2005,2,0,0,0,0,0,0,1,0,0,0,0,0,0,0,0,0,0,0,0,0,0.0
50000000.0,en,0.397323,110.0,Released,3.4,4,2015,3,1,0,0,0,0,0,0,0,0,0,0,0,0,1,0,0,0,1,0,0,1.0
500000.0,en,3.637857,90.0,Released,6.5,49,2011,1,0,0,0,0,0,0,0,0,0,0,0,0,0,1,0,1,0,1,0,0,1.0
500.0,en,0.080105,101.0,Released,0.0,0,2012,3,0,0,0,0,1,0,1,0,0,0,0,0,0,0,0,0,0,0,0,0,1.0
20000000.0,en,0.251828,94.0,Released,5.2,3,2016,2,1,0,0,0,0,0,0,0,0,0,0,0,0,0,1,0,0,0,0,0,1.0
18000000.0,en,0.674398,97.0,Released,6.0,2,2016,2,0,0,0,0,0,0,0,0,0,0,0,1,1,0,0,0,0,0,0,0,5.0
16500000.0,en,0.072359,90.0,Released,0.0,0,2014,3,0,0,0,1,0,0,0,0,0,0,0,0,0,1,0,0,0,1,0,0,1.0
124000000.0,en,0.087574,108.0,Released,5.5,1,2016,3,0,0,0,0,0,0,0,1,0,0,0,0,0,0,0,0,0,0,0,0,2.0
456550.0,en,0.069244,82.0,Released,5.0,1,2014,3,0,0,0,0,0,1,0,0,0,0,0,0,0,0,0,0,0,0,0,0,1.0
500000.0,en,0.073079,84.0,Released,2.0,1,2014,3,0,0,0,0,0,0,0,1,0,0,0,0,0,0,0,0,0,0,0,0,0.0
500000.0,en,6.672008,82.0,Released,6.3,113,1984,3,1,0,0,1,0,0,0,0,0,0,0,1,0,0,0,1,0,0,0,0,2.5
30000000.0,en,0.161517,91.0,Released,4.3,4,1991,1,0,0,0,0,0,0,1,0,0,0,0,0,0,0,0,0,0,0,0,0,2.0
40000000.0,en,7.330691,107.0,Released,7.2,53,2002,1,1,1,0,0,0,0,1,0,0,0,1,0,0,0,0,0,0,0,0,0,7.0
50000000.0,en,0.165257,114.0,Released,2.4,4,2015,3,1,0,0,0,0,0,0,0,0,0,0,0,0,0,0,0,0,0,0,0,0.0
450000.0,en,4.442355,84.0,Released,6.2,38,2006,3,0,0,0,0,0,0,1,0,0,0,0,0,0,0,1,0,0,0,0,0,1.0
500000.0,en,3.905877,103.0,Released,5.9,41,2006,1,0,0,0,1,0,0,0,0,0,0,0,1,0,0,0,0,0,0,0,0,3.0
15000000.0,en,0.136721,86.0,Released,0.0,0,2014,3,0,0,0,1,0,0,1,0,0,0,0,0,0,0,0,0,0,0,0,0,1.0
439000.0,en,1.933366,89.0,Released,6.1,37,1933,3,0,0,0,1,0,0,0,0,0,0,0,0,1,0,1,0,0,0,0,0,1.0
456550.0,en,0.052942,81.0,Released,8.0,1,2014,3,0,0,0,0,0,1,0,0,0,0,0,0,0,0,0,0,0,0,0,0,0.0
225000.0,en,1.014966,98.0,Released,7.0,38,1990,3,0,0,0,1,0,0,1,0,0,0,0,0,0,0,0,0,0,0,0,0,2.0
20000000.0,sv,4.321249,132.0,Released,6.9,42,2004,1,0,0,0,1,0,0,1,0,0,0,0,0,1,0,1,0,0,0,0,0,1.0
5000000.0,en,0.160234,90.0,Released,4.2,5,2013,3,0,0,0,0,0,0,1,0,0,0,0,1,0,0,0,0,0,0,0,0,1.0
400000.0,en,23.603514,95.0,Released,6.7,554,2004,3,0,0,0,1,0,0,0,0,0,0,0,0,0,0,0,0,0,0,0,0,3.0
420000.0,en,25.349758,90.0,Released,6.9,462,2014,1,0,0,0,0,1,0,0,0,0,0,0,0,0,0,0,0,0,1,0,0,2.0
15000.0,en,47.456823,86.0,Released,5.9,1316,2007,3,0,0,0,0,0,0,0,0,0,0,0,1,0,1,0,0,0,0,0,0,2.0
18083198.5,en,3.291609,91.0,Released,7.2,52,2001,1,0,0,0,0,0,1,0,0,0,0,0,0,0,0,0,0,0,0,0,0,2.0
400000.0,en,64.782984,91.0,Released,7.8,1708,1975,3,0,1,0,1,0,0,0,0,1,0,0,0,0,0,0,0,0,0,0,0,4.0
13000000.0,it,0.034135,90.0,Released,7.0,7,2006,2,0,0,0,0,0,0,1,0,0,0,0,0,0,0,0,0,0,0,0,0,2.0
17000000.0,en,0.033883,96.0,Released,1.0,1,2003,3,0,0,0,0,0,0,0,0,0,0,0,1,0,0,0,0,0,0,0,0,1.0
218.0,en,1.063439,91.0,Released,7.5,22,2003,3,0,0,0,0,0,1,1,0,0,0,0,0,0,0,0,0,0,0,0,0,1.0
3000000.0,en,0.084344,92.0,Released,3.8,5,2010,2,0,0,0,0,0,1,0,0,0,0,0,0,0,0,0,0,0,0,0,0,0.0
6500000.0,en,0.133619,97.0,Released,5.0,2,2014,3,0,0,0,1,0,0,0,0,0,0,0,1,0,0,0,0,0,0,0,0,1.0
400000.0,it,8.022122,87.0,Released,6.6,117,1981,1,0,0,0,0,0,0,0,0,0,0,0,1,0,0,0,0,0,0,0,0,1.0
35000000.0,da,38.100488,99.0,Released,5.8,923,2008,3,0,0,0,1,0,0,0,0,0,0,0,0,0,0,1,0,0,0,0,0,2.0
500000.0,en,1.428483,80.0,Released,5.5,22,2005,3,0,0,0,0,0,0,0,0,0,0,0,1,0,0,0,1,0,1,0,0,1.0
860000.0,en,3.703005,97.0,Released,6.6,51,1985,3,0,0,0,1,0,0,1,0,0,0,0,0,0,0,1,0,0,0,0,0,10.0
20000000.0,en,0.003352,84.0,Released,0.0,0,2002,3,0,0,0,0,0,0,1,0,0,0,0,0,0,1,0,0,0,1,0,0,0.0
20000000.0,en,0.231297,97.0,Released,5.6,4,2004,2,0,0,0,0,0,0,1,0,0,0,0,0,0,0,0,0,0,1,0,0,1.0
400000.0,sv,11.347855,91.0,Released,7.8,115,1972,3,0,0,0,0,0,0,1,0,0,0,0,0,0,0,0,0,0,0,0,0,1.0
385907.0,en,3.232447,197.0,Released,7.4,60,1916,3,0,0,0,0,0,0,1,0,0,0,0,0,0,0,0,0,0,0,0,0,1.0
375000.0,en,2.77754,86.0,Released,6.3,22,1997,3,0,0,0,0,0,1,0,0,0,0,0,0,0,0,0,0,0,0,0,0,1.0
379000.0,en,0.968865,100.0,Released,5.0,19,1929,3,0,0,0,0,0,0,1,0,0,0,0,0,1,0,1,0,0,0,0,0,1.0
350000.0,en,35.037625,85.0,Released,7.3,894,1981,3,0,0,0,0,0,0,0,0,0,0,0,1,0,0,0,0,0,0,0,0,11.0
6000000.0,en,19.331884,89.0,Released,6.0,316,2012,1,0,0,0,0,0,0,0,0,0,0,0,1,0,0,0,0,0,0,0,0,1.0
20000000.0,en,0.59458,84.0,Released,5.1,8,2015,3,0,0,0,0,0,1,0,0,0,0,1,0,0,0,0,0,0,0,0,0,1.0
300000.0,en,1.085909,88.0,Released,6.9,23,2005,3,0,0,0,0,0,1,0,0,0,0,0,0,0,0,0,0,0,0,0,0,1.0
350000.0,en,5.061107,90.0,Released,4.9,49,1987,3,1,1,0,0,0,0,1,0,0,0,0,0,0,0,0,0,0,0,0,0,1.0
1000000.0,en,0.049921,90.0,Released,6.8,6,2006,1,0,0,0,0,0,1,0,0,0,0,0,0,0,0,0,0,0,0,0,0,1.0
350000.0,en,0.249561,98.0,Released,4.7,3,2015,3,0,0,0,0,0,0,0,1,0,0,0,0,0,0,0,1,0,0,0,0,1.0
350000.0,en,59.259204,96.0,Released,8.2,2078,1957,3,0,0,0,0,0,0,1,0,0,0,0,0,0,0,0,0,0,0,0,0,6.0
95000000.0,en,1.170257,83.0,Released,7.6,9,2009,1,0,0,1,1,0,0,1,0,0,0,0,0,0,0,0,0,0,0,0,0,1.0
325000.0,en,11.871424,105.0,Released,7.7,275,1934,3,0,0,0,1,0,0,0,0,0,0,0,0,0,0,1,0,0,0,0,0,5.0
275000.0,el,28.858238,94.0,Released,6.9,332,2009,1,0,0,0,0,0,0,1,0,0,0,0,0,0,0,0,0,0,0,0,0,1.0
300000.0,en,1.314576,112.0,Released,8.0,26,2003,3,0,0,0,0,0,1,0,0,0,0,0,0,1,0,0,0,0,0,0,0,1.0
312000.0,en,1.505703,102.0,Released,6.2,11,1999,3,0,0,0,1,0,0,1,0,0,0,0,0,0,0,0,0,0,0,0,0,5.0
8.0,en,11.818333,98.0,Released,6.4,138,1995,3,0,0,0,0,0,0,0,0,1,0,0,1,0,0,0,0,0,1,0,0,1.0
13000000.0,fr,1.410387,91.0,Released,6.1,16,1996,3,0,0,0,1,0,0,0,0,0,0,0,0,0,0,0,0,0,0,0,0,2.0
300000.0,en,4.270596,81.0,Released,6.4,64,2003,3,0,0,0,1,0,0,1,0,0,0,0,0,0,0,0,0,0,0,0,0,2.0
50.0,en,0.627763,116.0,Released,0.0,0,1998,2,0,0,0,0,0,0,1,0,0,0,0,0,0,0,0,0,0,0,0,0,1.0
300000.0,en,1.673208,73.0,Released,6.3,36,2006,3,0,0,0,0,0,0,1,0,0,0,0,0,0,0,0,0,0,0,0,0,3.0
200000.0,en,0.713906,80.0,Released,6.4,64,2008,3,0,0,0,0,0,0,1,0,0,0,0,0,0,0,0,0,0,0,0,0,3.0
15000000.0,en,0.17817,88.0,Released,4.8,4,2010,2,0,0,0,0,0,0,1,0,0,0,0,0,0,0,0,0,0,0,0,0,1.0
300000.0,fr,7.791898,110.0,Released,7.6,127,1965,3,0,0,0,0,0,0,1,0,0,0,0,0,0,0,0,0,0,1,0,0,2.0
400000.0,en,0.025211,104.0,Released,7.3,2,2005,3,0,0,0,0,0,1,0,0,0,0,0,0,0,0,0,0,0,0,0,0,1.0
300000.0,en,0.055868,101.0,Released,5.5,3,2001,3,0,0,0,0,0,1,0,0,0,0,0,0,0,0,0,0,0,0,0,0,2.0
9400000.0,en,0.008453,95.0,Released,7.0,2,1964,1,0,0,0,0,0,0,1,0,0,0,0,0,0,0,0,0,0,0,0,0,1.0
300000.0,en,0.374291,94.0,Released,3.0,1,1998,1,0,0,0,0,0,0,1,0,0,0,0,0,0,0,0,0,0,0,0,0,2.0
45000000.0,en,0.045429,109.0,Released,5.3,4,2005,2,1,1,0,0,0,0,1,0,0,0,0,0,0,0,0,0,0,0,0,0,1.0
31500000.0,en,1.088501,90.0,Released,2.8,6,2009,1,1,0,0,0,0,0,0,0,0,0,0,0,0,0,0,0,0,1,0,0,1.0
12750000.0,en,0.062979,110.0,Released,7.0,1,2015,3,0,0,0,0,0,0,1,0,0,0,0,0,1,0,0,0,0,0,0,0,1.0
300000.0,en,6.473667,80.0,Released,5.9,124,1975,3,1,0,0,1,0,0,0,0,0,0,0,0,0,0,0,1,0,0,0,0,1.0
6500000.0,en,1.905197,90.0,Released,6.8,3,2014,3,0,0,0,0,0,0,1,0,0,0,0,1,0,0,0,0,0,1,0,0,1.0
9000000.0,en,0.001389,94.0,Released,0.0,0,1990,3,0,0,0,0,0,0,0,0,0,0,0,1,0,0,0,0,0,0,0,0,1.0
300000.0,en,0.006323,98.0,Released,0.0,0,2010,3,0,0,0,1,0,0,1,0,0,0,0,0,0,0,1,0,0,0,0,0,1.0
12750000.0,en,0.583446,99.0,Released,6.2,11,2015,3,0,0,0,0,0,0,1,0,0,0,0,0,0,0,1,0,0,0,0,0,1.0
400000.0,en,1.452199,96.0,Released,5.0,22,1981,3,0,0,0,0,0,0,0,0,0,0,0,1,0,0,0,0,0,0,0,0,1.0
300000.0,en,2.733725,97.0,Released,5.7,45,2011,3,0,0,0,1,0,0,0,0,0,0,0,1,0,0,0,0,0,1,0,0,1.0
270000.0,en,8.942203,90.0,Released,6.3,221,2012,2,0,0,0,0,1,0,1,0,0,0,0,0,0,0,0,0,0,1,0,0,1.0
250000.0,en,20.601483,113.0,Released,6.7,433,1997,3,0,0,0,1,0,0,1,0,0,0,0,0,0,0,1,0,0,0,0,0,12.0
250000.0,en,1.45917,91.0,Released,6.3,23,2001,3,0,0,0,1,0,0,1,0,0,0,0,0,0,0,1,0,0,0,0,0,5.0
47000000.0,en,0.005883,90.0,Released,0.0,0,2010,3,1,1,0,0,0,0,0,0,0,0,0,0,0,1,0,0,0,0,0,0,0.0
250000.0,en,3.877036,101.0,Released,6.5,27,2002,3,0,0,0,0,1,0,1,0,0,0,0,0,0,0,0,0,0,0,0,0,5.0
12000000.0,en,1.70819,94.0,Released,5.7,13,1995,3,0,0,0,1,0,0,1,0,0,0,0,0,0,0,1,0,0,0,0,0,1.0
250000.0,en,0.812855,96.0,Released,5.7,16,2000,3,0,0,0,1,0,0,1,0,0,0,0,0,0,0,0,0,0,0,0,0,5.0
250000.0,en,0.126304,100.0,Released,5.0,4,2001,3,0,0,0,1,0,0,1,0,0,0,0,0,0,0,1,0,0,0,0,0,1.0
300000.0,en,0.018087,90.0,Released,0.0,0,2014,3,1,0,0,0,1,0,1,0,0,0,0,0,0,0,0,0,0,0,0,0,0.0
250000.0,en,44.656151,90.0,Released,6.9,1069,1997,3,0,0,0,0,0,0,0,0,0,0,0,0,0,1,0,1,0,1,0,0,5.0
250000.0,it,0.619348,78.0,Released,5.8,9,1996,3,0,0,0,1,0,0,0,0,0,0,0,0,0,0,1,0,0,0,0,0,1.0
250.0,en,0.293649,72.0,Released,7.5,12,1998,1,0,0,1,1,0,0,1,0,0,0,0,0,0,0,0,0,0,0,0,0,1.0
20000000.0,en,5.742359,73.0,Released,4.9,11,2004,2,0,0,0,0,0,0,1,0,0,0,0,0,0,1,0,0,0,1,0,0,2.0
250000.0,en,21.825564,90.0,Released,6.4,381,2011,3,0,0,0,0,0,0,1,0,0,0,0,0,0,0,1,0,0,0,0,0,1.0
300000.0,en,0.055325,96.0,Released,3.0,1,2015,3,0,0,0,0,0,0,0,0,0,0,0,1,0,0,0,0,0,0,0,0,0.0
14000000.0,en,0.375423,92.0,Released,5.5,2,1999,2,0,0,0,1,0,0,0,0,0,0,0,0,0,0,0,0,0,0,0,0,1.5
25000000.0,en,0.120505,75.0,Released,7.0,3,2005,2,0,0,0,1,0,0,1,0,0,0,0,0,0,0,0,0,0,0,0,0,1.0
250000.0,en,6.978907,99.0,Released,4.1,75,2013,1,0,0,0,0,0,0,1,0,0,0,0,0,0,0,0,0,0,1,0,0,6.0
20000000.0,en,0.493223,86.0,Released,5.9,6,2004,1,0,0,0,0,0,0,1,0,0,0,0,0,0,0,0,0,0,0,0,0,1.0
250000.0,en,5.251143,92.0,Released,6.9,57,2007,1,0,0,0,0,0,0,1,0,0,0,0,0,0,0,0,0,0,1,0,0,4.0
600000.0,en,20.265518,101.0,Released,6.6,523,2009,1,0,0,0,0,0,0,0,0,0,0,0,0,0,1,0,0,0,1,0,0,1.0
250000.0,en,0.130169,90.0,Released,4.8,3,1997,3,0,0,0,0,0,0,1,0,0,0,0,0,0,0,0,1,0,0,0,0,1.0
23000000.0,en,0.46049,93.0,Released,5.5,4,2008,3,0,0,0,0,0,0,0,0,0,0,0,0,1,0,0,0,0,0,0,0,1.0
15000000.0,en,0.399491,94.0,Released,0.0,0,2010,2,0,0,0,0,0,0,1,0,0,0,0,0,0,0,0,0,0,0,0,0,1.0
250000.0,en,5.217002,106.0,Released,6.4,101,2009,3,1,0,0,0,0,0,0,0,1,0,0,0,0,0,0,0,0,0,0,0,1.0
250000.0,en,0.065103,96.0,Released,5.7,7,2010,3,0,0,0,0,0,0,1,1,0,0,0,0,0,0,0,0,0,0,0,0,1.0
3500000.0,en,1.063615,107.0,Released,5.0,12,1982,3,0,0,0,0,1,0,1,0,0,0,0,0,0,0,0,0,0,0,0,0,1.0
12200000.0,en,0.010607,100.0,Released,0.0,0,2013,3,0,0,0,1,0,0,0,0,0,0,0,0,0,0,0,0,0,0,0,0,0.0
3500000.0,en,1.084387,95.0,Released,4.2,14,2012,3,0,0,0,0,0,0,0,0,0,0,0,1,0,0,0,0,0,1,0,0,1.0
39500000.0,en,0.172299,108.0,Released,5.5,2,2015,3,0,0,0,0,0,0,1,1,0,0,0,0,0,0,0,0,0,0,0,0,2.0
456550.0,en,0.278981,90.0,Released,0.0,0,2014,3,0,0,0,0,0,1,0,0,0,0,0,0,0,0,0,0,0,0,0,0,1.0
245000.0,en,0.785744,151.0,Released,7.0,21,1925,3,0,0,0,0,0,0,1,0,0,0,0,0,0,0,1,0,0,0,1,0,3.0
20000000.0,en,0.0921,83.0,Rumored,10.0,1,2006,3,0,0,0,1,0,0,0,0,0,0,0,0,0,0,0,0,0,0,0,0,0.0
250.0,en,0.166655,118.0,Released,7.7,3,2013,3,0,0,0,1,0,0,0,0,0,0,0,0,1,0,1,0,0,0,0,0,1.0
230000.0,en,18.450613,92.0,Released,6.9,733,2008,3,1,0,0,0,1,0,1,0,0,0,0,0,0,0,0,0,0,0,0,0,4.0
73000000.0,en,0.58954,106.0,Released,0.0,0,2015,3,0,0,0,0,0,0,0,0,0,0,0,0,0,0,0,0,0,0,0,1,1.0
225000.0,en,0.126676,86.0,Released,6.9,6,2012,1,0,0,0,0,0,1,0,0,0,1,0,0,0,0,0,0,0,0,0,0,1.0
24000000.0,en,0.065155,103.0,Released,5.2,10,2000,1,0,0,0,0,0,0,1,0,0,0,0,0,0,0,1,0,0,0,0,0,1.0
100000.0,en,1.183892,69.0,Released,4.3,5,1969,3,0,0,0,1,0,0,0,0,0,0,0,0,0,0,0,0,0,0,0,0,1.0
210000.0,en,2.043661,80.0,Released,6.7,41,1953,3,0,1,0,0,0,0,0,0,0,0,0,1,0,0,0,1,0,0,0,0,1.0
400000.0,en,33.142185,93.0,Released,6.6,1213,1979,3,1,1,0,0,0,0,0,0,0,0,0,0,0,0,0,1,0,1,0,0,8.0
200000.0,en,13.971674,94.0,Released,6.8,253,1996,3,0,0,0,1,0,0,0,0,0,0,0,0,0,0,1,0,0,0,0,0,7.0
200000.0,it,38.771062,99.0,Released,7.6,883,1964,3,0,0,0,0,0,0,0,0,0,0,0,0,0,0,0,0,0,0,0,1,4.0
200000.0,en,0.622752,66.0,Released,5.1,27,1933,3,0,0,0,1,0,0,0,0,0,0,0,0,0,0,0,0,0,0,0,0,1.0
2600000.0,en,0.004998,85.0,Released,0.0,0,2004,3,0,0,0,0,0,1,0,0,0,0,0,0,0,0,0,0,0,0,0,0,0.0
200000.0,en,0.616283,101.0,Released,6.5,10,2011,3,0,0,0,0,0,0,1,0,0,0,0,0,0,0,0,0,0,0,0,0,1.0
2000000.0,en,2.836537,101.0,Released,6.6,7,2012,2,0,0,0,0,0,0,1,0,0,0,0,0,0,0,0,0,0,0,0,0,2.0
8550000.0,de,5.937602,119.0,Released,6.3,31,2010,1,0,0,0,1,0,0,1,0,0,0,0,0,0,0,1,0,0,0,0,0,6.0
200000.0,en,0.06104,103.0,Released,8.0,2,2002,3,0,0,0,0,0,0,1,0,0,0,0,0,1,0,0,0,0,0,0,0,1.0
1000000.0,en,0.062089,86.0,Released,8.0,1,2008,3,0,0,0,0,0,1,0,0,0,0,0,0,0,0,0,0,0,0,0,0,1.0
450000.0,en,1.077321,90.0,Released,4.9,14,2004,1,0,0,0,0,1,0,0,0,0,0,0,1,0,0,0,0,0,1,0,0,1.0
28000000.0,en,0.472123,92.0,Released,5.5,2,2015,3,0,0,0,1,0,0,1,0,0,0,0,0,0,0,0,0,0,0,0,0,2.0
13000000.0,en,4.009379,95.0,Released,4.6,24,2010,3,0,0,0,0,0,0,0,0,0,0,0,1,0,0,0,0,0,0,0,0,2.0
20000000.0,en,3.299345,84.0,Released,5.8,23,2008,1,0,0,0,1,0,0,1,0,0,0,0,1,0,0,0,0,0,0,0,0,4.0
6500000.0,pt,0.018716,89.0,Released,0.0,0,2014,3,0,0,0,0,0,0,0,0,0,0,0,1,0,0,0,0,0,0,0,0,1.0
2600000.0,en,0.092562,59.0,Released,7.7,3,2004,3,0,0,0,0,0,1,0,0,0,0,0,0,0,0,0,0,0,0,0,0,1.0
15000000.0,da,3.225189,126.0,Released,7.8,65,1955,2,0,0,0,0,0,0,1,0,0,0,0,0,0,0,0,0,0,0,0,0,1.0
24000000.0,en,1.948435,86.0,Released,6.1,34,2008,3,0,0,0,1,0,0,1,0,0,0,0,0,0,0,1,0,0,0,0,0,1.0
200000.0,en,31.339015,87.0,Released,7.7,687,2007,3,0,0,0,0,0,0,1,0,0,0,0,0,0,0,0,1,0,0,0,0,2.0
2000000.0,en,0.15066,106.0,Released,6.8,4,2007,1,0,0,0,0,0,1,0,0,0,0,0,0,0,0,0,0,0,0,0,0,1.0
20000000.0,en,4.980585,86.0,Released,4.6,9,2004,2,0,0,0,0,0,0,1,1,0,0,0,0,0,0,0,0,0,0,0,0,1.0
20000000.0,en,0.145014,89.0,Released,6.0,4,2008,2,0,0,0,0,0,0,1,0,0,0,0,0,0,1,0,1,0,1,0,0,1.0
522360.0,en,0.036532,105.0,Released,0.0,0,2015,3,0,0,0,1,0,0,1,0,0,0,0,0,1,0,0,0,0,0,0,0,1.0
16500000.0,en,1.045623,93.0,Released,6.5,4,2014,3,0,0,0,0,0,0,1,0,0,0,0,0,0,0,0,1,0,1,0,0,1.0
11500000.0,en,0.254659,94.0,Released,0.0,0,2014,3,0,0,0,0,0,0,1,0,0,0,0,0,0,0,0,0,0,0,0,0,1.0
180000.0,fa,7.072118,89.0,Released,7.8,112,1997,3,0,0,0,1,0,0,1,1,0,0,0,0,0,0,0,0,0,0,0,0,1.0
8000.0,en,1.041254,96.0,Released,7.4,163,2011,3,0,0,0,0,0,0,1,0,0,0,0,0,0,0,1,0,0,0,0,0,1.0
175000.0,en,6.722213,84.0,Released,6.1,25,1986,3,0,0,0,1,0,0,0,0,0,0,0,0,0,0,1,0,0,0,0,0,16.0
456550.0,en,0.015189,77.0,Released,0.0,0,2014,3,0,0,0,0,0,1,0,0,0,0,0,0,0,0,0,0,0,0,0,0,1.0
12750000.0,ro,0.327622,104.0,Released,0.0,0,2015,3,0,0,0,0,0,0,1,0,0,0,0,0,0,0,0,0,0,0,0,0,1.0
100000.0,en,25.402697,92.0,Released,6.8,527,2011,3,0,0,0,0,0,0,1,0,0,0,0,0,0,0,0,1,0,0,0,0,2.0
150000.0,en,0.132878,97.0,Released,4.6,18,1971,3,1,0,0,0,0,0,1,0,0,0,0,0,0,0,1,0,0,0,0,0,1.0
200.0,en,0.050978,109.0,Released,5.0,1,2014,3,0,0,0,0,0,0,1,0,0,0,0,0,0,0,0,0,0,0,0,0,1.0
150000.0,en,8.570328,78.0,Released,5.5,19,2002,3,0,0,0,1,0,0,1,0,0,0,0,0,0,0,1,0,0,0,0,0,5.0
160000.0,en,19.052179,85.0,Released,7.3,453,2007,3,0,0,0,0,0,0,1,0,0,0,0,0,1,0,1,0,0,0,0,0,2.0
25000000.0,en,0.619979,90.0,Released,4.9,4,1999,1,0,0,0,0,0,0,1,0,0,0,0,0,0,0,0,0,0,0,0,0,1.0
50000000.0,en,0.465404,93.0,Released,5.5,2,2009,1,0,0,0,0,0,1,0,0,0,0,0,0,0,0,0,0,0,0,0,0,1.0
20000000.0,en,2.805351,86.0,Released,5.8,49,2012,1,0,0,0,0,0,0,1,0,0,0,0,1,0,0,0,0,0,1,0,0,1.0
50000000.0,en,0.076647,98.0,Released,0.0,0,2015,3,1,0,0,0,0,0,1,0,0,0,0,0,0,0,0,0,0,0,0,0,1.0
96000.0,en,8.701183,25.0,Released,7.5,153,1965,3,0,0,1,1,0,0,0,1,0,0,0,0,0,0,0,0,1,0,0,0,1.0
350000.0,en,0.021392,72.0,Released,0.0,0,2015,3,0,0,0,0,0,1,0,0,0,0,0,0,0,0,0,0,0,0,0,0,1.0
775000.0,en,2.557258,73.0,Released,7.2,11,2013,3,0,0,0,0,0,1,0,0,0,0,0,0,0,0,0,0,0,0,0,0,1.0
456550.0,en,0.523122,80.0,Released,6.8,6,2014,3,0,0,0,0,0,1,0,0,0,0,0,0,0,0,0,0,0,0,0,0,1.0
160000.0,en,3.284903,91.0,Released,7.4,90,1989,3,0,0,0,0,0,1,0,0,0,0,1,0,0,0,0,0,0,0,0,0,6.0
11500000.0,en,0.015697,89.0,Released,0.0,0,2014,3,0,0,0,0,0,0,1,0,0,0,0,0,0,0,0,0,0,0,0,0,1.0
3000000.0,en,6.192383,85.0,Released,6.3,108,2011,1,0,0,0,0,0,0,1,0,0,0,0,0,0,1,0,1,0,0,0,0,2.0
120000.0,en,0.005256,90.0,Released,0.0,0,2005,3,0,0,0,0,0,1,0,0,0,0,0,0,0,0,0,0,0,0,1,0,0.0
125000.0,en,12.833247,90.0,Released,6.5,137,2011,3,0,0,0,1,0,0,1,0,0,0,0,0,0,0,0,0,0,0,0,0,1.0
120000.0,en,2.213889,88.0,Released,5.9,24,2007,3,0,0,0,1,0,0,0,0,0,0,0,0,0,0,0,0,0,0,0,0,1.0
120000.0,fr,1.112792,95.0,Released,7.1,20,1964,3,0,0,0,0,0,0,1,0,0,0,0,0,0,0,1,0,0,0,0,0,2.0
8500000.0,en,9.452808,120.0,Released,6.5,178,2016,3,0,0,0,0,0,0,1,0,0,0,0,0,0,0,0,0,0,0,0,0,1.0
20000000.0,en,0.002388,70.0,Released,0.0,0,2003,3,0,0,0,1,0,0,0,0,0,0,0,0,0,0,0,0,0,0,0,0,1.0
100000.0,en,4.563698,111.0,Released,6.6,64,2006,3,0,0,0,0,0,0,1,0,0,0,0,0,0,0,0,0,0,0,0,0,4.0
100000.0,en,18.045782,87.0,Released,4.9,361,2015,3,0,0,0,0,0,0,0,0,0,0,0,1,0,0,0,0,0,1,0,0,1.0
10000.0,en,20.399578,89.0,Released,7.5,485,1977,3,0,0,0,0,0,0,1,0,1,0,0,1,0,0,0,1,0,0,0,0,5.0
100000.0,en,2.353483,78.0,Released,5.7,19,1987,3,0,0,0,1,0,0,0,0,0,0,0,0,0,0,0,0,0,0,0,0,1.0
14000000.0,en,5.497682,100.0,Released,7.1,51,1998,1,0,0,0,1,0,0,1,0,0,0,0,0,0,0,0,0,0,0,0,0,5.0
34000000.0,en,0.001117,99.0,Released,4.9,8,1979,1,1,0,0,0,0,0,1,0,0,0,0,0,0,0,0,0,0,0,0,0,1.0
40000.0,en,1.680525,90.0,Released,6.5,30,2001,3,0,0,0,1,0,0,0,0,0,0,0,1,0,0,0,1,0,0,0,0,1.0
20500000.0,en,0.28397,82.0,Released,0.0,0,2014,3,0,0,0,0,0,0,0,1,0,0,0,0,0,0,0,0,0,0,0,0,1.0
200000.0,en,10.826253,85.0,Released,6.3,155,2013,3,0,0,0,1,1,0,1,0,0,0,0,0,0,0,0,0,0,0,0,0,1.0
1000000.0,en,7.676677,96.0,Released,7.4,203,2012,3,0,0,0,0,0,1,0,0,0,0,0,0,0,0,0,0,0,0,0,0,1.0
51500000.0,en,8.302951,88.0,Released,5.2,40,2007,2,0,0,0,0,0,0,0,0,0,0,0,0,0,0,0,0,0,1,0,0,1.0
15000000.0,en,0.186401,68.0,Released,7.0,2,1948,3,0,0,0,0,1,0,0,0,0,0,0,0,0,1,0,0,0,1,0,0,1.0
26360000.0,en,0.053755,85.0,Released,5.0,1,2013,1,1,0,0,0,0,0,1,0,0,0,0,0,0,0,0,1,0,1,0,0,1.0
15000000.0,en,0.074005,106.0,Released,7.3,6,1971,3,0,0,0,0,1,0,0,0,0,0,0,1,0,0,0,0,0,0,0,0,1.0
100.0,en,0.394575,77.0,Released,5.5,2,2014,3,0,0,0,0,0,1,0,0,0,0,0,0,1,0,0,0,0,0,0,0,1.0
400000.0,en,0.020168,80.0,Released,6.4,4,2005,3,0,0,0,0,0,1,0,0,0,0,0,0,0,0,0,0,0,0,0,0,1.0
60000.0,en,27.788067,84.0,Released,7.1,586,1998,3,0,0,0,0,0,0,1,0,0,0,0,0,0,1,0,0,0,1,0,0,6.0
12000000.0,fr,0.020839,86.0,Released,6.0,1,1997,2,0,0,0,1,0,0,0,0,0,0,0,0,0,0,1,0,0,0,0,0,1.0
24000000.0,en,0.408073,87.0,Released,3.7,3,1998,3,0,0,0,1,0,0,0,0,0,0,0,0,0,0,1,0,0,0,0,0,1.0
75000.0,en,0.140989,90.0,Released,3.3,3,2015,3,0,0,0,0,0,0,0,0,0,0,0,0,0,0,0,1,0,0,0,0,1.0
65000.0,en,10.400603,100.0,Released,6.6,506,2004,3,0,0,0,1,0,1,1,0,0,0,0,0,0,0,0,0,0,0,0,0,4.0
25000000.0,en,0.838957,82.0,Released,4.5,11,2011,2,0,0,0,1,0,0,0,0,0,0,0,0,0,0,0,0,0,0,0,0,1.5
70000.0,en,7.052422,82.0,Released,5.2,58,2014,1,0,0,0,1,0,0,1,0,0,0,0,0,0,0,0,0,0,0,0,0,2.0
62000.0,en,2.407048,82.0,Released,4.4,32,1962,3,0,0,0,0,0,0,0,0,0,0,0,1,0,0,0,1,0,0,0,0,1.0
11500000.0,en,0.176377,75.0,Released,6.4,4,2014,3,0,0,0,0,0,0,1,0,0,0,0,0,0,0,0,0,0,0,0,0,1.0
13000000.0,en,0.620554,87.0,Released,6.7,10,2012,3,0,0,0,1,0,0,1,0,0,0,0,0,0,0,0,0,0,0,0,0,1.0
70000.0,en,6.328665,92.0,Released,5.8,121,2011,1,0,0,0,0,0,0,0,0,0,0,0,1,0,1,0,0,0,1,0,0,2.0
25000.0,en,1.578903,98.0,Released,6.3,23,1995,3,0,0,0,1,0,0,1,0,0,0,0,0,0,0,1,0,0,0,0,0,4.0
10000.0,en,0.833937,83.0,Released,6.0,42,2013,3,0,0,0,0,0,0,1,0,0,0,0,0,0,0,0,0,0,0,0,0,1.0
10000000.0,pt,0.557602,99.0,Released,6.0,2,1983,1,0,0,0,0,0,0,1,0,0,0,0,0,0,0,1,0,0,0,0,0,1.0
65000.0,en,2.380332,99.0,Released,5.6,59,2010,3,0,0,0,1,0,0,1,0,0,0,0,0,0,0,1,0,0,0,0,0,1.0
60000.0,en,0.412342,93.0,Released,5.1,6,2012,3,0,0,0,0,0,0,0,0,0,0,0,1,0,0,0,0,0,1,0,0,1.0
13000000.0,en,0.077577,110.0,Rumored,5.0,1,2006,2,0,0,0,1,0,0,1,1,0,0,0,0,0,0,0,0,0,0,0,0,1.0
50000.0,en,0.293587,111.0,Released,8.3,3,2015,3,0,0,0,0,0,1,0,0,0,0,0,0,0,0,0,0,0,0,0,0,1.0
50000.0,en,1.777148,47.0,Released,6.9,41,2005,3,0,0,0,0,0,0,0,0,1,0,0,1,0,0,0,0,0,1,0,0,1.0
775000.0,en,0.048726,93.0,Released,5.0,1,2013,3,0,0,0,0,0,1,0,0,0,0,0,0,0,0,0,0,0,0,0,0,1.0
4000000.0,en,27.662696,95.0,Released,5.8,631,2014,1,0,0,0,0,0,0,0,0,0,0,0,0,0,0,0,1,0,1,0,0,1.0
50000.0,en,0.54562,81.0,Released,5.7,3,2013,3,0,0,0,0,0,1,0,0,0,0,0,0,0,0,0,0,0,0,0,0,1.0
12000000.0,en,0.76368,83.0,Released,6.6,4,2013,3,0,0,0,0,0,0,1,0,0,0,0,0,0,0,0,0,0,0,0,0,1.0
12200000.0,en,0.970351,96.0,Released,6.8,2,2013,3,0,0,0,1,0,0,0,0,0,0,0,0,0,0,0,0,0,0,0,0,1.0
42000.0,en,2.058834,89.0,Released,6.4,36,2000,3,0,0,0,0,0,0,1,0,0,0,0,0,0,0,0,0,0,0,0,0,8.0
14000000.0,en,0.00734,90.0,Released,7.0,1,1999,2,0,0,0,1,0,0,0,0,0,0,0,0,0,0,1,0,0,0,0,0,1.0
16500000.0,en,0.049469,95.0,Released,2.0,1,2014,3,0,0,0,0,0,0,1,0,0,0,0,0,0,0,0,1,0,1,0,0,1.0
6000000.0,en,0.160779,83.0,Released,3.2,8,2011,3,0,0,0,0,0,0,0,0,0,0,0,1,0,0,0,0,0,0,0,0,2.0
1000000.0,en,3.277287,117.0,Released,7.9,64,1978,1,0,0,0,0,0,1,0,0,0,0,0,0,1,0,0,0,0,0,0,0,21.0
50000.0,en,0.595809,75.0,Released,3.5,2,2015,3,0,0,0,0,0,0,0,0,0,0,0,1,0,0,0,0,0,1,0,0,1.0
11750000.0,en,0.611081,80.0,Released,6.4,15,2009,2,0,0,0,0,0,0,1,0,0,0,0,0,0,0,1,0,0,0,0,0,1.0
27500000.0,en,0.003582,78.0,Released,0.0,0,2007,3,1,0,0,0,0,0,0,0,0,0,0,0,0,0,0,0,0,0,0,1,1.0
500000.0,en,0.123068,109.0,Released,6.1,8,2005,3,0,0,0,1,0,0,1,0,0,0,0,0,0,0,0,0,0,0,0,0,2.0
5000.0,en,0.056459,89.0,Released,0.0,0,2013,3,0,0,0,0,0,0,0,0,0,0,0,1,0,0,0,0,0,0,0,0,1.0
31192.0,en,1.330379,89.0,Released,6.3,26,2009,1,1,0,0,1,0,0,1,0,0,0,0,0,0,0,0,0,0,0,0,0,2.0
27000.0,en,19.748658,92.0,Released,7.4,755,1994,3,0,0,0,1,0,0,0,0,0,0,0,0,0,0,0,0,0,0,0,0,12.0
27000.0,en,0.027811,64.0,Released,6.0,9,1971,3,0,0,0,0,0,0,1,0,0,0,0,0,0,0,1,0,0,0,0,0,1.0
20000000.0,en,0.362633,85.0,Released,6.3,8,2002,1,0,0,0,1,0,0,1,0,0,0,0,0,0,0,0,0,0,0,0,0,2.0
25000.0,en,2.634007,97.0,Released,6.8,44,1997,3,0,0,0,1,0,0,1,0,0,0,0,0,0,0,0,0,0,0,0,0,3.0
20000000.0,en,0.039264,78.0,Released,5.5,2,2002,3,0,0,0,0,0,0,1,0,0,0,0,0,0,0,0,0,0,0,0,0,1.0
120.0,en,7.101197,85.0,Released,6.0,131,2009,3,1,0,0,0,1,0,1,0,0,0,0,0,0,0,0,0,0,1,0,0,5.0
23000.0,en,3.320622,97.0,Released,6.4,77,1990,3,0,0,0,1,0,0,0,0,0,0,0,0,0,0,0,0,0,0,0,0,11.0
4000000.0,en,0.038143,90.0,Released,0.0,0,2015,3,0,0,0,0,1,0,1,0,0,0,0,0,0,0,0,0,0,1,0,0,1.0
22000.0,en,0.048948,90.0,Released,6.0,1,2013,3,0,0,0,1,0,0,0,0,0,0,0,0,0,0,1,0,0,0,0,0,2.0
20000.0,en,1.048524,120.0,Released,6.8,19,2003,3,0,0,0,0,0,0,1,1,0,0,0,0,0,0,0,0,0,0,0,0,4.0
4000000.0,en,3.619167,91.0,Released,4.7,79,2015,1,0,0,0,0,0,0,0,0,0,0,0,1,0,0,0,0,0,1,0,0,1.0
15000.0,en,1.243955,85.0,Released,6.2,15,2005,3,0,0,0,1,0,0,1,0,0,0,0,0,0,0,1,0,0,0,0,0,4.0
11500000.0,en,0.327794,60.0,Released,0.0,0,2014,3,0,0,0,0,0,0,1,0,0,0,0,0,0,0,0,0,0,0,0,0,1.0
18000000.0,en,0.67457,88.0,Released,5.6,12,2009,3,0,0,0,1,0,0,0,0,0,0,0,0,0,0,1,0,0,0,0,0,1.0
20000.0,en,3.545991,78.0,Released,4.2,13,2011,3,0,0,0,0,0,0,0,0,0,0,0,0,0,0,0,1,0,1,0,0,2.0
12000.0,en,4.553644,93.0,Released,6.2,110,1972,3,0,0,0,1,1,0,0,0,0,0,0,1,0,0,0,0,0,0,0,0,3.0
20000000.0,en,1.464566,111.0,Released,6.7,17,2004,2,0,0,0,0,0,0,1,0,0,0,0,0,0,0,0,0,0,0,0,0,3.0
10000.0,fa,1.193779,90.0,Released,6.6,17,2000,3,0,0,0,0,0,0,1,0,0,1,0,0,0,0,0,0,0,0,0,0,1.0
13.0,en,0.332679,84.0,Released,2.0,1,2007,3,0,0,0,0,0,0,0,0,0,0,0,1,0,0,0,0,0,0,0,0,1.0
20000.0,ja,0.212443,111.0,Released,7.4,63,1997,3,0,0,0,0,1,0,0,0,0,0,0,1,0,1,0,0,0,1,0,0,1.0
20000000.0,en,0.029757,90.0,Released,6.0,2,2004,2,0,0,0,0,0,0,1,0,0,0,0,0,0,0,0,0,0,0,0,0,1.0
20000000.0,en,0.166513,82.0,Released,0.0,0,2012,3,0,0,0,1,0,0,0,0,0,0,0,1,0,0,0,0,0,1,0,0,1.0
15250000.0,en,0.918116,98.0,Released,6.0,1,1995,2,0,0,0,0,0,0,1,0,0,0,0,0,0,0,0,0,0,0,0,0,1.0
7000.0,en,23.307949,77.0,Released,6.9,658,2004,3,0,0,0,0,0,0,1,0,0,0,0,0,0,0,0,1,0,1,0,0,1.0
7.0,en,0.022173,80.0,Released,7.5,2,2005,3,0,0,0,0,0,0,0,0,0,1,0,0,0,0,0,0,0,1,0,0,1.0
220000.0,es,14.269792,81.0,Released,6.6,238,1992,3,1,0,0,0,1,0,0,0,0,0,0,0,0,0,0,0,0,1,0,0,17.0
9000.0,en,0.642552,85.0,Released,5.9,5,2011,1,0,0,0,1,0,0,0,0,0,0,0,0,0,0,1,0,0,0,0,0,4.0
12200000.0,en,1.444476,120.0,Released,7.0,6,2013,3,0,0,0,1,0,0,1,0,0,0,0,0,0,0,1,0,1,0,0,0,1.0
28500000.0,en,0.857008,98.0,Released,5.7,7,2012,3,0,0,0,1,0,0,1,0,0,0,0,0,0,0,1,0,0,0,0,0,1.0
400000.0,en,1.929883,90.0,Released,6.3,16,2005,3,0,0,0,0,0,1,0,0,0,0,0,0,0,0,0,0,0,0,0,0,1.6666666666666667
